#define IMAGE_128X128_LOGO_WIDTH 128
#define IMAGE_128X128_LOGO_HEIGHT 128
#define IMAGE_128X128_LOGO_FORMAT PIXELFORMAT_UNCOMPRESSED_R8G8B8A8

static unsigned char asset_image_128x128_logo[IMAGE_128X128_LOGO_WIDTH*IMAGE_128X128_LOGO_HEIGHT*4] = {
    0x00,0x00,0x00,0x00,0x00,0x00,0x00,0x00,0x00,0x00,0x00,0x00,0x00,0x00,0x00,
    0x00,0x00,0x00,0x00,0x00,0x00,0x00,0x00,0x00,0x00,0x00,0x00,0x00,0x00,0x00,
    0x00,0x00,0x00,0x00,0x00,0x00,0x00,0x00,0x00,0x00,0x00,0x00,0x00,0x00,0x00,
    0x00,0x00,0x00,0x00,0x00,0x00,0x00,0x00,0x00,0x00,0x00,0x00,0x00,0x00,0x00,
    0x00,0x00,0x00,0x00,0x00,0x00,0x00,0x00,0x00,0x00,0x00,0x00,0x00,0x00,0x00,
    0x00,0x00,0x00,0x00,0x00,0x00,0x00,0x00,0x00,0x00,0x00,0x00,0x00,0x00,0x00,
    0x00,0x00,0x00,0x00,0x00,0x00,0x00,0x00,0x00,0x00,0x00,0x00,0x00,0x00,0x00,
    0x00,0x00,0x00,0x00,0x00,0x00,0x00,0x00,0x00,0x00,0x00,0x00,0x00,0x00,0x00,
    0x00,0x00,0x00,0x00,0x00,0x00,0x00,0x00,0x00,0x00,0x00,0x00,0x00,0x00,0x00,
    0x00,0x00,0x00,0x00,0x00,0x00,0x00,0x00,0x00,0x00,0x00,0x00,0x00,0x00,0x00,
    0x00,0x00,0x00,0x00,0x00,0x00,0x00,0x00,0x00,0x00,0x00,0x00,0x00,0x00,0x00,
    0x00,0x00,0x00,0x00,0x00,0x00,0x00,0x00,0x00,0x00,0x00,0x00,0x00,0x00,0x00,
    0x00,0x00,0x00,0x00,0x00,0x00,0x00,0x00,0x00,0x00,0x00,0x00,0x00,0x00,0x00,
    0x00,0x00,0x00,0x00,0x00,0x00,0x00,0x00,0x00,0x00,0x00,0x00,0x00,0x00,0x00,
    0x00,0x00,0x00,0x00,0x00,0x00,0x00,0x00,0x00,0x00,0x00,0x00,0x00,0x00,0x00,
    0x00,0x00,0x00,0x00,0x00,0x00,0x00,0x00,0x00,0x00,0x00,0x00,0x00,0x00,0x00,
    0x00,0x00,0x00,0x00,0x00,0x00,0x00,0x00,0x00,0x00,0x00,0x00,0x00,0x00,0x00,
    0x00,0x00,0x00,0x00,0x00,0x00,0x00,0x00,0x00,0x00,0x00,0x00,0x00,0x00,0x00,
    0x00,0x00,0x00,0x00,0x00,0x00,0x00,0x00,0x00,0x00,0x00,0x00,0x00,0x00,0x00,
    0x00,0x00,0x00,0x00,0x00,0x00,0x00,0x00,0x00,0x00,0x00,0x00,0x00,0x00,0x00,
    0x00,0x00,0x00,0x00,0x00,0x00,0x00,0x00,0x00,0x00,0x00,0x00,0x00,0x00,0x00,
    0x00,0x00,0x00,0x00,0x00,0x00,0x00,0x00,0x00,0x00,0x00,0x00,0x00,0x00,0x00,
    0x00,0x00,0x00,0x00,0x00,0x00,0x00,0x00,0x00,0x00,0x00,0x00,0x00,0x00,0x00,
    0x00,0x00,0x00,0x00,0x00,0x00,0x00,0x00,0x00,0x00,0x00,0x00,0x00,0x00,0x00,
    0x00,0x00,0x00,0x00,0x00,0x00,0x00,0x00,0x00,0x00,0x00,0x00,0x00,0x00,0x00,
    0x00,0x00,0x00,0x00,0x00,0x00,0x00,0x00,0x00,0x00,0x00,0x00,0x00,0x00,0x00,
    0x00,0x00,0x00,0x00,0x00,0x00,0x00,0x00,0x00,0x00,0x00,0x00,0x00,0x00,0x00,
    0x00,0x00,0x00,0x00,0x00,0x00,0x00,0x00,0x00,0x00,0x00,0x00,0x00,0x00,0x00,
    0x00,0x00,0x00,0x00,0x00,0x00,0x00,0x00,0x00,0x00,0x00,0x00,0x00,0x00,0x00,
    0x00,0x00,0x00,0x00,0x00,0x00,0x00,0x00,0x00,0x00,0x00,0x00,0x00,0x00,0x00,
    0x00,0x00,0x00,0x00,0x00,0x00,0x00,0x00,0x00,0x00,0x00,0x00,0x00,0x00,0x00,
    0x00,0x00,0x00,0x00,0x00,0x00,0x00,0x00,0x00,0x00,0x00,0x00,0x00,0x00,0x00,
    0x00,0x00,0x00,0x00,0x00,0x00,0x00,0x00,0x00,0x00,0x00,0x00,0x00,0x00,0x00,
    0x00,0x00,0x00,0x00,0x00,0x00,0x00,0x00,0x00,0x00,0x00,0x00,0x00,0x00,0x00,
    0x00,0x00,0x00,0x00,0x00,0x00,0x00,0x00,0x00,0x00,0x00,0x00,0x00,0x00,0x00,
    0x00,0x00,0x00,0x00,0x00,0x00,0x00,0x00,0x00,0x00,0x00,0x00,0x00,0x00,0x00,
    0x00,0x00,0x00,0x00,0x00,0x00,0x00,0x00,0x00,0x00,0x00,0x00,0x00,0x00,0x00,
    0x00,0x00,0x00,0x00,0x00,0x00,0x00,0x00,0x00,0x00,0x00,0x00,0x00,0x00,0x00,
    0x00,0x00,0x00,0x00,0x00,0x00,0x00,0x00,0x00,0x00,0x00,0x00,0x00,0x00,0x00,
    0x00,0x00,0x00,0x00,0x00,0x00,0x00,0x00,0x00,0x00,0x00,0x00,0x00,0x00,0x00,
    0x00,0x00,0x00,0x00,0x00,0x00,0x00,0x00,0x00,0x00,0x00,0x00,0x00,0x00,0x00,
    0x00,0x00,0x00,0x00,0x00,0x00,0x00,0x00,0x00,0x00,0x00,0x00,0x00,0x00,0x00,
    0x00,0x00,0x00,0x00,0x00,0x00,0x15,0x15,0x15,0x01,0x06,0x06,0x06,0x6B,0x12,
    0x12,0x12,0x02,0x00,0x00,0x00,0x00,0x00,0x00,0x00,0x00,0x00,0x00,0x00,0x00,
    0x00,0x00,0x00,0x00,0x00,0x00,0x00,0x00,0x00,0x00,0x00,0x00,0x00,0x00,0x00,
    0x00,0x00,0x00,0x00,0x00,0x00,0x00,0x00,0x00,0x00,0x00,0x00,0x00,0x00,0x00,
    0x00,0x00,0x00,0x00,0x00,0x00,0x00,0x00,0x00,0x00,0x00,0x00,0x00,0x00,0x00,
    0x00,0x00,0x00,0x00,0x00,0x00,0x00,0x00,0x00,0x00,0x00,0x00,0x00,0x00,0x00,
    0x00,0x00,0x00,0x00,0x00,0x00,0x00,0x00,0x00,0x00,0x00,0x00,0x00,0x00,0x00,
    0x00,0x00,0x00,0x00,0x00,0x00,0x00,0x00,0x00,0x00,0x00,0x00,0x00,0x00,0x00,
    0x00,0x00,0x00,0x00,0x00,0x00,0x00,0x00,0x00,0x00,0x00,0x00,0x00,0x00,0x00,
    0x00,0x00,0x00,0x00,0x00,0x00,0x00,0x00,0x00,0x00,0x00,0x00,0x00,0x00,0x00,
    0x00,0x00,0x00,0x00,0x00,0x00,0x00,0x00,0x00,0x00,0x00,0x00,0x00,0x00,0x00,
    0x00,0x00,0x00,0x00,0x00,0x00,0x00,0x00,0x00,0x00,0x00,0x00,0x00,0x00,0x00,
    0x00,0x00,0x00,0x00,0x00,0x00,0x00,0x00,0x00,0x00,0x00,0x00,0x00,0x00,0x00,
    0x00,0x00,0x00,0x00,0x00,0x00,0x00,0x00,0x00,0x00,0x00,0x00,0x00,0x00,0x00,
    0x00,0x00,0x00,0x00,0x00,0x00,0x00,0x00,0x00,0x00,0x00,0x00,0x00,0x00,0x00,
    0x00,0x00,0x00,0x00,0x00,0x00,0x00,0x00,0x00,0x00,0x00,0x00,0x00,0x00,0x00,
    0x00,0x00,0x00,0x00,0x00,0x00,0x00,0x00,0x00,0x00,0x00,0x00,0x00,0x00,0x00,
    0x00,0x00,0x00,0x0F,0x0F,0x0F,0x01,0x06,0x06,0x06,0x47,0x00,0x00,0x00,0x00,
    0x00,0x00,0x00,0x00,0x00,0x00,0x00,0x00,0x00,0x00,0x00,0x00,0x00,0x00,0x00,
    0x00,0x00,0x00,0x00,0x00,0x00,0x00,0x00,0x00,0x00,0x00,0x00,0x00,0x00,0x00,
    0x00,0x00,0x00,0x00,0x00,0x00,0x00,0x00,0x00,0x00,0x00,0x00,0x00,0x00,0x00,
    0x00,0x00,0x00,0x00,0x00,0x00,0x00,0x00,0x00,0x00,0x00,0x00,0x00,0x00,0x00,
    0x00,0x00,0x00,0x00,0x00,0x00,0x00,0x00,0x00,0x00,0x00,0x00,0x00,0x00,0x00,
    0x00,0x00,0x00,0x00,0x00,0x00,0x00,0x00,0x00,0x00,0x00,0x00,0x00,0x00,0x00,
    0x00,0x00,0x00,0x00,0x00,0x00,0x00,0x00,0x00,0x00,0x00,0x00,0x00,0x00,0x00,
    0x00,0x00,0x00,0x00,0x00,0x00,0x00,0x00,0x00,0x00,0x00,0x00,0x00,0x00,0x00,
    0x00,0x00,0x00,0x00,0x00,0x00,0x00,0x00,0x00,0x00,0x00,0x00,0x00,0x00,0x00,
    0x00,0x00,0x00,0x00,0x00,0x00,0x00,0x00,0x00,0x00,0x00,0x00,0x00,0x00,0x00,
    0x00,0x00,0x00,0x00,0x00,0x00,0x00,0x00,0x00,0x00,0x00,0x00,0x00,0x00,0x00,
    0x00,0x00,0x00,0x00,0x00,0x00,0x00,0x00,0x00,0x00,0x00,0x00,0x00,0x00,0x00,
    0x00,0x00,0x00,0x00,0x00,0x00,0x00,0x00,0x00,0x00,0x00,0x00,0x00,0x00,0x00,
    0x00,0x00,0x00,0x00,0x00,0x00,0x00,0x00,0x00,0x00,0x00,0x00,0x00,0x00,0x00,
    0x00,0x00,0x00,0x00,0x00,0x00,0x00,0x00,0x00,0x00,0x00,0x00,0x00,0x00,0x00,
    0x00,0x00,0x00,0x00,0x00,0x00,0x00,0x00,0x00,0x00,0x00,0x00,0x00,0x00,0x00,
    0x00,0x00,0x00,0x00,0x00,0x00,0x00,0x00,0x04,0x04,0x04,0x39,0x00,0x00,0x00,
    0xF8,0x06,0x06,0x06,0x6E,0x00,0x00,0x00,0x00,0x00,0x00,0x00,0x00,0x00,0x00,
    0x00,0x00,0x00,0x00,0x00,0x00,0x00,0x00,0x00,0x00,0x00,0x00,0x00,0x00,0x00,
    0x00,0x00,0x00,0x00,0x00,0x00,0x00,0x00,0x00,0x00,0x00,0x00,0x00,0x00,0x00,
    0x00,0x00,0x00,0x00,0x00,0x00,0x00,0x00,0x00,0x00,0x00,0x00,0x00,0x00,0x00,
    0x00,0x00,0x00,0x00,0x00,0x00,0x00,0x00,0x00,0x00,0x00,0x00,0x00,0x00,0x00,
    0x00,0x00,0x00,0x00,0x00,0x00,0x00,0x00,0x00,0x00,0x00,0x00,0x00,0x00,0x00,
    0x00,0x00,0x00,0x00,0x00,0x00,0x00,0x00,0x00,0x00,0x00,0x00,0x00,0x00,0x00,
    0x00,0x00,0x00,0x00,0x00,0x00,0x00,0x00,0x00,0x00,0x00,0x00,0x00,0x00,0x00,
    0x00,0x00,0x00,0x00,0x00,0x00,0x00,0x00,0x00,0x00,0x00,0x00,0x00,0x00,0x00,
    0x00,0x00,0x00,0x00,0x00,0x00,0x00,0x00,0x00,0x00,0x00,0x00,0x00,0x00,0x00,
    0x00,0x00,0x00,0x00,0x00,0x00,0x00,0x00,0x00,0x00,0x00,0x00,0x00,0x00,0x00,
    0x00,0x00,0x00,0x00,0x00,0x00,0x00,0x00,0x00,0x00,0x00,0x00,0x00,0x00,0x00,
    0x00,0x00,0x00,0x00,0x00,0x00,0x00,0x00,0x00,0x00,0x00,0x00,0x00,0x00,0x00,
    0x00,0x00,0x00,0x00,0x00,0x00,0x00,0x00,0x00,0x00,0x00,0x00,0x00,0x00,0x00,
    0x00,0x00,0x00,0x00,0x00,0x00,0x00,0x00,0x00,0x00,0x00,0x00,0x00,0x00,0x00,
    0x00,0x00,0x00,0x00,0x00,0x00,0x00,0x00,0x00,0x00,0x00,0x00,0x00,0x00,0x00,
    0x00,0x00,0x00,0x00,0x00,0x06,0x06,0x06,0x5F,0x00,0x00,0x00,0xF3,0x06,0x06,
    0x06,0x23,0x00,0x00,0x00,0x00,0x00,0x00,0x00,0x00,0x00,0x00,0x00,0x00,0x00,
    0x00,0x00,0x00,0x00,0x00,0x00,0x00,0x00,0x00,0x00,0x00,0x00,0x00,0x00,0x00,
    0x00,0x00,0x00,0x00,0x00,0x00,0x00,0x00,0x00,0x00,0x00,0x00,0x00,0x00,0x00,
    0x00,0x00,0x00,0x00,0x00,0x00,0x00,0x00,0x00,0x00,0x00,0x00,0x00,0x00,0x00,
    0x00,0x00,0x00,0x00,0x00,0x00,0x00,0x00,0x00,0x00,0x00,0x00,0x00,0x00,0x00,
    0x00,0x00,0x00,0x00,0x00,0x00,0x00,0x00,0x00,0x00,0x00,0x00,0x00,0x00,0x00,
    0x00,0x00,0x00,0x00,0x00,0x00,0x00,0x00,0x00,0x00,0x00,0x00,0x00,0x00,0x00,
    0x00,0x00,0x00,0x00,0x00,0x00,0x00,0x00,0x00,0x00,0x00,0x00,0x00,0x00,0x00,
    0x00,0x00,0x00,0x00,0x00,0x00,0x00,0x00,0x00,0x00,0x00,0x00,0x00,0x00,0x00,
    0x00,0x00,0x00,0x00,0x00,0x00,0x00,0x00,0x00,0x00,0x00,0x00,0x00,0x00,0x00,
    0x00,0x00,0x00,0x00,0x00,0x00,0x00,0x00,0x00,0x00,0x00,0x00,0x00,0x00,0x00,
    0x00,0x00,0x00,0x00,0x00,0x00,0x00,0x00,0x00,0x00,0x00,0x00,0x00,0x00,0x00,
    0x00,0x00,0x00,0x00,0x00,0x00,0x00,0x00,0x00,0x00,0x00,0x00,0x00,0x00,0x00,
    0x00,0x00,0x00,0x00,0x00,0x00,0x00,0x00,0x00,0x00,0x00,0x00,0x00,0x00,0x00,
    0x00,0x00,0x00,0x00,0x00,0x00,0x00,0x00,0x00,0x00,0x00,0x00,0x00,0x00,0x00,
    0x00,0x00,0x00,0x00,0x00,0x00,0x00,0x00,0x00,0x00,0x00,0x00,0x00,0x00,0x00,
    0x00,0x00,0x00,0x00,0x00,0x00,0x0F,0x0F,0x0F,0x04,0x09,0x09,0x09,0xD4,0x01,
    0x01,0x01,0xFF,0x00,0x00,0x00,0xF7,0x07,0x07,0x07,0x36,0x00,0x00,0x00,0x00,
    0x00,0x00,0x00,0x00,0x00,0x00,0x00,0x00,0x00,0x00,0x00,0x00,0x00,0x00,0x00,
    0x00,0x00,0x00,0x00,0x00,0x00,0x00,0x00,0x00,0x00,0x00,0x00,0x00,0x00,0x00,
    0x00,0x00,0x00,0x00,0x00,0x00,0x00,0x00,0x00,0x00,0x00,0x00,0x00,0x00,0x00,
    0x00,0x00,0x00,0x00,0x00,0x00,0x00,0x00,0x00,0x00,0x00,0x00,0x00,0x00,0x00,
    0x00,0x00,0x00,0x00,0x00,0x00,0x00,0x00,0x00,0x00,0x00,0x00,0x00,0x00,0x00,
    0x00,0x00,0x00,0x00,0x00,0x00,0x00,0x00,0x00,0x00,0x00,0x00,0x00,0x00,0x00,
    0x00,0x00,0x00,0x00,0x00,0x00,0x00,0x00,0x00,0x00,0x00,0x00,0x00,0x00,0x00,
    0x00,0x00,0x00,0x00,0x00,0x00,0x00,0x00,0x00,0x00,0x00,0x00,0x00,0x00,0x00,
    0x00,0x00,0x00,0x00,0x00,0x00,0x00,0x00,0x00,0x00,0x00,0x00,0x00,0x00,0x00,
    0x00,0x00,0x00,0x00,0x00,0x00,0x00,0x00,0x00,0x00,0x00,0x00,0x00,0x00,0x00,
    0x00,0x00,0x00,0x00,0x00,0x00,0x00,0x00,0x00,0x00,0x00,0x00,0x00,0x00,0x00,
    0x00,0x00,0x00,0x00,0x00,0x00,0x00,0x00,0x00,0x00,0x00,0x00,0x00,0x00,0x00,
    0x00,0x00,0x00,0x00,0x00,0x00,0x00,0x00,0x00,0x00,0x00,0x00,0x00,0x00,0x00,
    0x00,0x00,0x00,0x00,0x00,0x00,0x00,0x00,0x00,0x00,0x00,0x00,0x00,0x00,0x00,
    0x00,0x00,0x00,0x00,0x00,0x00,0x00,0x00,0x00,0x00,0x00,0x00,0x00,0x00,0x00,
    0x00,0x00,0x00,0x08,0x08,0x08,0x2B,0x00,0x00,0x00,0xF5,0x01,0x01,0x01,0xFF,
    0x0A,0x0A,0x0A,0xB8,0x0C,0x0C,0x0C,0x01,0x00,0x00,0x00,0x00,0x00,0x00,0x00,
    0x00,0x00,0x00,0x00,0x00,0x00,0x00,0x00,0x00,0x00,0x00,0x00,0x00,0x00,0x00,
    0x00,0x00,0x00,0x00,0x00,0x00,0x00,0x00,0x00,0x00,0x00,0x00,0x00,0x00,0x00,
    0x00,0x00,0x00,0x00,0x00,0x00,0x00,0x00,0x00,0x00,0x00,0x00,0x00,0x00,0x00,
    0x00,0x00,0x00,0x00,0x00,0x00,0x00,0x00,0x00,0x00,0x00,0x00,0x00,0x00,0x00,
    0x00,0x00,0x00,0x00,0x00,0x00,0x00,0x00,0x00,0x00,0x00,0x00,0x00,0x00,0x00,
    0x00,0x00,0x00,0x00,0x00,0x00,0x00,0x00,0x00,0x00,0x00,0x00,0x00,0x00,0x00,
    0x00,0x00,0x00,0x00,0x00,0x00,0x00,0x00,0x00,0x00,0x00,0x00,0x00,0x00,0x00,
    0x00,0x00,0x00,0x00,0x00,0x00,0x00,0x00,0x00,0x00,0x00,0x00,0x00,0x00,0x00,
    0x00,0x00,0x00,0x00,0x00,0x00,0x00,0x00,0x00,0x00,0x00,0x00,0x00,0x00,0x00,
    0x00,0x00,0x00,0x00,0x00,0x00,0x00,0x00,0x00,0x00,0x00,0x00,0x00,0x00,0x00,
    0x00,0x00,0x00,0x00,0x00,0x00,0x00,0x00,0x00,0x00,0x00,0x00,0x00,0x00,0x00,
    0x00,0x00,0x00,0x00,0x00,0x00,0x00,0x00,0x00,0x00,0x00,0x00,0x00,0x00,0x00,
    0x00,0x00,0x00,0x00,0x00,0x00,0x00,0x00,0x00,0x00,0x00,0x00,0x00,0x00,0x00,
    0x00,0x00,0x00,0x00,0x00,0x00,0x00,0x00,0x00,0x00,0x00,0x00,0x00,0x00,0x00,
    0x00,0x00,0x00,0x00,0x00,0x00,0x00,0x00,0x00,0x00,0x00,0x00,0x00,0x00,0x00,
    0x00,0x00,0x00,0x00,0x00,0x00,0x00,0x00,0x04,0x04,0x04,0x51,0x01,0x01,0x01,
    0xFD,0x09,0x09,0x09,0xFF,0x00,0x00,0x00,0xFF,0x02,0x02,0x02,0xE9,0x0C,0x0C,
    0x0C,0x13,0x00,0x00,0x00,0x00,0x00,0x00,0x00,0x00,0x00,0x00,0x00,0x00,0x00,
    0x00,0x00,0x00,0x00,0x00,0x00,0x00,0x00,0x00,0x00,0x00,0x00,0x00,0x00,0x00,
    0x00,0x00,0x00,0x00,0x00,0x00,0x00,0x00,0x00,0x00,0x00,0x00,0x00,0x00,0x00,
    0x00,0x00,0x00,0x00,0x00,0x00,0x00,0x00,0x00,0x00,0x00,0x00,0x00,0x00,0x00,
    0x00,0x00,0x00,0x00,0x00,0x00,0x00,0x00,0x00,0x00,0x00,0x00,0x00,0x00,0x00,
    0x00,0x00,0x00,0x00,0x00,0x00,0x00,0x00,0x00,0x00,0x00,0x00,0x00,0x00,0x00,
    0x00,0x00,0x00,0x00,0x00,0x00,0x00,0x00,0x00,0x00,0x00,0x00,0x00,0x00,0x00,
    0x00,0x00,0x00,0x00,0x00,0x00,0x00,0x00,0x00,0x00,0x00,0x00,0x00,0x00,0x00,
    0x00,0x00,0x00,0x00,0x00,0x00,0x00,0x00,0x00,0x00,0x00,0x00,0x00,0x00,0x00,
    0x00,0x00,0x00,0x00,0x00,0x00,0x00,0x00,0x00,0x00,0x00,0x00,0x00,0x00,0x00,
    0x00,0x00,0x00,0x00,0x00,0x00,0x00,0x00,0x00,0x00,0x00,0x00,0x00,0x00,0x00,
    0x00,0x00,0x00,0x00,0x00,0x00,0x00,0x00,0x00,0x00,0x00,0x00,0x00,0x00,0x00,
    0x00,0x00,0x00,0x00,0x00,0x00,0x00,0x00,0x00,0x00,0x00,0x00,0x00,0x00,0x00,
    0x00,0x00,0x00,0x00,0x00,0x00,0x00,0x00,0x00,0x00,0x00,0x00,0x00,0x00,0x00,
    0x00,0x00,0x00,0x00,0x00,0x00,0x00,0x00,0x00,0x00,0x00,0x00,0x00,0x00,0x00,
    0x00,0x09,0x09,0x09,0x0E,0x02,0x02,0x02,0xDF,0x00,0x00,0x00,0xFF,0x08,0x08,
    0x08,0xFF,0x01,0x01,0x01,0xFB,0x05,0x05,0x05,0x37,0x00,0x00,0x00,0x00,0x00,
    0x00,0x00,0x00,0x00,0x00,0x00,0x00,0x00,0x00,0x00,0x00,0x00,0x00,0x00,0x00,
    0x00,0x00,0x00,0x00,0x00,0x00,0x00,0x00,0x00,0x00,0x00,0x00,0x00,0x00,0x00,
    0x00,0x00,0x00,0x00,0x00,0x00,0x00,0x00,0x00,0x00,0x00,0x00,0x00,0x00,0x00,
    0x00,0x00,0x00,0x00,0x00,0x00,0x00,0x00,0x00,0x00,0x00,0x00,0x00,0x00,0x00,
    0x00,0x00,0x00,0x00,0x00,0x00,0x00,0x00,0x00,0x00,0x00,0x00,0x00,0x00,0x00,
    0x00,0x00,0x00,0x00,0x00,0x00,0x00,0x00,0x00,0x00,0x00,0x00,0x00,0x00,0x00,
    0x00,0x00,0x00,0x00,0x00,0x00,0x00,0x00,0x00,0x00,0x00,0x00,0x00,0x00,0x00,
    0x00,0x00,0x00,0x00,0x00,0x00,0x00,0x00,0x00,0x00,0x00,0x00,0x00,0x00,0x00,
    0x00,0x00,0x00,0x00,0x00,0x00,0x00,0x00,0x00,0x00,0x00,0x00,0x00,0x00,0x00,
    0x00,0x00,0x00,0x00,0x00,0x00,0x00,0x00,0x00,0x00,0x00,0x00,0x00,0x00,0x00,
    0x00,0x00,0x00,0x00,0x00,0x00,0x00,0x00,0x00,0x00,0x00,0x00,0x00,0x00,0x00,
    0x00,0x00,0x00,0x00,0x00,0x00,0x00,0x00,0x00,0x00,0x00,0x00,0x00,0x00,0x00,
    0x00,0x00,0x00,0x00,0x00,0x00,0x00,0x00,0x00,0x00,0x00,0x00,0x00,0x00,0x00,
    0x00,0x00,0x00,0x00,0x00,0x00,0x00,0x00,0x00,0x00,0x00,0x00,0x00,0x00,0x00,
    0x00,0x00,0x00,0x00,0x00,0x00,0x00,0x00,0x00,0x00,0x00,0x00,0x00,0x00,0x00,
    0x00,0x00,0x00,0x00,0x00,0x00,0x06,0x06,0x06,0x06,0x01,0x01,0x01,0xDF,0x00,
    0x00,0x00,0xFF,0x04,0x04,0x04,0xFF,0x06,0x06,0x06,0xFF,0x00,0x00,0x00,0xFF,
    0x03,0x03,0x03,0xC0,0x0D,0x0D,0x0D,0x05,0x00,0x00,0x00,0x00,0x00,0x00,0x00,
    0x00,0x00,0x00,0x00,0x00,0x00,0x00,0x00,0x00,0x00,0x00,0x00,0x00,0x00,0x00,
    0x00,0x00,0x00,0x00,0x00,0x00,0x00,0x00,0x00,0x00,0x00,0x00,0x00,0x00,0x00,
    0x00,0x00,0x00,0x00,0x00,0x00,0x00,0x00,0x00,0x00,0x00,0x00,0x00,0x00,0x00,
    0x00,0x00,0x00,0x00,0x00,0x00,0x00,0x00,0x00,0x00,0x00,0x00,0x00,0x00,0x00,
    0x00,0x00,0x00,0x00,0x00,0x00,0x00,0x00,0x00,0x00,0x00,0x00,0x00,0x00,0x00,
    0x00,0x00,0x00,0x00,0x00,0x00,0x00,0x00,0x00,0x00,0x00,0x00,0x00,0x00,0x00,
    0x00,0x00,0x00,0x00,0x00,0x00,0x00,0x00,0x00,0x00,0x00,0x00,0x00,0x00,0x00,
    0x00,0x00,0x00,0x00,0x00,0x00,0x00,0x00,0x00,0x00,0x00,0x00,0x00,0x00,0x00,
    0x00,0x00,0x00,0x00,0x00,0x00,0x00,0x00,0x00,0x00,0x00,0x00,0x00,0x00,0x00,
    0x00,0x00,0x00,0x00,0x00,0x00,0x00,0x00,0x00,0x00,0x00,0x00,0x00,0x00,0x00,
    0x00,0x00,0x00,0x00,0x00,0x00,0x00,0x00,0x00,0x00,0x00,0x00,0x00,0x00,0x00,
    0x00,0x00,0x00,0x00,0x00,0x00,0x00,0x00,0x00,0x00,0x00,0x00,0x00,0x00,0x00,
    0x00,0x00,0x00,0x00,0x00,0x00,0x00,0x00,0x00,0x00,0x00,0x00,0x00,0x00,0x00,
    0x00,0x00,0x00,0x00,0x00,0x00,0x00,0x00,0x00,0x00,0x00,0x00,0x00,0x00,0x09,
    0x09,0x09,0x03,0x02,0x02,0x02,0xB2,0x00,0x00,0x00,0xFF,0x05,0x05,0x05,0xFF,
    0x04,0x04,0x04,0xFF,0x00,0x00,0x00,0xFF,0x01,0x01,0x01,0xC9,0x09,0x09,0x09,
    0x02,0x00,0x00,0x00,0x00,0x00,0x00,0x00,0x00,0x00,0x00,0x00,0x00,0x00,0x00,
    0x00,0x00,0x00,0x00,0x00,0x00,0x00,0x00,0x00,0x00,0x00,0x00,0x00,0x00,0x00,
    0x00,0x00,0x00,0x00,0x00,0x00,0x00,0x00,0x00,0x00,0x00,0x00,0x00,0x00,0x00,
    0x00,0x00,0x00,0x00,0x00,0x00,0x00,0x00,0x00,0x00,0x00,0x00,0x00,0x00,0x00,
    0x00,0x00,0x00,0x00,0x00,0x00,0x00,0x00,0x00,0x00,0x00,0x00,0x00,0x00,0x00,
    0x00,0x00,0x00,0x00,0x00,0x00,0x00,0x00,0x00,0x00,0x00,0x00,0x00,0x00,0x00,
    0x00,0x00,0x00,0x00,0x00,0x00,0x00,0x00,0x00,0x00,0x00,0x00,0x00,0x00,0x00,
    0x00,0x00,0x00,0x00,0x00,0x00,0x00,0x00,0x00,0x00,0x00,0x00,0x00,0x00,0x00,
    0x00,0x00,0x00,0x00,0x00,0x00,0x00,0x00,0x00,0x00,0x00,0x00,0x00,0x00,0x00,
    0x00,0x00,0x00,0x00,0x00,0x00,0x00,0x00,0x00,0x00,0x00,0x00,0x00,0x00,0x00,
    0x00,0x00,0x00,0x00,0x00,0x00,0x00,0x00,0x00,0x00,0x00,0x00,0x00,0x00,0x00,
    0x00,0x00,0x00,0x00,0x00,0x00,0x00,0x00,0x00,0x00,0x00,0x00,0x00,0x00,0x00,
    0x00,0x00,0x00,0x00,0x00,0x00,0x00,0x00,0x00,0x00,0x00,0x00,0x00,0x00,0x00,
    0x00,0x00,0x00,0x00,0x00,0x00,0x00,0x00,0x00,0x00,0x00,0x00,0x00,0x00,0x00,
    0x00,0x00,0x00,0x00,0x00,0x00,0x00,0x00,0x00,0x00,0x00,0x00,0x00,0x00,0x00,
    0x00,0x00,0x00,0x00,0x00,0x00,0x00,0x00,0x02,0x02,0x02,0x61,0x00,0x00,0x00,
    0xFE,0x00,0x00,0x00,0xFF,0x00,0x00,0x00,0xFF,0x06,0x06,0x06,0xFF,0x0E,0x0E,
    0x0E,0xFF,0x1B,0x1B,0x1B,0xFE,0x03,0x03,0x03,0x84,0x00,0x00,0x00,0x00,0x00,
    0x00,0x00,0x00,0x00,0x00,0x00,0x00,0x00,0x00,0x00,0x00,0x00,0x00,0x00,0x00,
    0x00,0x00,0x00,0x00,0x00,0x00,0x00,0x00,0x00,0x00,0x00,0x00,0x00,0x00,0x00,
    0x00,0x00,0x00,0x00,0x00,0x00,0x00,0x00,0x00,0x00,0x00,0x00,0x00,0x00,0x00,
    0x00,0x00,0x00,0x00,0x00,0x00,0x00,0x00,0x00,0x00,0x00,0x00,0x00,0x00,0x00,
    0x00,0x00,0x00,0x00,0x00,0x00,0x00,0x00,0x00,0x00,0x00,0x00,0x00,0x00,0x00,
    0x00,0x00,0x00,0x00,0x00,0x00,0x00,0x00,0x00,0x00,0x00,0x00,0x00,0x00,0x00,
    0x00,0x00,0x00,0x00,0x00,0x00,0x00,0x00,0x00,0x00,0x00,0x00,0x00,0x00,0x00,
    0x00,0x00,0x00,0x00,0x00,0x00,0x00,0x00,0x00,0x00,0x00,0x00,0x00,0x00,0x00,
    0x00,0x00,0x00,0x00,0x00,0x00,0x00,0x00,0x00,0x00,0x00,0x00,0x00,0x00,0x00,
    0x00,0x00,0x00,0x00,0x00,0x00,0x00,0x00,0x00,0x00,0x00,0x00,0x00,0x00,0x00,
    0x00,0x00,0x00,0x00,0x00,0x00,0x00,0x00,0x00,0x00,0x00,0x00,0x00,0x00,0x00,
    0x00,0x00,0x00,0x00,0x00,0x00,0x00,0x00,0x00,0x00,0x00,0x00,0x00,0x00,0x00,
    0x00,0x00,0x00,0x00,0x00,0x00,0x00,0x00,0x00,0x00,0x00,0x00,0x00,0x00,0x00,
    0x00,0x00,0x00,0x00,0x00,0x00,0x00,0x00,0x00,0x00,0x00,0x00,0x00,0x00,0x00,
    0x00,0x05,0x05,0x05,0x76,0x13,0x13,0x13,0xFD,0x07,0x07,0x07,0xFF,0x07,0x07,
    0x07,0xFF,0x00,0x00,0x00,0xFF,0x00,0x00,0x00,0xFF,0x00,0x00,0x00,0xFC,0x04,
    0x04,0x04,0x45,0x00,0x00,0x00,0x00,0x00,0x00,0x00,0x00,0x00,0x00,0x00,0x00,
    0x00,0x00,0x00,0x00,0x00,0x00,0x00,0x00,0x00,0x00,0x00,0x00,0x00,0x00,0x00,
    0x00,0x00,0x00,0x00,0x00,0x00,0x00,0x00,0x00,0x00,0x00,0x00,0x00,0x00,0x00,
    0x00,0x00,0x00,0x00,0x00,0x00,0x00,0x00,0x00,0x00,0x00,0x00,0x00,0x00,0x00,
    0x00,0x00,0x00,0x00,0x00,0x00,0x00,0x00,0x00,0x00,0x00,0x00,0x00,0x00,0x00,
    0x00,0x00,0x00,0x00,0x00,0x00,0x00,0x00,0x00,0x00,0x00,0x00,0x00,0x00,0x00,
    0x00,0x00,0x00,0x00,0x00,0x00,0x00,0x00,0x00,0x00,0x00,0x00,0x00,0x00,0x00,
    0x00,0x00,0x00,0x00,0x00,0x00,0x00,0x00,0x00,0x00,0x00,0x00,0x00,0x00,0x00,
    0x00,0x00,0x00,0x00,0x00,0x00,0x00,0x00,0x00,0x00,0x00,0x00,0x00,0x00,0x00,
    0x00,0x00,0x00,0x00,0x00,0x00,0x00,0x00,0x00,0x00,0x00,0x00,0x00,0x00,0x00,
    0x00,0x00,0x00,0x00,0x00,0x00,0x00,0x00,0x00,0x00,0x00,0x00,0x00,0x00,0x00,
    0x00,0x00,0x00,0x00,0x00,0x00,0x00,0x00,0x00,0x00,0x00,0x00,0x00,0x00,0x00,
    0x00,0x00,0x00,0x00,0x00,0x00,0x00,0x00,0x00,0x00,0x00,0x00,0x00,0x00,0x00,
    0x00,0x00,0x00,0x00,0x00,0x00,0x00,0x00,0x00,0x00,0x00,0x00,0x00,0x00,0x00,
    0x00,0x00,0x00,0x00,0x00,0x00,0x00,0x00,0x00,0x00,0x00,0x00,0x00,0x00,0x00,
    0x00,0x00,0x00,0x00,0x00,0x00,0x07,0x07,0x07,0x0C,0x01,0x01,0x01,0xEA,0x00,
    0x00,0x00,0xFF,0x00,0x00,0x00,0xFF,0x00,0x00,0x00,0xFF,0x01,0x03,0x02,0xFF,
    0x3D,0x51,0x47,0xFF,0x50,0x52,0x51,0xFF,0x11,0x11,0x11,0xFA,0x07,0x07,0x07,
    0x44,0x00,0x00,0x00,0x00,0x00,0x00,0x00,0x00,0x00,0x00,0x00,0x00,0x00,0x00,
    0x00,0x00,0x00,0x00,0x00,0x00,0x00,0x00,0x00,0x00,0x00,0x00,0x00,0x00,0x00,
    0x00,0x00,0x00,0x00,0x00,0x00,0x00,0x00,0x00,0x00,0x00,0x00,0x00,0x00,0x00,
    0x00,0x00,0x00,0x00,0x00,0x00,0x00,0x00,0x00,0x00,0x00,0x00,0x00,0x00,0x00,
    0x00,0x00,0x00,0x00,0x00,0x00,0x00,0x00,0x00,0x00,0x00,0x00,0x00,0x00,0x00,
    0x00,0x00,0x00,0x00,0x00,0x00,0x00,0x00,0x00,0x00,0x00,0x00,0x00,0x00,0x00,
    0x00,0x00,0x00,0x00,0x00,0x00,0x00,0x00,0x00,0x00,0x00,0x00,0x00,0x00,0x00,
    0x00,0x00,0x00,0x00,0x00,0x00,0x00,0x00,0x00,0x00,0x00,0x00,0x00,0x00,0x00,
    0x00,0x00,0x00,0x00,0x00,0x00,0x00,0x00,0x00,0x00,0x00,0x00,0x00,0x00,0x00,
    0x00,0x00,0x00,0x00,0x00,0x00,0x00,0x00,0x00,0x00,0x00,0x00,0x00,0x00,0x00,
    0x00,0x00,0x00,0x00,0x00,0x00,0x00,0x00,0x00,0x00,0x00,0x00,0x00,0x00,0x00,
    0x00,0x00,0x00,0x00,0x00,0x00,0x00,0x00,0x00,0x00,0x00,0x00,0x00,0x00,0x00,
    0x00,0x00,0x00,0x00,0x00,0x00,0x00,0x00,0x00,0x00,0x00,0x00,0x00,0x00,0x00,
    0x00,0x00,0x00,0x00,0x00,0x00,0x00,0x00,0x00,0x00,0x00,0x00,0x00,0x00,0x08,
    0x08,0x08,0x38,0x0D,0x0D,0x0D,0xF8,0x4E,0x4F,0x4E,0xFF,0x35,0x43,0x3D,0xFF,
    0x01,0x01,0x01,0xFF,0x00,0x00,0x00,0xFF,0x00,0x00,0x00,0xFF,0x00,0x00,0x00,
    0xFF,0x01,0x01,0x01,0xD7,0x08,0x08,0x08,0x05,0x00,0x00,0x00,0x00,0x00,0x00,
    0x00,0x00,0x00,0x00,0x00,0x00,0x00,0x00,0x00,0x00,0x00,0x00,0x00,0x00,0x00,
    0x00,0x00,0x00,0x00,0x00,0x00,0x00,0x00,0x00,0x00,0x00,0x00,0x00,0x00,0x00,
    0x00,0x00,0x00,0x00,0x00,0x00,0x00,0x00,0x00,0x00,0x00,0x00,0x00,0x00,0x00,
    0x00,0x00,0x00,0x00,0x00,0x00,0x00,0x00,0x00,0x00,0x00,0x00,0x00,0x00,0x00,
    0x00,0x00,0x00,0x00,0x00,0x00,0x00,0x00,0x00,0x00,0x00,0x00,0x00,0x00,0x00,
    0x00,0x00,0x00,0x00,0x00,0x00,0x00,0x00,0x00,0x00,0x00,0x00,0x00,0x00,0x00,
    0x00,0x00,0x00,0x00,0x00,0x00,0x00,0x00,0x00,0x00,0x00,0x00,0x00,0x00,0x00,
    0x00,0x00,0x00,0x00,0x00,0x00,0x00,0x00,0x00,0x00,0x00,0x00,0x00,0x00,0x00,
    0x00,0x00,0x00,0x00,0x00,0x00,0x00,0x00,0x00,0x00,0x00,0x00,0x00,0x00,0x00,
    0x00,0x00,0x00,0x00,0x00,0x00,0x00,0x00,0x00,0x00,0x00,0x00,0x00,0x00,0x00,
    0x00,0x00,0x00,0x00,0x00,0x00,0x00,0x00,0x00,0x00,0x00,0x00,0x00,0x00,0x00,
    0x00,0x00,0x00,0x00,0x00,0x00,0x00,0x00,0x00,0x00,0x00,0x00,0x00,0x00,0x00,
    0x00,0x00,0x00,0x00,0x00,0x00,0x00,0x00,0x00,0x00,0x00,0x00,0x00,0x00,0x00,
    0x00,0x00,0x00,0x00,0x00,0x00,0x00,0x00,0x00,0x00,0x00,0x00,0x00,0x00,0x00,
    0x00,0x00,0x00,0x00,0x00,0x00,0x00,0x00,0x03,0x03,0x03,0x7B,0x00,0x00,0x00,
    0xFF,0x00,0x00,0x00,0xFF,0x00,0x00,0x00,0xFF,0x00,0x00,0x00,0xFF,0x10,0x24,
    0x1B,0xFF,0x52,0x97,0x7B,0xFF,0x5D,0x7E,0x6F,0xFF,0x46,0x47,0x46,0xFF,0x08,
    0x08,0x08,0xEF,0x0A,0x0A,0x0A,0x19,0x00,0x00,0x00,0x00,0x00,0x00,0x00,0x00,
    0x00,0x00,0x00,0x00,0x00,0x00,0x00,0x00,0x00,0x00,0x00,0x00,0x00,0x00,0x00,
    0x00,0x00,0x00,0x00,0x00,0x00,0x00,0x00,0x00,0x00,0x00,0x00,0x00,0x00,0x00,
    0x00,0x00,0x00,0x00,0x00,0x00,0x00,0x00,0x00,0x00,0x00,0x00,0x00,0x00,0x00,
    0x00,0x00,0x00,0x00,0x00,0x00,0x00,0x00,0x00,0x00,0x00,0x00,0x00,0x00,0x00,
    0x00,0x00,0x00,0x00,0x00,0x00,0x00,0x00,0x00,0x00,0x00,0x00,0x00,0x00,0x00,
    0x00,0x00,0x00,0x00,0x00,0x00,0x00,0x00,0x00,0x00,0x00,0x00,0x00,0x00,0x00,
    0x00,0x00,0x00,0x00,0x00,0x00,0x00,0x00,0x00,0x00,0x00,0x00,0x00,0x00,0x00,
    0x00,0x00,0x00,0x00,0x00,0x00,0x00,0x00,0x00,0x00,0x00,0x00,0x00,0x00,0x00,
    0x00,0x00,0x00,0x00,0x00,0x00,0x00,0x00,0x00,0x00,0x00,0x00,0x00,0x00,0x00,
    0x00,0x00,0x00,0x00,0x00,0x00,0x00,0x00,0x00,0x00,0x00,0x00,0x00,0x00,0x00,
    0x00,0x00,0x00,0x00,0x00,0x00,0x00,0x00,0x00,0x00,0x00,0x00,0x00,0x00,0x00,
    0x00,0x00,0x00,0x00,0x00,0x00,0x00,0x00,0x00,0x00,0x00,0x00,0x00,0x00,0x00,
    0x00,0x00,0x00,0x00,0x00,0x00,0x00,0x00,0x00,0x00,0x00,0x00,0x0C,0x0C,0x0C,
    0x13,0x06,0x06,0x06,0xE6,0x43,0x43,0x43,0xFF,0x5D,0x7A,0x6D,0xFF,0x4E,0x8F,
    0x74,0xFF,0x0A,0x19,0x13,0xFF,0x00,0x00,0x00,0xFF,0x00,0x00,0x00,0xFF,0x00,
    0x00,0x00,0xFF,0x00,0x00,0x00,0xFE,0x03,0x03,0x03,0x5A,0x00,0x00,0x00,0x00,
    0x00,0x00,0x00,0x00,0x00,0x00,0x00,0x00,0x00,0x00,0x00,0x00,0x00,0x00,0x00,
    0x00,0x00,0x00,0x00,0x00,0x00,0x00,0x00,0x00,0x00,0x00,0x00,0x00,0x00,0x00,
    0x00,0x00,0x00,0x00,0x00,0x00,0x00,0x00,0x00,0x00,0x00,0x00,0x00,0x00,0x00,
    0x00,0x00,0x00,0x00,0x00,0x00,0x00,0x00,0x00,0x00,0x00,0x00,0x00,0x00,0x00,
    0x00,0x00,0x00,0x00,0x00,0x00,0x00,0x00,0x00,0x00,0x00,0x00,0x00,0x00,0x00,
    0x00,0x00,0x00,0x00,0x00,0x00,0x00,0x00,0x00,0x00,0x00,0x00,0x00,0x00,0x00,
    0x00,0x00,0x00,0x00,0x00,0x00,0x00,0x00,0x00,0x00,0x00,0x00,0x00,0x00,0x00,
    0x00,0x00,0x00,0x00,0x00,0x00,0x00,0x00,0x00,0x00,0x00,0x00,0x00,0x00,0x00,
    0x00,0x00,0x00,0x00,0x00,0x00,0x00,0x00,0x00,0x00,0x00,0x00,0x00,0x00,0x00,
    0x00,0x00,0x00,0x00,0x00,0x00,0x00,0x00,0x00,0x00,0x00,0x00,0x00,0x00,0x00,
    0x00,0x00,0x00,0x00,0x00,0x00,0x00,0x00,0x00,0x00,0x00,0x00,0x00,0x00,0x00,
    0x00,0x00,0x00,0x00,0x00,0x00,0x00,0x00,0x00,0x00,0x00,0x00,0x00,0x00,0x00,
    0x00,0x00,0x00,0x00,0x00,0x00,0x00,0x00,0x00,0x00,0x00,0x00,0x00,0x00,0x00,
    0x00,0x00,0x00,0x00,0x00,0x00,0x00,0x00,0x00,0x00,0x00,0x00,0x00,0x00,0x00,
    0x00,0x00,0x00,0x00,0x00,0x00,0x05,0x05,0x05,0x14,0x00,0x00,0x00,0xF2,0x00,
    0x00,0x00,0xFF,0x00,0x00,0x00,0xFF,0x00,0x00,0x00,0xFF,0x00,0x01,0x01,0xFF,
    0x36,0x66,0x52,0xFF,0x59,0xA7,0x87,0xFF,0x5B,0xA2,0x85,0xFF,0x5D,0x6F,0x66,
    0xFF,0x37,0x38,0x38,0xFF,0x04,0x04,0x04,0xC7,0x10,0x10,0x10,0x06,0x00,0x00,
    0x00,0x00,0x00,0x00,0x00,0x00,0x00,0x00,0x00,0x00,0x00,0x00,0x00,0x00,0x00,
    0x00,0x00,0x00,0x00,0x00,0x00,0x00,0x00,0x00,0x00,0x00,0x00,0x00,0x00,0x00,
    0x00,0x00,0x00,0x00,0x00,0x00,0x00,0x00,0x00,0x00,0x00,0x00,0x00,0x00,0x00,
    0x00,0x00,0x00,0x00,0x00,0x00,0x00,0x00,0x00,0x00,0x00,0x00,0x00,0x00,0x00,
    0x00,0x00,0x00,0x00,0x00,0x00,0x00,0x00,0x00,0x00,0x00,0x00,0x00,0x00,0x00,
    0x00,0x00,0x00,0x00,0x00,0x00,0x00,0x00,0x00,0x00,0x00,0x00,0x00,0x00,0x00,
    0x00,0x00,0x00,0x00,0x00,0x00,0x00,0x00,0x00,0x00,0x00,0x00,0x00,0x00,0x00,
    0x00,0x00,0x00,0x00,0x00,0x00,0x00,0x00,0x00,0x00,0x00,0x00,0x00,0x00,0x00,
    0x00,0x00,0x00,0x00,0x00,0x00,0x00,0x00,0x00,0x00,0x00,0x00,0x00,0x00,0x00,
    0x00,0x00,0x00,0x00,0x00,0x00,0x00,0x00,0x00,0x00,0x00,0x00,0x00,0x00,0x00,
    0x00,0x00,0x00,0x00,0x00,0x00,0x00,0x00,0x00,0x00,0x00,0x00,0x00,0x00,0x00,
    0x00,0x00,0x00,0x00,0x00,0x00,0x00,0x00,0x00,0x00,0x00,0x00,0x00,0x00,0x00,
    0x00,0x00,0x00,0x00,0x00,0x00,0x00,0x00,0x00,0x00,0x0F,0x0F,0x0F,0x04,0x03,
    0x03,0x03,0xBA,0x34,0x34,0x34,0xFF,0x5C,0x6C,0x64,0xFF,0x5B,0xA1,0x84,0xFF,
    0x59,0xA6,0x86,0xFF,0x2E,0x58,0x46,0xFF,0x00,0x00,0x00,0xFF,0x00,0x00,0x00,
    0xFF,0x00,0x00,0x00,0xFF,0x00,0x00,0x00,0xFF,0x01,0x01,0x01,0xE7,0x07,0x07,
    0x07,0x0A,0x00,0x00,0x00,0x00,0x00,0x00,0x00,0x00,0x00,0x00,0x00,0x00,0x00,
    0x00,0x00,0x00,0x00,0x00,0x00,0x00,0x00,0x00,0x00,0x00,0x00,0x00,0x00,0x00,
    0x00,0x00,0x00,0x00,0x00,0x00,0x00,0x00,0x00,0x00,0x00,0x00,0x00,0x00,0x00,
    0x00,0x00,0x00,0x00,0x00,0x00,0x00,0x00,0x00,0x00,0x00,0x00,0x00,0x00,0x00,
    0x00,0x00,0x00,0x00,0x00,0x00,0x00,0x00,0x00,0x00,0x00,0x00,0x00,0x00,0x00,
    0x00,0x00,0x00,0x00,0x00,0x00,0x00,0x00,0x00,0x00,0x00,0x00,0x00,0x00,0x00,
    0x00,0x00,0x00,0x00,0x00,0x00,0x00,0x00,0x00,0x00,0x00,0x00,0x00,0x00,0x00,
    0x00,0x00,0x00,0x00,0x00,0x00,0x00,0x00,0x00,0x00,0x00,0x00,0x00,0x00,0x00,
    0x00,0x00,0x00,0x00,0x00,0x00,0x00,0x00,0x00,0x00,0x00,0x00,0x00,0x00,0x00,
    0x00,0x00,0x00,0x00,0x00,0x00,0x00,0x00,0x00,0x00,0x00,0x00,0x00,0x00,0x00,
    0x00,0x00,0x00,0x00,0x00,0x00,0x00,0x00,0x00,0x00,0x00,0x00,0x00,0x00,0x00,
    0x00,0x00,0x00,0x00,0x00,0x00,0x00,0x00,0x00,0x00,0x00,0x00,0x00,0x00,0x00,
    0x00,0x00,0x00,0x00,0x00,0x00,0x00,0x00,0x00,0x00,0x00,0x00,0x00,0x00,0x00,
    0x00,0x00,0x00,0x00,0x00,0x00,0x00,0x00,0x00,0x00,0x00,0x00,0x00,0x00,0x00,
    0x00,0x00,0x00,0x00,0x00,0x00,0x00,0x00,0x02,0x02,0x02,0x95,0x00,0x00,0x00,
    0xFF,0x00,0x00,0x00,0xFF,0x00,0x00,0x00,0xFF,0x00,0x00,0x00,0xFF,0x0A,0x1A,
    0x13,0xFF,0x4F,0x93,0x77,0xFF,0x5A,0xA8,0x88,0xFF,0x5A,0xA8,0x88,0xFF,0x5B,
    0x9A,0x80,0xFF,0x5A,0x61,0x5E,0xFF,0x28,0x28,0x28,0xFE,0x05,0x05,0x05,0x8C,
    0x13,0x13,0x13,0x01,0x00,0x00,0x00,0x00,0x00,0x00,0x00,0x00,0x00,0x00,0x00,
    0x00,0x00,0x00,0x00,0x00,0x00,0x00,0x00,0x00,0x00,0x00,0x00,0x00,0x00,0x00,
    0x00,0x00,0x00,0x00,0x00,0x00,0x00,0x00,0x00,0x00,0x00,0x00,0x00,0x00,0x00,
    0x00,0x00,0x00,0x00,0x00,0x00,0x00,0x00,0x00,0x00,0x00,0x00,0x00,0x00,0x00,
    0x00,0x00,0x00,0x00,0x00,0x00,0x00,0x00,0x00,0x00,0x00,0x00,0x00,0x00,0x00,
    0x00,0x00,0x00,0x00,0x00,0x00,0x00,0x00,0x00,0x00,0x00,0x00,0x00,0x00,0x00,
    0x00,0x00,0x00,0x00,0x00,0x00,0x00,0x00,0x00,0x00,0x00,0x00,0x00,0x00,0x00,
    0x00,0x00,0x00,0x00,0x00,0x00,0x00,0x00,0x00,0x00,0x00,0x00,0x00,0x00,0x00,
    0x00,0x00,0x00,0x00,0x00,0x00,0x00,0x00,0x00,0x00,0x00,0x00,0x00,0x00,0x00,
    0x00,0x00,0x00,0x00,0x00,0x00,0x00,0x00,0x00,0x00,0x00,0x00,0x00,0x00,0x00,
    0x00,0x00,0x00,0x00,0x00,0x00,0x00,0x00,0x00,0x00,0x00,0x00,0x00,0x00,0x00,
    0x00,0x00,0x00,0x00,0x00,0x00,0x00,0x00,0x00,0x00,0x00,0x00,0x00,0x00,0x00,
    0x00,0x00,0x00,0x00,0x00,0x00,0x00,0x00,0x00,0x00,0x00,0x00,0x05,0x05,0x05,
    0x7E,0x24,0x24,0x24,0xFE,0x59,0x5E,0x5C,0xFF,0x5B,0x98,0x7E,0xFF,0x5A,0xA8,
    0x88,0xFF,0x5A,0xA8,0x88,0xFF,0x4A,0x8B,0x70,0xFF,0x06,0x12,0x0D,0xFF,0x00,
    0x00,0x00,0xFF,0x00,0x00,0x00,0xFF,0x00,0x00,0x00,0xFF,0x00,0x00,0x00,0xFE,
    0x03,0x03,0x03,0x73,0x00,0x00,0x00,0x00,0x00,0x00,0x00,0x00,0x00,0x00,0x00,
    0x00,0x00,0x00,0x00,0x00,0x00,0x00,0x00,0x00,0x00,0x00,0x00,0x00,0x00,0x00,
    0x00,0x00,0x00,0x00,0x00,0x00,0x00,0x00,0x00,0x00,0x00,0x00,0x00,0x00,0x00,
    0x00,0x00,0x00,0x00,0x00,0x00,0x00,0x00,0x00,0x00,0x00,0x00,0x00,0x00,0x00,
    0x00,0x00,0x00,0x00,0x00,0x00,0x00,0x00,0x00,0x00,0x00,0x00,0x00,0x00,0x00,
    0x00,0x00,0x00,0x00,0x00,0x00,0x00,0x00,0x00,0x00,0x00,0x00,0x00,0x00,0x00,
    0x00,0x00,0x00,0x00,0x00,0x00,0x00,0x00,0x00,0x00,0x00,0x00,0x00,0x00,0x00,
    0x00,0x00,0x00,0x00,0x00,0x00,0x00,0x00,0x00,0x00,0x00,0x00,0x00,0x00,0x00,
    0x00,0x00,0x00,0x00,0x00,0x00,0x00,0x00,0x00,0x00,0x00,0x00,0x00,0x00,0x00,
    0x00,0x00,0x00,0x00,0x00,0x00,0x00,0x00,0x00,0x00,0x00,0x00,0x00,0x00,0x00,
    0x00,0x00,0x00,0x00,0x00,0x00,0x00,0x00,0x00,0x00,0x00,0x00,0x00,0x00,0x00,
    0x00,0x00,0x00,0x00,0x00,0x00,0x00,0x00,0x00,0x00,0x00,0x00,0x00,0x00,0x00,
    0x00,0x00,0x00,0x00,0x00,0x00,0x00,0x00,0x00,0x00,0x00,0x00,0x00,0x00,0x00,
    0x00,0x00,0x00,0x00,0x00,0x00,0x00,0x00,0x00,0x00,0x00,0x00,0x00,0x00,0x00,
    0x00,0x00,0x00,0x00,0x00,0x00,0x05,0x05,0x05,0x23,0x00,0x00,0x00,0xF7,0x00,
    0x00,0x00,0xFF,0x00,0x00,0x00,0xFF,0x00,0x00,0x00,0xFF,0x00,0x00,0x00,0xFF,
    0x2C,0x54,0x43,0xFF,0x59,0xA6,0x86,0xFF,0x5A,0xA8,0x88,0xFF,0x5A,0xA8,0x88,
    0xFF,0x5A,0xA8,0x88,0xFF,0x5C,0x8D,0x78,0xFF,0x54,0x56,0x55,0xFF,0x17,0x17,
    0x17,0xFA,0x06,0x06,0x06,0x4B,0x00,0x00,0x00,0x00,0x00,0x00,0x00,0x00,0x00,
    0x00,0x00,0x00,0x00,0x00,0x00,0x00,0x00,0x00,0x00,0x00,0x00,0x00,0x00,0x00,
    0x00,0x00,0x00,0x00,0x00,0x00,0x00,0x00,0x00,0x00,0x00,0x00,0x00,0x00,0x00,
    0x00,0x00,0x00,0x00,0x00,0x00,0x00,0x00,0x00,0x00,0x00,0x00,0x00,0x00,0x00,
    0x00,0x00,0x00,0x00,0x00,0x00,0x00,0x00,0x00,0x00,0x00,0x00,0x00,0x00,0x00,
    0x00,0x00,0x00,0x00,0x00,0x00,0x00,0x00,0x00,0x00,0x00,0x00,0x00,0x00,0x00,
    0x00,0x00,0x00,0x00,0x00,0x00,0x00,0x00,0x00,0x00,0x00,0x00,0x00,0x00,0x00,
    0x00,0x00,0x00,0x00,0x00,0x00,0x00,0x00,0x00,0x00,0x00,0x00,0x00,0x00,0x00,
    0x00,0x00,0x00,0x00,0x00,0x00,0x00,0x00,0x00,0x00,0x00,0x00,0x00,0x00,0x00,
    0x00,0x00,0x00,0x00,0x00,0x00,0x00,0x00,0x00,0x00,0x00,0x00,0x00,0x00,0x00,
    0x00,0x00,0x00,0x00,0x00,0x00,0x00,0x00,0x00,0x00,0x00,0x00,0x00,0x00,0x00,
    0x00,0x00,0x00,0x00,0x00,0x00,0x00,0x00,0x00,0x00,0x00,0x00,0x00,0x00,0x00,
    0x00,0x00,0x00,0x00,0x00,0x00,0x00,0x00,0x00,0x00,0x05,0x05,0x05,0x3D,0x13,
    0x13,0x13,0xF8,0x52,0x54,0x53,0xFF,0x5C,0x8B,0x76,0xFF,0x5A,0xA7,0x88,0xFF,
    0x5A,0xA8,0x88,0xFF,0x5A,0xA8,0x88,0xFF,0x58,0xA4,0x85,0xFF,0x24,0x45,0x37,
    0xFF,0x00,0x00,0x00,0xFF,0x00,0x00,0x00,0xFF,0x00,0x00,0x00,0xFF,0x00,0x00,
    0x00,0xFF,0x00,0x00,0x00,0xF1,0x07,0x07,0x07,0x13,0x00,0x00,0x00,0x00,0x00,
    0x00,0x00,0x00,0x00,0x00,0x00,0x00,0x00,0x00,0x00,0x00,0x00,0x00,0x00,0x00,
    0x00,0x00,0x00,0x00,0x00,0x00,0x00,0x00,0x00,0x00,0x00,0x00,0x00,0x00,0x00,
    0x00,0x00,0x00,0x00,0x00,0x00,0x00,0x00,0x00,0x00,0x00,0x00,0x00,0x00,0x00,
    0x00,0x00,0x00,0x00,0x00,0x00,0x00,0x00,0x00,0x00,0x00,0x00,0x00,0x00,0x00,
    0x00,0x00,0x00,0x00,0x00,0x00,0x00,0x00,0x00,0x00,0x00,0x00,0x00,0x00,0x00,
    0x00,0x00,0x00,0x00,0x00,0x00,0x00,0x00,0x00,0x00,0x00,0x00,0x00,0x00,0x00,
    0x00,0x00,0x00,0x00,0x00,0x00,0x00,0x00,0x00,0x00,0x00,0x00,0x00,0x00,0x00,
    0x00,0x00,0x00,0x00,0x00,0x00,0x00,0x00,0x00,0x00,0x00,0x00,0x00,0x00,0x00,
    0x00,0x00,0x00,0x00,0x00,0x00,0x00,0x00,0x00,0x00,0x00,0x00,0x00,0x00,0x00,
    0x00,0x00,0x00,0x00,0x00,0x00,0x00,0x00,0x00,0x00,0x00,0x00,0x00,0x00,0x00,
    0x00,0x00,0x00,0x00,0x00,0x00,0x00,0x00,0x00,0x00,0x00,0x00,0x00,0x00,0x00,
    0x00,0x00,0x00,0x00,0x00,0x00,0x00,0x00,0x00,0x00,0x00,0x00,0x00,0x00,0x00,
    0x00,0x00,0x00,0x00,0x00,0x00,0x00,0x00,0x00,0x00,0x00,0x00,0x00,0x00,0x00,
    0x00,0x00,0x00,0x00,0x0A,0x0A,0x0A,0x01,0x02,0x02,0x02,0xB3,0x00,0x00,0x00,
    0xFF,0x00,0x00,0x00,0xFF,0x00,0x00,0x00,0xFF,0x00,0x00,0x00,0xFF,0x04,0x0D,
    0x09,0xFF,0x47,0x85,0x6C,0xFF,0x5A,0xA8,0x88,0xFF,0x5A,0xA8,0x88,0xFF,0x5A,
    0xA8,0x88,0xFF,0x5A,0xA8,0x88,0xFF,0x5A,0xA6,0x87,0xFF,0x5D,0x7D,0x6F,0xFF,
    0x4A,0x4A,0x4A,0xFF,0x09,0x09,0x09,0xF0,0x08,0x08,0x08,0x1C,0x00,0x00,0x00,
    0x00,0x00,0x00,0x00,0x00,0x00,0x00,0x00,0x00,0x00,0x00,0x00,0x00,0x00,0x00,
    0x00,0x00,0x00,0x00,0x00,0x00,0x00,0x00,0x00,0x00,0x00,0x00,0x00,0x00,0x00,
    0x00,0x00,0x00,0x00,0x00,0x00,0x00,0x00,0x00,0x00,0x00,0x00,0x00,0x00,0x00,
    0x00,0x00,0x00,0x00,0x00,0x00,0x00,0x00,0x00,0x00,0x00,0x00,0x00,0x00,0x00,
    0x00,0x00,0x00,0x00,0x00,0x00,0x00,0x00,0x00,0x00,0x00,0x00,0x00,0x00,0x00,
    0x00,0x00,0x00,0x00,0x00,0x00,0x00,0x00,0x00,0x00,0x00,0x00,0x00,0x00,0x00,
    0x00,0x00,0x00,0x00,0x00,0x00,0x00,0x00,0x00,0x00,0x00,0x00,0x00,0x00,0x00,
    0x00,0x00,0x00,0x00,0x00,0x00,0x00,0x00,0x00,0x00,0x00,0x00,0x00,0x00,0x00,
    0x00,0x00,0x00,0x00,0x00,0x00,0x00,0x00,0x00,0x00,0x00,0x00,0x00,0x00,0x00,
    0x00,0x00,0x00,0x00,0x00,0x00,0x00,0x00,0x00,0x00,0x00,0x00,0x00,0x00,0x00,
    0x00,0x00,0x00,0x00,0x00,0x00,0x00,0x00,0x00,0x00,0x00,0x00,0x00,0x00,0x00,
    0x00,0x00,0x00,0x00,0x00,0x00,0x00,0x00,0x0A,0x0A,0x0A,0x15,0x08,0x08,0x08,
    0xEB,0x47,0x48,0x47,0xFF,0x5D,0x7A,0x6D,0xFF,0x5A,0xA6,0x87,0xFF,0x5A,0xA8,
    0x88,0xFF,0x5A,0xA8,0x88,0xFF,0x5A,0xA8,0x88,0xFF,0x5A,0xA8,0x88,0xFF,0x42,
    0x7C,0x64,0xFF,0x02,0x07,0x05,0xFF,0x00,0x00,0x00,0xFF,0x00,0x00,0x00,0xFF,
    0x00,0x00,0x00,0xFF,0x00,0x00,0x00,0xFF,0x02,0x02,0x02,0x93,0x00,0x00,0x00,
    0x00,0x00,0x00,0x00,0x00,0x00,0x00,0x00,0x00,0x00,0x00,0x00,0x00,0x00,0x00,
    0x00,0x00,0x00,0x00,0x00,0x00,0x00,0x00,0x00,0x00,0x00,0x00,0x00,0x00,0x00,
    0x00,0x00,0x00,0x00,0x00,0x00,0x00,0x00,0x00,0x00,0x00,0x00,0x00,0x00,0x00,
    0x00,0x00,0x00,0x00,0x00,0x00,0x00,0x00,0x00,0x00,0x00,0x00,0x00,0x00,0x00,
    0x00,0x00,0x00,0x00,0x00,0x00,0x00,0x00,0x00,0x00,0x00,0x00,0x00,0x00,0x00,
    0x00,0x00,0x00,0x00,0x00,0x00,0x00,0x00,0x00,0x00,0x00,0x00,0x00,0x00,0x00,
    0x00,0x00,0x00,0x00,0x00,0x00,0x00,0x00,0x00,0x00,0x00,0x00,0x00,0x00,0x00,
    0x00,0x00,0x00,0x00,0x00,0x00,0x00,0x00,0x00,0x00,0x00,0x00,0x00,0x00,0x00,
    0x00,0x00,0x00,0x00,0x00,0x00,0x00,0x00,0x00,0x00,0x00,0x00,0x00,0x00,0x00,
    0x00,0x00,0x00,0x00,0x00,0x00,0x00,0x00,0x00,0x00,0x00,0x00,0x00,0x00,0x00,
    0x00,0x00,0x00,0x00,0x00,0x00,0x00,0x00,0x00,0x00,0x00,0x00,0x00,0x00,0x00,
    0x00,0x00,0x00,0x00,0x00,0x00,0x00,0x00,0x00,0x00,0x00,0x00,0x00,0x00,0x00,
    0x00,0x00,0x00,0x00,0x00,0x00,0x00,0x00,0x00,0x00,0x00,0x00,0x00,0x00,0x00,
    0x00,0x00,0x00,0x00,0x00,0x00,0x05,0x05,0x05,0x39,0x00,0x00,0x00,0xFB,0x00,
    0x00,0x00,0xFF,0x00,0x00,0x00,0xFF,0x00,0x00,0x00,0xFF,0x00,0x00,0x00,0xFF,
    0x1A,0x34,0x29,0xFF,0x57,0xA1,0x83,0xFF,0x5A,0xA8,0x88,0xFF,0x5A,0xA8,0x88,
    0xFF,0x5A,0xA8,0x88,0xFF,0x5A,0xA8,0x88,0xFF,0x5A,0xA8,0x88,0xFF,0x5B,0xA2,
    0x84,0xFF,0x5D,0x6D,0x66,0xFF,0x3C,0x3C,0x3C,0xFF,0x04,0x04,0x04,0xCB,0x08,
    0x08,0x08,0x07,0x00,0x00,0x00,0x00,0x00,0x00,0x00,0x00,0x00,0x00,0x00,0x00,
    0x00,0x00,0x00,0x00,0x00,0x00,0x00,0x00,0x00,0x00,0x00,0x00,0x00,0x00,0x00,
    0x00,0x00,0x00,0x00,0x00,0x00,0x00,0x00,0x00,0x00,0x00,0x00,0x00,0x00,0x00,
    0x00,0x00,0x00,0x00,0x00,0x00,0x00,0x00,0x00,0x00,0x00,0x00,0x00,0x00,0x00,
    0x00,0x00,0x00,0x00,0x00,0x00,0x00,0x00,0x00,0x00,0x00,0x00,0x00,0x00,0x00,
    0x00,0x00,0x00,0x00,0x00,0x00,0x00,0x00,0x00,0x00,0x00,0x00,0x00,0x00,0x00,
    0x00,0x00,0x00,0x00,0x00,0x00,0x00,0x00,0x00,0x00,0x00,0x00,0x00,0x00,0x00,
    0x00,0x00,0x00,0x00,0x00,0x00,0x00,0x00,0x00,0x00,0x00,0x00,0x00,0x00,0x00,
    0x00,0x00,0x00,0x00,0x00,0x00,0x00,0x00,0x00,0x00,0x00,0x00,0x00,0x00,0x00,
    0x00,0x00,0x00,0x00,0x00,0x00,0x00,0x00,0x00,0x00,0x00,0x00,0x00,0x00,0x00,
    0x00,0x00,0x00,0x00,0x00,0x00,0x00,0x00,0x00,0x00,0x00,0x00,0x00,0x00,0x00,
    0x00,0x00,0x00,0x00,0x00,0x00,0x12,0x12,0x12,0x05,0x05,0x05,0x05,0xC1,0x38,
    0x38,0x38,0xFF,0x5D,0x6B,0x64,0xFF,0x5B,0xA1,0x83,0xFF,0x5A,0xA8,0x88,0xFF,
    0x5A,0xA8,0x88,0xFF,0x5A,0xA8,0x88,0xFF,0x5A,0xA8,0x88,0xFF,0x5A,0xA8,0x88,
    0xFF,0x54,0x9D,0x7F,0xFF,0x12,0x27,0x1F,0xFF,0x00,0x00,0x00,0xFF,0x00,0x00,
    0x00,0xFF,0x00,0x00,0x00,0xFF,0x00,0x00,0x00,0xFF,0x00,0x00,0x00,0xF6,0x06,
    0x06,0x06,0x22,0x00,0x00,0x00,0x00,0x00,0x00,0x00,0x00,0x00,0x00,0x00,0x00,
    0x00,0x00,0x00,0x00,0x00,0x00,0x00,0x00,0x00,0x00,0x00,0x00,0x00,0x00,0x00,
    0x00,0x00,0x00,0x00,0x00,0x00,0x00,0x00,0x00,0x00,0x00,0x00,0x00,0x00,0x00,
    0x00,0x00,0x00,0x00,0x00,0x00,0x00,0x00,0x00,0x00,0x00,0x00,0x00,0x00,0x00,
    0x00,0x00,0x00,0x00,0x00,0x00,0x00,0x00,0x00,0x00,0x00,0x00,0x00,0x00,0x00,
    0x00,0x00,0x00,0x00,0x00,0x00,0x00,0x00,0x00,0x00,0x00,0x00,0x00,0x00,0x00,
    0x00,0x00,0x00,0x00,0x00,0x00,0x00,0x00,0x00,0x00,0x00,0x00,0x00,0x00,0x00,
    0x00,0x00,0x00,0x00,0x00,0x00,0x00,0x00,0x00,0x00,0x00,0x00,0x00,0x00,0x00,
    0x00,0x00,0x00,0x00,0x00,0x00,0x00,0x00,0x00,0x00,0x00,0x00,0x00,0x00,0x00,
    0x00,0x00,0x00,0x00,0x00,0x00,0x00,0x00,0x00,0x00,0x00,0x00,0x00,0x00,0x00,
    0x00,0x00,0x00,0x00,0x00,0x00,0x00,0x00,0x00,0x00,0x00,0x00,0x00,0x00,0x00,
    0x00,0x00,0x00,0x00,0x00,0x00,0x00,0x00,0x00,0x00,0x00,0x00,0x00,0x00,0x00,
    0x00,0x00,0x00,0x00,0x00,0x00,0x00,0x00,0x00,0x00,0x00,0x00,0x00,0x00,0x00,
    0x00,0x00,0x00,0x00,0x5C,0x5C,0x5C,0x04,0x0C,0x0C,0x0C,0xD1,0x00,0x00,0x00,
    0xFF,0x00,0x00,0x00,0xFF,0x00,0x00,0x00,0xFF,0x00,0x00,0x00,0xFF,0x01,0x01,
    0x01,0xFF,0x3A,0x6D,0x58,0xFF,0x5A,0xA7,0x87,0xFF,0x5A,0xA8,0x88,0xFF,0x5A,
    0xA8,0x88,0xFF,0x5A,0xA8,0x88,0xFF,0x5A,0xA8,0x88,0xFF,0x5A,0xA8,0x88,0xFF,
    0x5A,0xA8,0x88,0xFF,0x63,0x99,0x81,0xFF,0x60,0x62,0x61,0xFF,0x2B,0x2B,0x2B,
    0xFF,0x03,0x03,0x03,0x91,0x1B,0x1B,0x1B,0x01,0x00,0x00,0x00,0x00,0x00,0x00,
    0x00,0x00,0x00,0x00,0x00,0x00,0x00,0x00,0x00,0x00,0x00,0x00,0x00,0x00,0x00,
    0x00,0x00,0x00,0x00,0x00,0x00,0x00,0x00,0x00,0x00,0x00,0x00,0x00,0x00,0x00,
    0x00,0x00,0x00,0x00,0x00,0x00,0x00,0x00,0x00,0x00,0x00,0x00,0x00,0x00,0x00,
    0x00,0x00,0x00,0x00,0x00,0x00,0x00,0x00,0x00,0x00,0x00,0x00,0x00,0x00,0x00,
    0x00,0x00,0x00,0x00,0x00,0x00,0x00,0x00,0x00,0x00,0x00,0x00,0x00,0x00,0x00,
    0x00,0x00,0x00,0x00,0x00,0x00,0x00,0x00,0x00,0x00,0x00,0x00,0x00,0x00,0x00,
    0x00,0x00,0x00,0x00,0x00,0x00,0x00,0x00,0x00,0x00,0x00,0x00,0x00,0x00,0x00,
    0x00,0x00,0x00,0x00,0x00,0x00,0x00,0x00,0x00,0x00,0x00,0x00,0x00,0x00,0x00,
    0x00,0x00,0x00,0x00,0x00,0x00,0x00,0x00,0x00,0x00,0x00,0x00,0x00,0x00,0x00,
    0x00,0x00,0x00,0x00,0x00,0x00,0x00,0x00,0x00,0x00,0x00,0x00,0x00,0x00,0x00,
    0x00,0x00,0x00,0x00,0x00,0x00,0x00,0x00,0x05,0x05,0x05,0x84,0x27,0x27,0x27,
    0xFE,0x5D,0x5F,0x5E,0xFF,0x5F,0x97,0x7F,0xFF,0x5A,0xA8,0x88,0xFF,0x5A,0xA8,
    0x88,0xFF,0x5A,0xA8,0x88,0xFF,0x5A,0xA8,0x88,0xFF,0x5A,0xA8,0x88,0xFF,0x5A,
    0xA8,0x88,0xFF,0x59,0xA7,0x87,0xFF,0x34,0x62,0x4F,0xFF,0x00,0x00,0x00,0xFF,
    0x00,0x00,0x00,0xFF,0x00,0x00,0x00,0xFF,0x00,0x00,0x00,0xFF,0x00,0x00,0x00,
    0xFF,0x06,0x06,0x06,0xB5,0x5B,0x5B,0x5B,0x01,0x00,0x00,0x00,0x00,0x00,0x00,
    0x00,0x00,0x00,0x00,0x00,0x00,0x00,0x00,0x00,0x00,0x00,0x00,0x00,0x00,0x00,
    0x00,0x00,0x00,0x00,0x00,0x00,0x00,0x00,0x00,0x00,0x00,0x00,0x00,0x00,0x00,
    0x00,0x00,0x00,0x00,0x00,0x00,0x00,0x00,0x00,0x00,0x00,0x00,0x00,0x00,0x00,
    0x00,0x00,0x00,0x00,0x00,0x00,0x00,0x00,0x00,0x00,0x00,0x00,0x00,0x00,0x00,
    0x00,0x00,0x00,0x00,0x00,0x00,0x00,0x00,0x00,0x00,0x00,0x00,0x00,0x00,0x00,
    0x00,0x00,0x00,0x00,0x00,0x00,0x00,0x00,0x00,0x00,0x00,0x00,0x00,0x00,0x00,
    0x00,0x00,0x00,0x00,0x00,0x00,0x00,0x00,0x00,0x00,0x00,0x00,0x00,0x00,0x00,
    0x00,0x00,0x00,0x00,0x00,0x00,0x00,0x00,0x00,0x00,0x00,0x00,0x00,0x00,0x00,
    0x00,0x00,0x00,0x00,0x00,0x00,0x00,0x00,0x00,0x00,0x00,0x00,0x00,0x00,0x00,
    0x00,0x00,0x00,0x00,0x00,0x00,0x00,0x00,0x00,0x00,0x00,0x00,0x00,0x00,0x00,
    0x00,0x00,0x00,0x00,0x00,0x00,0x00,0x00,0x00,0x00,0x00,0x00,0x00,0x00,0x00,
    0x00,0x00,0x00,0x00,0x00,0x00,0x00,0x00,0x00,0x00,0x00,0x00,0x00,0x00,0x00,
    0x00,0x00,0x00,0x00,0x00,0x00,0xEF,0xEF,0xEF,0x56,0x96,0x96,0x96,0xFD,0x17,
    0x17,0x17,0xFF,0x00,0x00,0x00,0xFF,0x00,0x00,0x00,0xFF,0x00,0x00,0x00,0xFF,
    0x08,0x17,0x10,0xFF,0x4E,0x91,0x75,0xFF,0x5A,0xA8,0x88,0xFF,0x5A,0xA8,0x88,
    0xFF,0x5A,0xA8,0x88,0xFF,0x5A,0xA8,0x88,0xFF,0x5A,0xA8,0x88,0xFF,0x5A,0xA8,
    0x88,0xFF,0x5A,0xA8,0x88,0xFF,0x7F,0xAE,0x99,0xFF,0x9F,0xA0,0x9F,0xFF,0x58,
    0x58,0x58,0xFF,0x19,0x19,0x19,0xFB,0x08,0x08,0x08,0x52,0x00,0x00,0x00,0x00,
    0x00,0x00,0x00,0x00,0x00,0x00,0x00,0x00,0x00,0x00,0x00,0x00,0x00,0x00,0x00,
    0x00,0x00,0x00,0x00,0x00,0x00,0x00,0x00,0x00,0x00,0x00,0x00,0x00,0x00,0x00,
    0x00,0x00,0x00,0x00,0x00,0x00,0x00,0x00,0x00,0x00,0x00,0x00,0x00,0x00,0x00,
    0x00,0x00,0x00,0x00,0x00,0x00,0x00,0x00,0x00,0x00,0x00,0x00,0x00,0x00,0x00,
    0x00,0x00,0x00,0x00,0x00,0x00,0x00,0x00,0x00,0x00,0x00,0x00,0x00,0x00,0x00,
    0x00,0x00,0x00,0x00,0x00,0x00,0x00,0x00,0x00,0x00,0x00,0x00,0x00,0x00,0x00,
    0x00,0x00,0x00,0x00,0x00,0x00,0x00,0x00,0x00,0x00,0x00,0x00,0x00,0x00,0x00,
    0x00,0x00,0x00,0x00,0x00,0x00,0x00,0x00,0x00,0x00,0x00,0x00,0x00,0x00,0x00,
    0x00,0x00,0x00,0x00,0x00,0x00,0x00,0x00,0x00,0x00,0x00,0x00,0x00,0x00,0x00,
    0x00,0x00,0x00,0x00,0x00,0x00,0x00,0x00,0x00,0x00,0x00,0x00,0x00,0x00,0x00,
    0x00,0x00,0x00,0x00,0x00,0x00,0x07,0x07,0x07,0x45,0x15,0x15,0x15,0xF9,0x55,
    0x55,0x55,0xFF,0x99,0x9B,0x9A,0xFF,0x78,0xAC,0x94,0xFF,0x5A,0xA8,0x88,0xFF,
    0x5A,0xA8,0x88,0xFF,0x5A,0xA8,0x88,0xFF,0x5A,0xA8,0x88,0xFF,0x5A,0xA8,0x88,
    0xFF,0x5A,0xA8,0x88,0xFF,0x5A,0xA8,0x88,0xFF,0x4A,0x8A,0x6F,0xFF,0x05,0x11,
    0x0B,0xFF,0x00,0x00,0x00,0xFF,0x00,0x00,0x00,0xFF,0x00,0x00,0x00,0xFF,0x0F,
    0x0F,0x0F,0xFF,0x87,0x87,0x87,0xFB,0xE7,0xE7,0xE7,0x3A,0x00,0x00,0x00,0x00,
    0x00,0x00,0x00,0x00,0x00,0x00,0x00,0x00,0x00,0x00,0x00,0x00,0x00,0x00,0x00,
    0x00,0x00,0x00,0x00,0x00,0x00,0x00,0x00,0x00,0x00,0x00,0x00,0x00,0x00,0x00,
    0x00,0x00,0x00,0x00,0x00,0x00,0x00,0x00,0x00,0x00,0x00,0x00,0x00,0x00,0x00,
    0x00,0x00,0x00,0x00,0x00,0x00,0x00,0x00,0x00,0x00,0x00,0x00,0x00,0x00,0x00,
    0x00,0x00,0x00,0x00,0x00,0x00,0x00,0x00,0x00,0x00,0x00,0x00,0x00,0x00,0x00,
    0x00,0x00,0x00,0x00,0x00,0x00,0x00,0x00,0x00,0x00,0x00,0x00,0x00,0x00,0x00,
    0x00,0x00,0x00,0x00,0x00,0x00,0x00,0x00,0x00,0x00,0x00,0x00,0x00,0x00,0x00,
    0x00,0x00,0x00,0x00,0x00,0x00,0x00,0x00,0x00,0x00,0x00,0x00,0x00,0x00,0x00,
    0x00,0x00,0x00,0x00,0x00,0x00,0x00,0x00,0x00,0x00,0x00,0x00,0x00,0x00,0x00,
    0x00,0x00,0x00,0x00,0x00,0x00,0x00,0x00,0x00,0x00,0x00,0x00,0x00,0x00,0x00,
    0x00,0x00,0x00,0x00,0x00,0x00,0x00,0x00,0x00,0x00,0x00,0x00,0x00,0x00,0x00,
    0x00,0x00,0x00,0x00,0x00,0x00,0x00,0x00,0x00,0x00,0x00,0x00,0x00,0x00,0x00,
    0x00,0x00,0x00,0x00,0xFA,0xFA,0xFA,0x0B,0xFE,0xFE,0xFE,0xE8,0xF9,0xF9,0xF9,
    0xFF,0xA7,0xA7,0xA7,0xFF,0x20,0x20,0x20,0xFF,0x00,0x00,0x00,0xFF,0x00,0x00,
    0x00,0xFF,0x22,0x42,0x35,0xFF,0x58,0xA4,0x85,0xFF,0x5A,0xA8,0x88,0xFF,0x5A,
    0xA8,0x88,0xFF,0x5A,0xA8,0x88,0xFF,0x5A,0xA8,0x88,0xFF,0x5A,0xA8,0x88,0xFF,
    0x5A,0xA8,0x88,0xFF,0x5A,0xA8,0x88,0xFF,0x8D,0xB2,0xA1,0xFF,0xC6,0xC7,0xC7,
    0xFF,0x87,0x87,0x87,0xFF,0x4C,0x4C,0x4C,0xFF,0x09,0x09,0x09,0xF1,0x0A,0x0A,
    0x0A,0x1F,0x00,0x00,0x00,0x00,0x00,0x00,0x00,0x00,0x00,0x00,0x00,0x00,0x00,
    0x00,0x00,0x00,0x00,0x00,0x00,0x00,0x00,0x00,0x00,0x00,0x00,0x00,0x00,0x00,
    0x00,0x00,0x00,0x00,0x00,0x00,0x00,0x00,0x00,0x00,0x00,0x00,0x00,0x00,0x00,
    0x00,0x00,0x00,0x00,0x00,0x00,0x00,0x00,0x00,0x00,0x00,0x00,0x00,0x00,0x00,
    0x00,0x00,0x00,0x00,0x00,0x00,0x00,0x00,0x00,0x00,0x00,0x00,0x00,0x00,0x00,
    0x00,0x00,0x00,0x00,0x00,0x00,0x00,0x00,0x00,0x00,0x00,0x00,0x00,0x00,0x00,
    0x00,0x00,0x00,0x00,0x00,0x00,0x00,0x00,0x00,0x00,0x00,0x00,0x00,0x00,0x00,
    0x00,0x00,0x00,0x00,0x00,0x00,0x00,0x00,0x00,0x00,0x00,0x00,0x00,0x00,0x00,
    0x00,0x00,0x00,0x00,0x00,0x00,0x00,0x00,0x00,0x00,0x00,0x00,0x00,0x00,0x00,
    0x00,0x00,0x00,0x00,0x00,0x00,0x00,0x00,0x00,0x00,0x00,0x00,0x00,0x00,0x00,
    0x00,0x00,0x00,0x00,0x09,0x09,0x09,0x18,0x08,0x08,0x08,0xED,0x49,0x49,0x49,
    0xFF,0x82,0x82,0x82,0xFF,0xC5,0xC6,0xC5,0xFF,0x87,0xB0,0x9D,0xFF,0x5A,0xA8,
    0x88,0xFF,0x5A,0xA8,0x88,0xFF,0x5A,0xA8,0x88,0xFF,0x5A,0xA8,0x88,0xFF,0x5A,
    0xA8,0x88,0xFF,0x5A,0xA8,0x88,0xFF,0x5A,0xA8,0x88,0xFF,0x57,0xA2,0x83,0xFF,
    0x1A,0x34,0x29,0xFF,0x00,0x00,0x00,0xFF,0x00,0x00,0x00,0xFF,0x18,0x18,0x18,
    0xFF,0x99,0x99,0x99,0xFF,0xF6,0xF6,0xF6,0xFF,0xFE,0xFE,0xFE,0xD2,0xF8,0xF8,
    0xF8,0x05,0x00,0x00,0x00,0x00,0x00,0x00,0x00,0x00,0x00,0x00,0x00,0x00,0x00,
    0x00,0x00,0x00,0x00,0x00,0x00,0x00,0x00,0x00,0x00,0x00,0x00,0x00,0x00,0x00,
    0x00,0x00,0x00,0x00,0x00,0x00,0x00,0x00,0x00,0x00,0x00,0x00,0x00,0x00,0x00,
    0x00,0x00,0x00,0x00,0x00,0x00,0x00,0x00,0x00,0x00,0x00,0x00,0x00,0x00,0x00,
    0x00,0x00,0x00,0x00,0x00,0x00,0x00,0x00,0x00,0x00,0x00,0x00,0x00,0x00,0x00,
    0x00,0x00,0x00,0x00,0x00,0x00,0x00,0x00,0x00,0x00,0x00,0x00,0x00,0x00,0x00,
    0x00,0x00,0x00,0x00,0x00,0x00,0x00,0x00,0x00,0x00,0x00,0x00,0x00,0x00,0x00,
    0x00,0x00,0x00,0x00,0x00,0x00,0x00,0x00,0x00,0x00,0x00,0x00,0x00,0x00,0x00,
    0x00,0x00,0x00,0x00,0x00,0x00,0x00,0x00,0x00,0x00,0x00,0x00,0x00,0x00,0x00,
    0x00,0x00,0x00,0x00,0x00,0x00,0x00,0x00,0x00,0x00,0x00,0x00,0x00,0x00,0x00,
    0x00,0x00,0x00,0x00,0x00,0x00,0x00,0x00,0x00,0x00,0x00,0x00,0x00,0x00,0x00,
    0x00,0x00,0x00,0x00,0x00,0x00,0x00,0x00,0x00,0x00,0x00,0x00,0x00,0x00,0x00,
    0x00,0x00,0x00,0x00,0x00,0x00,0xFD,0xFD,0xFD,0x7F,0xFF,0xFF,0xFF,0xFE,0xFF,
    0xFF,0xFF,0xFF,0xFB,0xFB,0xFB,0xFF,0xB4,0xB4,0xB4,0xFF,0x27,0x27,0x27,0xFF,
    0x01,0x02,0x01,0xFF,0x3D,0x72,0x5C,0xFF,0x5A,0xA7,0x88,0xFF,0x5A,0xA8,0x88,
    0xFF,0x5A,0xA8,0x88,0xFF,0x5A,0xA8,0x88,0xFF,0x5A,0xA8,0x88,0xFF,0x5A,0xA8,
    0x88,0xFF,0x5A,0xA8,0x88,0xFF,0x5A,0xA8,0x88,0xFF,0x98,0xB6,0xA8,0xFF,0xCA,
    0xCB,0xCB,0xFF,0xBF,0xBF,0xBF,0xFF,0x6E,0x6E,0x6E,0xFF,0x3C,0x3C,0x3C,0xFF,
    0x04,0x04,0x04,0xCF,0x0B,0x0B,0x0B,0x08,0x00,0x00,0x00,0x00,0x00,0x00,0x00,
    0x00,0x00,0x00,0x00,0x00,0x00,0x00,0x00,0x00,0x00,0x00,0x00,0x00,0x00,0x00,
    0x00,0x00,0x00,0x00,0x00,0x00,0x00,0x00,0x00,0x00,0x00,0x00,0x00,0x00,0x00,
    0x00,0x00,0x00,0x00,0x00,0x00,0x00,0x00,0x00,0x00,0x00,0x00,0x00,0x00,0x00,
    0x00,0x00,0x00,0x00,0x00,0x00,0x00,0x00,0x00,0x00,0x00,0x00,0x00,0x00,0x00,
    0x00,0x00,0x00,0x00,0x00,0x00,0x00,0x00,0x00,0x00,0x00,0x00,0x00,0x00,0x00,
    0x00,0x00,0x00,0x00,0x00,0x00,0x00,0x00,0x00,0x00,0x00,0x00,0x00,0x00,0x00,
    0x00,0x00,0x00,0x00,0x00,0x00,0x00,0x00,0x00,0x00,0x00,0x00,0x00,0x00,0x00,
    0x00,0x00,0x00,0x00,0x00,0x00,0x00,0x00,0x00,0x00,0x00,0x00,0x00,0x00,0x00,
    0x00,0x00,0x00,0x00,0x00,0x00,0x00,0x00,0x00,0x00,0x00,0x00,0x00,0x00,0x00,
    0x00,0x00,0x0A,0x0A,0x0A,0x05,0x03,0x03,0x03,0xC6,0x38,0x38,0x38,0xFF,0x6C,
    0x6C,0x6C,0xFF,0xBC,0xBC,0xBC,0xFF,0xCA,0xCA,0xCA,0xFF,0x92,0xB4,0xA4,0xFF,
    0x5A,0xA8,0x88,0xFF,0x5A,0xA8,0x88,0xFF,0x5A,0xA8,0x88,0xFF,0x5A,0xA8,0x88,
    0xFF,0x5A,0xA8,0x88,0xFF,0x5A,0xA8,0x88,0xFF,0x5A,0xA8,0x88,0xFF,0x59,0xA7,
    0x87,0xFF,0x37,0x68,0x54,0xFF,0x00,0x00,0x00,0xFF,0x1F,0x1F,0x1F,0xFF,0xA7,
    0xA7,0xA7,0xFF,0xF9,0xF9,0xF9,0xFF,0xFF,0xFF,0xFF,0xFF,0xFF,0xFF,0xFF,0xFD,
    0xFC,0xFC,0xFC,0x5D,0x00,0x00,0x00,0x00,0x00,0x00,0x00,0x00,0x00,0x00,0x00,
    0x00,0x00,0x00,0x00,0x00,0x00,0x00,0x00,0x00,0x00,0x00,0x00,0x00,0x00,0x00,
    0x00,0x00,0x00,0x00,0x00,0x00,0x00,0x00,0x00,0x00,0x00,0x00,0x00,0x00,0x00,
    0x00,0x00,0x00,0x00,0x00,0x00,0x00,0x00,0x00,0x00,0x00,0x00,0x00,0x00,0x00,
    0x00,0x00,0x00,0x00,0x00,0x00,0x00,0x00,0x00,0x00,0x00,0x00,0x00,0x00,0x00,
    0x00,0x00,0x00,0x00,0x00,0x00,0x00,0x00,0x00,0x00,0x00,0x00,0x00,0x00,0x00,
    0x00,0x00,0x00,0x00,0x00,0x00,0x00,0x00,0x00,0x00,0x00,0x00,0x00,0x00,0x00,
    0x00,0x00,0x00,0x00,0x00,0x00,0x00,0x00,0x00,0x00,0x00,0x00,0x00,0x00,0x00,
    0x00,0x00,0x00,0x00,0x00,0x00,0x00,0x00,0x00,0x00,0x00,0x00,0x00,0x00,0x00,
    0x00,0x00,0x00,0x00,0x00,0x00,0x00,0x00,0x00,0x00,0x00,0x00,0x00,0x00,0x00,
    0x00,0x00,0x00,0x00,0x00,0x00,0x00,0x00,0x00,0x00,0x00,0x00,0x00,0x00,0x00,
    0x00,0x00,0x00,0x00,0x00,0x00,0x00,0x00,0x00,0x00,0x00,0x00,0x00,0x00,0x00,
    0x00,0x00,0x00,0x00,0xFB,0xFB,0xFB,0x1A,0xFF,0xFF,0xFF,0xF3,0xFF,0xFF,0xFF,
    0xFF,0xFF,0xFF,0xFF,0xFF,0xFF,0xFF,0xFF,0xFF,0xFD,0xFD,0xFD,0xFF,0xC0,0xC0,
    0xC0,0xFF,0x31,0x35,0x33,0xFF,0x4E,0x91,0x75,0xFF,0x5A,0xA8,0x88,0xFF,0x5A,
    0xA8,0x88,0xFF,0x5A,0xA8,0x88,0xFF,0x5A,0xA8,0x88,0xFF,0x5A,0xA8,0x88,0xFF,
    0x5A,0xA8,0x88,0xFF,0x5A,0xA8,0x88,0xFF,0x5A,0xA8,0x88,0xFF,0xA0,0xB9,0xAD,
    0xFF,0xCB,0xCB,0xCB,0xFF,0xCB,0xCB,0xCB,0xFF,0xAD,0xAD,0xAD,0xFF,0x60,0x60,
    0x60,0xFF,0x2A,0x2A,0x2A,0xFF,0x04,0x04,0x04,0x99,0x0F,0x0F,0x0F,0x01,0x00,
    0x00,0x00,0x00,0x00,0x00,0x00,0x00,0x00,0x00,0x00,0x00,0x00,0x00,0x00,0x00,
    0x00,0x00,0x00,0x00,0x00,0x00,0x00,0x00,0x00,0x00,0x00,0x00,0x00,0x00,0x00,
    0x00,0x00,0x00,0x00,0x00,0x00,0x00,0x00,0x00,0x00,0x00,0x00,0x00,0x00,0x00,
    0x00,0x00,0x00,0x00,0x00,0x00,0x00,0x00,0x00,0x00,0x00,0x00,0x00,0x00,0x00,
    0x00,0x00,0x00,0x00,0x00,0x00,0x00,0x00,0x00,0x00,0x00,0x00,0x00,0x00,0x00,
    0x00,0x00,0x00,0x00,0x00,0x00,0x00,0x00,0x00,0x00,0x00,0x00,0x00,0x00,0x00,
    0x00,0x00,0x00,0x00,0x00,0x00,0x00,0x00,0x00,0x00,0x00,0x00,0x00,0x00,0x00,
    0x00,0x00,0x00,0x00,0x00,0x00,0x00,0x00,0x00,0x00,0x00,0x00,0x00,0x00,0x00,
    0x00,0x00,0x00,0x00,0x00,0x00,0x00,0x00,0x00,0x00,0x00,0x00,0x00,0x00,0x00,
    0x11,0x11,0x11,0x01,0x03,0x03,0x03,0x88,0x26,0x26,0x26,0xFE,0x5E,0x5E,0x5E,
    0xFF,0xA9,0xA9,0xA9,0xFF,0xCB,0xCB,0xCB,0xFF,0xCB,0xCB,0xCB,0xFF,0x9B,0xB7,
    0xAA,0xFF,0x5A,0xA8,0x88,0xFF,0x5A,0xA8,0x88,0xFF,0x5A,0xA8,0x88,0xFF,0x5A,
    0xA8,0x88,0xFF,0x5A,0xA8,0x88,0xFF,0x5A,0xA8,0x88,0xFF,0x5A,0xA8,0x88,0xFF,
    0x5A,0xA8,0x88,0xFF,0x4A,0x8A,0x6F,0xFF,0x27,0x2B,0x29,0xFF,0xB3,0xB3,0xB3,
    0xFF,0xFB,0xFB,0xFB,0xFF,0xFF,0xFF,0xFF,0xFF,0xFF,0xFF,0xFF,0xFF,0xFF,0xFF,
    0xFF,0xFF,0xFF,0xFF,0xFF,0xE9,0xF9,0xF9,0xF9,0x0D,0x00,0x00,0x00,0x00,0x00,
    0x00,0x00,0x00,0x00,0x00,0x00,0x00,0x00,0x00,0x00,0x00,0x00,0x00,0x00,0x00,
    0x00,0x00,0x00,0x00,0x00,0x00,0x00,0x00,0x00,0x00,0x00,0x00,0x00,0x00,0x00,
    0x00,0x00,0x00,0x00,0x00,0x00,0x00,0x00,0x00,0x00,0x00,0x00,0x00,0x00,0x00,
    0x00,0x00,0x00,0x00,0x00,0x00,0x00,0x00,0x00,0x00,0x00,0x00,0x00,0x00,0x00,
    0x00,0x00,0x00,0x00,0x00,0x00,0x00,0x00,0x00,0x00,0x00,0x00,0x00,0x00,0x00,
    0x00,0x00,0x00,0x00,0x00,0x00,0x00,0x00,0x00,0x00,0x00,0x00,0x00,0x00,0x00,
    0x00,0x00,0x00,0x00,0x00,0x00,0x00,0x00,0x00,0x00,0x00,0x00,0x00,0x00,0x00,
    0x00,0x00,0x00,0x00,0x00,0x00,0x00,0x00,0x00,0x00,0x00,0x00,0x00,0x00,0x00,
    0x00,0x00,0x00,0x00,0x00,0x00,0x00,0x00,0x00,0x00,0x00,0x00,0x00,0x00,0x00,
    0x00,0x00,0x00,0x00,0x00,0x00,0x00,0x00,0x00,0x00,0x00,0x00,0x00,0x00,0x00,
    0x00,0x00,0x00,0x00,0x00,0x00,0x00,0x00,0x00,0x00,0x00,0x00,0x00,0x00,0x00,
    0x00,0x00,0xF9,0xF9,0xF9,0x01,0xFD,0xFD,0xFD,0xAA,0xFF,0xFF,0xFF,0xFF,0xFF,
    0xFF,0xFF,0xFF,0xFF,0xFF,0xFF,0xFF,0xFF,0xFF,0xFF,0xFF,0xFF,0xFF,0xFF,0xFF,
    0xFD,0xFD,0xFD,0xFF,0xC8,0xCA,0xC9,0xFF,0x65,0xA8,0x8B,0xFF,0x5A,0xA8,0x88,
    0xFF,0x5A,0xA8,0x88,0xFF,0x5A,0xA8,0x88,0xFF,0x5A,0xA8,0x88,0xFF,0x5A,0xA8,
    0x88,0xFF,0x5A,0xA8,0x88,0xFF,0x5A,0xA8,0x88,0xFF,0x5B,0xA8,0x88,0xFF,0xA7,
    0xBB,0xB2,0xFF,0xCB,0xCB,0xCB,0xFF,0xCB,0xCB,0xCB,0xFF,0xC9,0xC9,0xC9,0xFF,
    0x93,0x93,0x93,0xFF,0x55,0x55,0x55,0xFF,0x17,0x17,0x17,0xFC,0x04,0x04,0x04,
    0x55,0x00,0x00,0x00,0x00,0x00,0x00,0x00,0x00,0x00,0x00,0x00,0x00,0x00,0x00,
    0x00,0x00,0x00,0x00,0x00,0x00,0x00,0x00,0x00,0x00,0x00,0x00,0x00,0x00,0x00,
    0x00,0x00,0x00,0x00,0x00,0x00,0x00,0x00,0x00,0x00,0x00,0x00,0x00,0x00,0x00,
    0x00,0x00,0x00,0x00,0x00,0x00,0x00,0x00,0x00,0x00,0x00,0x00,0x00,0x00,0x00,
    0x00,0x00,0x00,0x00,0x00,0x00,0x00,0x00,0x00,0x00,0x00,0x00,0x00,0x00,0x00,
    0x00,0x00,0x00,0x00,0x00,0x00,0x00,0x00,0x00,0x00,0x00,0x00,0x00,0x00,0x00,
    0x00,0x00,0x00,0x00,0x00,0x00,0x00,0x00,0x00,0x00,0x00,0x00,0x00,0x00,0x00,
    0x00,0x00,0x00,0x00,0x00,0x00,0x00,0x00,0x00,0x00,0x00,0x00,0x00,0x00,0x00,
    0x00,0x00,0x00,0x00,0x00,0x00,0x00,0x00,0x00,0x00,0x00,0x00,0x00,0x00,0x00,
    0x00,0x00,0x06,0x06,0x06,0x49,0x13,0x13,0x13,0xFA,0x53,0x53,0x53,0xFF,0x8F,
    0x8F,0x8F,0xFF,0xC9,0xC9,0xC9,0xFF,0xCB,0xCB,0xCB,0xFF,0xCB,0xCB,0xCB,0xFF,
    0xA3,0xB9,0xAE,0xFF,0x5B,0xA8,0x88,0xFF,0x5A,0xA8,0x88,0xFF,0x5A,0xA8,0x88,
    0xFF,0x5A,0xA8,0x88,0xFF,0x5A,0xA8,0x88,0xFF,0x5A,0xA8,0x88,0xFF,0x5A,0xA8,
    0x88,0xFF,0x5A,0xA8,0x88,0xFF,0x5F,0xA3,0x87,0xFF,0xBD,0xBF,0xBE,0xFF,0xFC,
    0xFC,0xFC,0xFF,0xFF,0xFF,0xFF,0xFF,0xFF,0xFF,0xFF,0xFF,0xFF,0xFF,0xFF,0xFF,
    0xFF,0xFF,0xFF,0xFF,0xFF,0xFF,0xFF,0xFF,0xFD,0xFD,0xFD,0x89,0x00,0x00,0x00,
    0x00,0x00,0x00,0x00,0x00,0x00,0x00,0x00,0x00,0x00,0x00,0x00,0x00,0x00,0x00,
    0x00,0x00,0x00,0x00,0x00,0x00,0x00,0x00,0x00,0x00,0x00,0x00,0x00,0x00,0x00,
    0x00,0x00,0x00,0x00,0x00,0x00,0x00,0x00,0x00,0x00,0x00,0x00,0x00,0x00,0x00,
    0x00,0x00,0x00,0x00,0x00,0x00,0x00,0x00,0x00,0x00,0x00,0x00,0x00,0x00,0x00,
    0x00,0x00,0x00,0x00,0x00,0x00,0x00,0x00,0x00,0x00,0x00,0x00,0x00,0x00,0x00,
    0x00,0x00,0x00,0x00,0x00,0x00,0x00,0x00,0x00,0x00,0x00,0x00,0x00,0x00,0x00,
    0x00,0x00,0x00,0x00,0x00,0x00,0x00,0x00,0x00,0x00,0x00,0x00,0x00,0x00,0x00,
    0x00,0x00,0x00,0x00,0x00,0x00,0x00,0x00,0x00,0x00,0x00,0x00,0x00,0x00,0x00,
    0x00,0x00,0x00,0x00,0x00,0x00,0x00,0x00,0x00,0x00,0x00,0x00,0x00,0x00,0x00,
    0x00,0x00,0x00,0x00,0x00,0x00,0x00,0x00,0x00,0x00,0x00,0x00,0x00,0x00,0x00,
    0x00,0x00,0x00,0x00,0x00,0x00,0x00,0x00,0x00,0x00,0x00,0x00,0x00,0x00,0x00,
    0x00,0x00,0x00,0x00,0xFC,0xFC,0xFC,0x35,0xFF,0xFF,0xFF,0xFA,0xFF,0xFF,0xFF,
    0xFF,0xFF,0xFF,0xFF,0xFF,0xFF,0xFF,0xFF,0xFF,0xFF,0xFF,0xFF,0xFF,0xFF,0xFF,
    0xFF,0xFF,0xFF,0xFF,0xFF,0xFF,0xF9,0xF9,0xF9,0xFF,0xD4,0xE1,0xDA,0xFF,0x6B,
    0xAC,0x90,0xFF,0x5A,0xA8,0x88,0xFF,0x5A,0xA8,0x88,0xFF,0x5A,0xA8,0x88,0xFF,
    0x5A,0xA8,0x88,0xFF,0x5A,0xA8,0x88,0xFF,0x5A,0xA8,0x88,0xFF,0x5D,0xA8,0x89,
    0xFF,0xAD,0xBD,0xB5,0xFF,0xCB,0xCB,0xCB,0xFF,0xCB,0xCB,0xCB,0xFF,0xCB,0xCB,
    0xCB,0xFF,0xC3,0xC3,0xC3,0xFF,0x77,0x77,0x77,0xFF,0x49,0x49,0x49,0xFF,0x11,
    0x11,0x11,0xF3,0x10,0x10,0x10,0x22,0x00,0x00,0x00,0x00,0x00,0x00,0x00,0x00,
    0x00,0x00,0x00,0x00,0x00,0x00,0x00,0x00,0x00,0x00,0x00,0x00,0x00,0x00,0x00,
    0x00,0x00,0x00,0x00,0x00,0x00,0x00,0x00,0x00,0x00,0x00,0x00,0x00,0x00,0x00,
    0x00,0x00,0x00,0x00,0x00,0x00,0x00,0x00,0x00,0x00,0x00,0x00,0x00,0x00,0x00,
    0x00,0x00,0x00,0x00,0x00,0x00,0x00,0x00,0x00,0x00,0x00,0x00,0x00,0x00,0x00,
    0x00,0x00,0x00,0x00,0x00,0x00,0x00,0x00,0x00,0x00,0x00,0x00,0x00,0x00,0x00,
    0x00,0x00,0x00,0x00,0x00,0x00,0x00,0x00,0x00,0x00,0x00,0x00,0x00,0x00,0x00,
    0x00,0x00,0x00,0x00,0x00,0x00,0x00,0x00,0x00,0x00,0x00,0x00,0x00,0x00,0x00,
    0x00,0x00,0x00,0x00,0x00,0x00,0x00,0x00,0x00,0x00,0x00,0x00,0x00,0x00,0x00,
    0x15,0x15,0x15,0x1C,0x0F,0x0F,0x0F,0xEE,0x47,0x47,0x47,0xFF,0x74,0x74,0x74,
    0xFF,0xC2,0xC2,0xC2,0xFF,0xCB,0xCB,0xCB,0xFF,0xCB,0xCB,0xCB,0xFF,0xCB,0xCB,
    0xCB,0xFF,0xA9,0xBB,0xB2,0xFF,0x5C,0xA8,0x89,0xFF,0x5A,0xA8,0x88,0xFF,0x5A,
    0xA8,0x88,0xFF,0x5A,0xA8,0x88,0xFF,0x5A,0xA8,0x88,0xFF,0x5A,0xA8,0x88,0xFF,
    0x5A,0xA8,0x88,0xFF,0x65,0xAB,0x8D,0xFF,0xCB,0xDB,0xD3,0xFF,0xF8,0xF9,0xF8,
    0xFF,0xFF,0xFF,0xFF,0xFF,0xFF,0xFF,0xFF,0xFF,0xFF,0xFF,0xFF,0xFF,0xFF,0xFF,
    0xFF,0xFF,0xFF,0xFF,0xFF,0xFF,0xFF,0xFF,0xFF,0xFF,0xFF,0xFF,0xFF,0xF5,0xFB,
    0xFB,0xFB,0x20,0x00,0x00,0x00,0x00,0x00,0x00,0x00,0x00,0x00,0x00,0x00,0x00,
    0x00,0x00,0x00,0x00,0x00,0x00,0x00,0x00,0x00,0x00,0x00,0x00,0x00,0x00,0x00,
    0x00,0x00,0x00,0x00,0x00,0x00,0x00,0x00,0x00,0x00,0x00,0x00,0x00,0x00,0x00,
    0x00,0x00,0x00,0x00,0x00,0x00,0x00,0x00,0x00,0x00,0x00,0x00,0x00,0x00,0x00,
    0x00,0x00,0x00,0x00,0x00,0x00,0x00,0x00,0x00,0x00,0x00,0x00,0x00,0x00,0x00,
    0x00,0x00,0x00,0x00,0x00,0x00,0x00,0x00,0x00,0x00,0x00,0x00,0x00,0x00,0x00,
    0x00,0x00,0x00,0x00,0x00,0x00,0x00,0x00,0x00,0x00,0x00,0x00,0x00,0x00,0x00,
    0x00,0x00,0x00,0x00,0x00,0x00,0x00,0x00,0x00,0x00,0x00,0x00,0x00,0x00,0x00,
    0x00,0x00,0x00,0x00,0x00,0x00,0x00,0x00,0x00,0x00,0x00,0x00,0x00,0x00,0x00,
    0x00,0x00,0x00,0x00,0x00,0x00,0x00,0x00,0x00,0x00,0x00,0x00,0x00,0x00,0x00,
    0x00,0x00,0x00,0x00,0x00,0x00,0x00,0x00,0x00,0x00,0x00,0x00,0x00,0x00,0x00,
    0x00,0x00,0xF7,0xF7,0xF7,0x05,0xFE,0xFE,0xFE,0xD1,0xFF,0xFF,0xFF,0xFF,0xFF,
    0xFF,0xFF,0xFF,0xFF,0xFF,0xFF,0xFF,0xFF,0xFF,0xFF,0xFF,0xFF,0xFF,0xFF,0xFF,
    0xFF,0xFF,0xFF,0xFF,0xFF,0xFF,0xFF,0xFF,0xFA,0xFA,0xFA,0xFF,0xFE,0xFE,0xFE,
    0xFF,0xD9,0xE4,0xDF,0xFF,0x6E,0xAE,0x92,0xFF,0x5A,0xA8,0x88,0xFF,0x5A,0xA8,
    0x88,0xFF,0x5A,0xA8,0x88,0xFF,0x5A,0xA8,0x88,0xFF,0x5A,0xA8,0x88,0xFF,0x5D,
    0xA8,0x89,0xFF,0xB1,0xBF,0xB8,0xFF,0xCB,0xCB,0xCB,0xFF,0xCB,0xCB,0xCB,0xFF,
    0xCB,0xCB,0xCB,0xFF,0xCB,0xCB,0xCB,0xFF,0xB4,0xB4,0xB4,0xFF,0x4D,0x4D,0x4D,
    0xFF,0x09,0x09,0x09,0xFF,0x02,0x02,0x02,0xD6,0x0D,0x0D,0x0D,0x09,0x00,0x00,
    0x00,0x00,0x00,0x00,0x00,0x00,0x00,0x00,0x00,0x00,0x00,0x00,0x00,0x00,0x00,
    0x00,0x00,0x00,0x00,0x00,0x00,0x00,0x00,0x00,0x00,0x00,0x00,0x00,0x00,0x00,
    0x00,0x00,0x00,0x00,0x00,0x00,0x00,0x00,0x00,0x00,0x00,0x00,0x00,0x00,0x00,
    0x00,0x00,0x00,0x00,0x00,0x00,0x00,0x00,0x00,0x00,0x00,0x00,0x00,0x00,0x00,
    0x00,0x00,0x00,0x00,0x00,0x00,0x00,0x00,0x00,0x00,0x00,0x00,0x00,0x00,0x00,
    0x00,0x00,0x00,0x00,0x00,0x00,0x00,0x00,0x00,0x00,0x00,0x00,0x00,0x00,0x00,
    0x00,0x00,0x00,0x00,0x00,0x00,0x00,0x00,0x00,0x00,0x00,0x00,0x00,0x00,0x00,
    0x00,0x00,0x00,0x00,0x00,0x00,0x00,0x00,0x00,0x00,0x00,0x00,0x00,0x0D,0x0D,
    0x0D,0x06,0x03,0x03,0x03,0xCA,0x0F,0x0F,0x0F,0xFF,0x51,0x51,0x51,0xFF,0xB1,
    0xB1,0xB1,0xFF,0xCB,0xCB,0xCB,0xFF,0xCB,0xCB,0xCB,0xFF,0xCB,0xCB,0xCB,0xFF,
    0xCB,0xCB,0xCB,0xFF,0xAD,0xBD,0xB5,0xFF,0x5D,0xA8,0x89,0xFF,0x5A,0xA8,0x88,
    0xFF,0x5A,0xA8,0x88,0xFF,0x5A,0xA8,0x88,0xFF,0x5A,0xA8,0x88,0xFF,0x5A,0xA8,
    0x88,0xFF,0x67,0xAB,0x8F,0xFF,0xD0,0xDF,0xD8,0xFF,0xFD,0xFE,0xFE,0xFF,0xFA,
    0xFA,0xFA,0xFF,0xFF,0xFF,0xFF,0xFF,0xFF,0xFF,0xFF,0xFF,0xFF,0xFF,0xFF,0xFF,
    0xFF,0xFF,0xFF,0xFF,0xFF,0xFF,0xFF,0xFF,0xFF,0xFF,0xFF,0xFF,0xFF,0xFF,0xFF,
    0xFF,0xFE,0xFE,0xFE,0xB6,0xF8,0xF8,0xF8,0x02,0x00,0x00,0x00,0x00,0x00,0x00,
    0x00,0x00,0x00,0x00,0x00,0x00,0x00,0x00,0x00,0x00,0x00,0x00,0x00,0x00,0x00,
    0x00,0x00,0x00,0x00,0x00,0x00,0x00,0x00,0x00,0x00,0x00,0x00,0x00,0x00,0x00,
    0x00,0x00,0x00,0x00,0x00,0x00,0x00,0x00,0x00,0x00,0x00,0x00,0x00,0x00,0x00,
    0x00,0x00,0x00,0x00,0x00,0x00,0x00,0x00,0x00,0x00,0x00,0x00,0x00,0x00,0x00,
    0x00,0x00,0x00,0x00,0x00,0x00,0x00,0x00,0x00,0x00,0x00,0x00,0x00,0x00,0x00,
    0x00,0x00,0x00,0x00,0x00,0x00,0x00,0x00,0x00,0x00,0x00,0x00,0x00,0x00,0x00,
    0x00,0x00,0x00,0x00,0x00,0x00,0x00,0x00,0x00,0x00,0x00,0x00,0x00,0x00,0x00,
    0x00,0x00,0x00,0x00,0x00,0x00,0x00,0x00,0x00,0x00,0x00,0x00,0x00,0x00,0x00,
    0x00,0x00,0x00,0x00,0x00,0x00,0x00,0x00,0x00,0x00,0x00,0x00,0x00,0x00,0x00,
    0x00,0x00,0x00,0x00,0x00,0x00,0x00,0x00,0x00,0x00,0x00,0x00,0x00,0x00,0x00,
    0x00,0x00,0x00,0x00,0xFD,0xFD,0xFD,0x5F,0xFF,0xFF,0xFF,0xFE,0xFF,0xFF,0xFF,
    0xFF,0xFF,0xFF,0xFF,0xFF,0xFF,0xFF,0xFF,0xFF,0xFF,0xFF,0xFF,0xFF,0xFF,0xFF,
    0xFF,0xFF,0xFF,0xFF,0xFF,0xFF,0xFE,0xFE,0xFE,0xFF,0xFA,0xFA,0xFA,0xFF,0xFF,
    0xFF,0xFF,0xFF,0xFE,0xFE,0xFE,0xFF,0xDC,0xE6,0xE1,0xFF,0x70,0xAE,0x93,0xFF,
    0x5A,0xA8,0x88,0xFF,0x5A,0xA8,0x88,0xFF,0x5A,0xA8,0x88,0xFF,0x5A,0xA8,0x88,
    0xFF,0x5E,0xA9,0x8A,0xFF,0xB4,0xC0,0xBA,0xFF,0xCB,0xCB,0xCB,0xFF,0xCB,0xCB,
    0xCB,0xFF,0xCB,0xCB,0xCB,0xFF,0xCB,0xCB,0xCB,0xFF,0xCA,0xCA,0xCA,0xFF,0x8E,
    0x8E,0x8E,0xFF,0x0D,0x0D,0x0D,0xFF,0x00,0x00,0x00,0xFF,0x05,0x05,0x05,0xA1,
    0x11,0x11,0x11,0x01,0x00,0x00,0x00,0x00,0x00,0x00,0x00,0x00,0x00,0x00,0x00,
    0x00,0x00,0x00,0x00,0x00,0x00,0x00,0x00,0x00,0x00,0x00,0x00,0x00,0x00,0x00,
    0x00,0x00,0x00,0x00,0x00,0x00,0x00,0x00,0x00,0x00,0x00,0x00,0x00,0x00,0x00,
    0x00,0x00,0x00,0x00,0x00,0x00,0x00,0x00,0x00,0x00,0x00,0x00,0x00,0x00,0x00,
    0x00,0x00,0x00,0x00,0x00,0x00,0x00,0x00,0x00,0x00,0x00,0x00,0x00,0x00,0x00,
    0x00,0x00,0x00,0x00,0x00,0x00,0x00,0x00,0x00,0x00,0x00,0x00,0x00,0x00,0x00,
    0x00,0x00,0x00,0x00,0x00,0x00,0x00,0x00,0x00,0x00,0x00,0x00,0x00,0x00,0x00,
    0x00,0x00,0x00,0x00,0x00,0x00,0x00,0x00,0x00,0x00,0x00,0x14,0x14,0x14,0x01,
    0x04,0x04,0x04,0x8F,0x00,0x00,0x00,0xFE,0x0A,0x0A,0x0A,0xFF,0x88,0x88,0x88,
    0xFF,0xC9,0xC9,0xC9,0xFF,0xCB,0xCB,0xCB,0xFF,0xCB,0xCB,0xCB,0xFF,0xCB,0xCB,
    0xCB,0xFF,0xCB,0xCB,0xCB,0xFF,0xB1,0xBF,0xB8,0xFF,0x5D,0xA8,0x89,0xFF,0x5A,
    0xA8,0x88,0xFF,0x5A,0xA8,0x88,0xFF,0x5A,0xA8,0x88,0xFF,0x5A,0xA8,0x88,0xFF,
    0x69,0xAC,0x90,0xFF,0xD4,0xE1,0xDB,0xFF,0xFE,0xFE,0xFE,0xFF,0xFF,0xFF,0xFF,
    0xFF,0xFA,0xFA,0xFA,0xFF,0xFE,0xFE,0xFE,0xFF,0xFF,0xFF,0xFF,0xFF,0xFF,0xFF,
    0xFF,0xFF,0xFF,0xFF,0xFF,0xFF,0xFF,0xFF,0xFF,0xFF,0xFF,0xFF,0xFF,0xFF,0xFF,
    0xFF,0xFF,0xFF,0xFF,0xFF,0xFF,0xFC,0xFC,0xFC,0xFC,0x42,0x00,0x00,0x00,0x00,
    0x00,0x00,0x00,0x00,0x00,0x00,0x00,0x00,0x00,0x00,0x00,0x00,0x00,0x00,0x00,
    0x00,0x00,0x00,0x00,0x00,0x00,0x00,0x00,0x00,0x00,0x00,0x00,0x00,0x00,0x00,
    0x00,0x00,0x00,0x00,0x00,0x00,0x00,0x00,0x00,0x00,0x00,0x00,0x00,0x00,0x00,
    0x00,0x00,0x00,0x00,0x00,0x00,0x00,0x00,0x00,0x00,0x00,0x00,0x00,0x00,0x00,
    0x00,0x00,0x00,0x00,0x00,0x00,0x00,0x00,0x00,0x00,0x00,0x00,0x00,0x00,0x00,
    0x00,0x00,0x00,0x00,0x00,0x00,0x00,0x00,0x00,0x00,0x00,0x00,0x00,0x00,0x00,
    0x00,0x00,0x00,0x00,0x00,0x00,0x00,0x00,0x00,0x00,0x00,0x00,0x00,0x00,0x00,
    0x00,0x00,0x00,0x00,0x00,0x00,0x00,0x00,0x00,0x00,0x00,0x00,0x00,0x00,0x00,
    0x00,0x00,0x00,0x00,0x00,0x00,0x00,0x00,0x00,0x00,0x00,0x00,0x00,0x00,0x00,
    0x00,0x00,0x00,0x00,0x00,0x00,0x00,0x00,0x00,0x00,0x00,0x00,0x00,0x00,0x00,
    0x00,0x00,0xF9,0xF9,0xF9,0x10,0xFF,0xFF,0xFF,0xED,0xFF,0xFF,0xFF,0xFF,0xFF,
    0xFF,0xFF,0xFF,0xFF,0xFF,0xFF,0xFF,0xFF,0xFF,0xFF,0xFF,0xFF,0xFF,0xFF,0xFF,
    0xFF,0xFF,0xFF,0xFF,0xFF,0xFF,0xFF,0xFF,0xFA,0xFA,0xFA,0xFF,0xFE,0xFE,0xFE,
    0xFF,0xFF,0xFF,0xFF,0xFF,0xFF,0xFF,0xFF,0xFF,0xFE,0xFE,0xFE,0xFF,0xDE,0xE7,
    0xE3,0xFF,0x72,0xAF,0x94,0xFF,0x5A,0xA8,0x88,0xFF,0x5A,0xA8,0x88,0xFF,0x5A,
    0xA8,0x88,0xFF,0x5F,0xA9,0x8A,0xFF,0xB7,0xC2,0xBC,0xFF,0xCB,0xCB,0xCB,0xFF,
    0xCB,0xCB,0xCB,0xFF,0xCB,0xCB,0xCB,0xFF,0xCB,0xCB,0xCB,0xFF,0xCB,0xCB,0xCB,
    0xFF,0xC4,0xC4,0xC4,0xFF,0x60,0x60,0x60,0xFF,0x06,0x06,0x06,0xFF,0x0C,0x0C,
    0x0C,0xFC,0x10,0x10,0x10,0x55,0x00,0x00,0x00,0x00,0x00,0x00,0x00,0x00,0x00,
    0x00,0x00,0x00,0x00,0x00,0x00,0x00,0x00,0x00,0x00,0x00,0x00,0x00,0x00,0x00,
    0x00,0x00,0x00,0x00,0x00,0x00,0x00,0x00,0x00,0x00,0x00,0x00,0x00,0x00,0x00,
    0x00,0x00,0x00,0x00,0x00,0x00,0x00,0x00,0x00,0x00,0x00,0x00,0x00,0x00,0x00,
    0x00,0x00,0x00,0x00,0x00,0x00,0x00,0x00,0x00,0x00,0x00,0x00,0x00,0x00,0x00,
    0x00,0x00,0x00,0x00,0x00,0x00,0x00,0x00,0x00,0x00,0x00,0x00,0x00,0x00,0x00,
    0x00,0x00,0x00,0x00,0x00,0x00,0x00,0x00,0x00,0x00,0x00,0x00,0x00,0x00,0x00,
    0x00,0x00,0x00,0x00,0x00,0x00,0x00,0x00,0x00,0x00,0x00,0x00,0x00,0x11,0x11,
    0x11,0x49,0x0A,0x0A,0x0A,0xFB,0x03,0x03,0x03,0xFF,0x59,0x59,0x59,0xFF,0xC3,
    0xC3,0xC3,0xFF,0xCB,0xCB,0xCB,0xFF,0xCB,0xCB,0xCB,0xFF,0xCB,0xCB,0xCB,0xFF,
    0xCB,0xCB,0xCB,0xFF,0xCB,0xCB,0xCB,0xFF,0xB3,0xBF,0xB9,0xFF,0x5E,0xA8,0x89,
    0xFF,0x5A,0xA8,0x88,0xFF,0x5A,0xA8,0x88,0xFF,0x5A,0xA8,0x88,0xFF,0x6B,0xAD,
    0x90,0xFF,0xD6,0xE2,0xDD,0xFF,0xFE,0xFE,0xFE,0xFF,0xFF,0xFF,0xFF,0xFF,0xFF,
    0xFF,0xFF,0xFF,0xFD,0xFD,0xFD,0xFF,0xFC,0xFC,0xFC,0xFF,0xFF,0xFF,0xFF,0xFF,
    0xFF,0xFF,0xFF,0xFF,0xFF,0xFF,0xFF,0xFF,0xFF,0xFF,0xFF,0xFF,0xFF,0xFF,0xFF,
    0xFF,0xFF,0xFF,0xFF,0xFF,0xFF,0xFF,0xFF,0xFF,0xFE,0xFE,0xFE,0xDB,0xF9,0xF9,
    0xF9,0x07,0x00,0x00,0x00,0x00,0x00,0x00,0x00,0x00,0x00,0x00,0x00,0x00,0x00,
    0x00,0x00,0x00,0x00,0x00,0x00,0x00,0x00,0x00,0x00,0x00,0x00,0x00,0x00,0x00,
    0x00,0x00,0x00,0x00,0x00,0x00,0x00,0x00,0x00,0x00,0x00,0x00,0x00,0x00,0x00,
    0x00,0x00,0x00,0x00,0x00,0x00,0x00,0x00,0x00,0x00,0x00,0x00,0x00,0x00,0x00,
    0x00,0x00,0x00,0x00,0x00,0x00,0x00,0x00,0x00,0x00,0x00,0x00,0x00,0x00,0x00,
    0x00,0x00,0x00,0x00,0x00,0x00,0x00,0x00,0x00,0x00,0x00,0x00,0x00,0x00,0x00,
    0x00,0x00,0x00,0x00,0x00,0x00,0x00,0x00,0x00,0x00,0x00,0x00,0x00,0x00,0x00,
    0x00,0x00,0x00,0x00,0x00,0x00,0x00,0x00,0x00,0x00,0x00,0x00,0x00,0x00,0x00,
    0x00,0x00,0x00,0x00,0x00,0x00,0x00,0x00,0x00,0x00,0x00,0x00,0x00,0x00,0x00,
    0x00,0x00,0x00,0x00,0x00,0x00,0x00,0x00,0x00,0x00,0x00,0x00,0x00,0x00,0x00,
    0x00,0x00,0x00,0x00,0xFD,0xFD,0xFD,0x95,0xFF,0xFF,0xFF,0xFF,0xFF,0xFF,0xFF,
    0xFF,0xFF,0xFF,0xFF,0xFF,0xFF,0xFF,0xFF,0xFF,0xFF,0xFF,0xFF,0xFF,0xFF,0xFF,
    0xFF,0xFF,0xFF,0xFF,0xFF,0xFF,0xFF,0xFF,0xFF,0xFF,0xFA,0xFA,0xFA,0xFF,0xFF,
    0xFF,0xFF,0xFF,0xFF,0xFF,0xFF,0xFF,0xFF,0xFF,0xFF,0xFF,0xFF,0xFF,0xFF,0xFF,
    0xFE,0xFF,0xFF,0xFF,0xDF,0xE8,0xE4,0xFF,0x72,0xAF,0x95,0xFF,0x5A,0xA8,0x88,
    0xFF,0x5A,0xA8,0x88,0xFF,0x5F,0xA9,0x8A,0xFF,0xB9,0xC2,0xBD,0xFF,0xCB,0xCB,
    0xCB,0xFF,0xCB,0xCB,0xCB,0xFF,0xCB,0xCB,0xCB,0xFF,0xCB,0xCB,0xCB,0xFF,0xCB,
    0xCB,0xCB,0xFF,0xCB,0xCB,0xCB,0xFF,0xB4,0xB4,0xB4,0xFF,0x50,0x50,0x50,0xFF,
    0x42,0x42,0x42,0xFF,0x05,0x05,0x05,0xEE,0x05,0x05,0x05,0x13,0x00,0x00,0x00,
    0x00,0x00,0x00,0x00,0x00,0x00,0x00,0x00,0x00,0x00,0x00,0x00,0x00,0x00,0x00,
    0x00,0x00,0x00,0x00,0x00,0x00,0x00,0x00,0x00,0x00,0x00,0x00,0x00,0x00,0x00,
    0x00,0x00,0x00,0x00,0x00,0x00,0x00,0x00,0x00,0x00,0x00,0x00,0x00,0x00,0x00,
    0x00,0x00,0x00,0x00,0x00,0x00,0x00,0x00,0x00,0x00,0x00,0x00,0x00,0x00,0x00,
    0x00,0x00,0x00,0x00,0x00,0x00,0x00,0x00,0x00,0x00,0x00,0x00,0x00,0x00,0x00,
    0x00,0x00,0x00,0x00,0x00,0x00,0x00,0x00,0x00,0x00,0x00,0x00,0x00,0x00,0x00,
    0x00,0x00,0x00,0x00,0x00,0x00,0x00,0x00,0x00,0x00,0x00,0x05,0x05,0x05,0x0F,
    0x04,0x04,0x04,0xE9,0x3E,0x3E,0x3E,0xFF,0x49,0x49,0x49,0xFF,0xB1,0xB1,0xB1,
    0xFF,0xCB,0xCB,0xCB,0xFF,0xCB,0xCB,0xCB,0xFF,0xCB,0xCB,0xCB,0xFF,0xCB,0xCB,
    0xCB,0xFF,0xCB,0xCB,0xCB,0xFF,0xCB,0xCB,0xCB,0xFF,0xB5,0xC0,0xBA,0xFF,0x5E,
    0xA9,0x8A,0xFF,0x5A,0xA8,0x88,0xFF,0x5A,0xA8,0x88,0xFF,0x6B,0xAD,0x91,0xFF,
    0xD8,0xE4,0xDE,0xFF,0xFE,0xFE,0xFE,0xFF,0xFF,0xFF,0xFF,0xFF,0xFF,0xFF,0xFF,
    0xFF,0xFF,0xFF,0xFF,0xFF,0xFF,0xFF,0xFF,0xFF,0xFA,0xFA,0xFA,0xFF,0xFF,0xFF,
    0xFF,0xFF,0xFF,0xFF,0xFF,0xFF,0xFF,0xFF,0xFF,0xFF,0xFF,0xFF,0xFF,0xFF,0xFF,
    0xFF,0xFF,0xFF,0xFF,0xFF,0xFF,0xFF,0xFF,0xFF,0xFF,0xFF,0xFF,0xFF,0xFF,0xFE,
    0xFD,0xFD,0xFD,0x71,0x00,0x00,0x00,0x00,0x00,0x00,0x00,0x00,0x00,0x00,0x00,
    0x00,0x00,0x00,0x00,0x00,0x00,0x00,0x00,0x00,0x00,0x00,0x00,0x00,0x00,0x00,
    0x00,0x00,0x00,0x00,0x00,0x00,0x00,0x00,0x00,0x00,0x00,0x00,0x00,0x00,0x00,
    0x00,0x00,0x00,0x00,0x00,0x00,0x00,0x00,0x00,0x00,0x00,0x00,0x00,0x00,0x00,
    0x00,0x00,0x00,0x00,0x00,0x00,0x00,0x00,0x00,0x00,0x00,0x00,0x00,0x00,0x00,
    0x00,0x00,0x00,0x00,0x00,0x00,0x00,0x00,0x00,0x00,0x00,0x00,0x00,0x00,0x00,
    0x00,0x00,0x00,0x00,0x00,0x00,0x00,0x00,0x00,0x00,0x00,0x00,0x00,0x00,0x00,
    0x00,0x00,0x00,0x00,0x00,0x00,0x00,0x00,0x00,0x00,0x00,0x00,0x00,0x00,0x00,
    0x00,0x00,0x00,0x00,0x00,0x00,0x00,0x00,0x00,0x00,0x00,0x00,0x00,0x00,0x00,
    0x00,0x00,0x00,0x00,0x00,0x00,0x00,0x00,0x00,0x00,0x00,0x00,0x00,0x00,0x00,
    0x00,0x00,0xFB,0xFB,0xFB,0x2C,0xFF,0xFF,0xFF,0xF8,0xFF,0xFF,0xFF,0xFF,0xFF,
    0xFF,0xFF,0xFF,0xFF,0xFF,0xFF,0xFF,0xFF,0xFF,0xFF,0xFF,0xFF,0xFF,0xFF,0xFF,
    0xFF,0xFF,0xFF,0xFF,0xFF,0xFF,0xFF,0xFF,0xFF,0xFF,0xFF,0xFF,0xFA,0xFA,0xFA,
    0xFF,0xFF,0xFF,0xFF,0xFF,0xFF,0xFF,0xFF,0xFF,0xFF,0xFF,0xFF,0xFF,0xFF,0xFF,
    0xFF,0xFF,0xFF,0xFF,0xFF,0xFF,0xFE,0xFF,0xFF,0xFF,0xDF,0xE8,0xE4,0xFF,0x72,
    0xAF,0x95,0xFF,0x5A,0xA8,0x88,0xFF,0x5F,0xA9,0x8A,0xFF,0xB9,0xC2,0xBD,0xFF,
    0xCB,0xCB,0xCB,0xFF,0xCB,0xCB,0xCB,0xFF,0xCB,0xCB,0xCB,0xFF,0xCB,0xCB,0xCB,
    0xFF,0xCB,0xCB,0xCB,0xFF,0xCB,0xCB,0xCB,0xFF,0xC8,0xC8,0xC8,0xFF,0x6B,0x6B,
    0x6B,0xFF,0x5C,0x5C,0x5C,0xFF,0x2A,0x2A,0x2A,0xFF,0x01,0x01,0x01,0xAA,0x0B,
    0x0B,0x0B,0x01,0x00,0x00,0x00,0x00,0x00,0x00,0x00,0x00,0x00,0x00,0x00,0x00,
    0x00,0x00,0x00,0x00,0x00,0x00,0x00,0x00,0x00,0x00,0x00,0x00,0x00,0x00,0x00,
    0x00,0x00,0x00,0x00,0x00,0x00,0x00,0x00,0x00,0x00,0x00,0x00,0x00,0x00,0x00,
    0x00,0x00,0x00,0x00,0x00,0x00,0x00,0x00,0x00,0x00,0x00,0x00,0x00,0x00,0x00,
    0x00,0x00,0x00,0x00,0x00,0x00,0x00,0x00,0x00,0x00,0x00,0x00,0x00,0x00,0x00,
    0x00,0x00,0x00,0x00,0x00,0x00,0x00,0x00,0x00,0x00,0x00,0x00,0x00,0x00,0x00,
    0x00,0x00,0x00,0x00,0x00,0x00,0x00,0x00,0x00,0x0A,0x0A,0x0A,0x01,0x02,0x02,
    0x02,0xA0,0x27,0x27,0x27,0xFF,0x5B,0x5B,0x5B,0xFF,0x6E,0x6E,0x6E,0xFF,0xC8,
    0xC8,0xC8,0xFF,0xCB,0xCB,0xCB,0xFF,0xCB,0xCB,0xCB,0xFF,0xCB,0xCB,0xCB,0xFF,
    0xCB,0xCB,0xCB,0xFF,0xCB,0xCB,0xCB,0xFF,0xCB,0xCB,0xCB,0xFF,0xB6,0xC0,0xBB,
    0xFF,0x5E,0xA9,0x8A,0xFF,0x5A,0xA8,0x88,0xFF,0x6B,0xAD,0x90,0xFF,0xD8,0xE3,
    0xDE,0xFF,0xFE,0xFE,0xFE,0xFF,0xFF,0xFF,0xFF,0xFF,0xFF,0xFF,0xFF,0xFF,0xFF,
    0xFF,0xFF,0xFF,0xFF,0xFF,0xFF,0xFF,0xFF,0xFF,0xFF,0xFF,0xFA,0xFA,0xFA,0xFF,
    0xFF,0xFF,0xFF,0xFF,0xFF,0xFF,0xFF,0xFF,0xFF,0xFF,0xFF,0xFF,0xFF,0xFF,0xFF,
    0xFF,0xFF,0xFF,0xFF,0xFF,0xFF,0xFF,0xFF,0xFF,0xFF,0xFF,0xFF,0xFF,0xFF,0xFF,
    0xFF,0xFF,0xFF,0xFF,0xFF,0xF3,0xFA,0xFA,0xFA,0x19,0x00,0x00,0x00,0x00,0x00,
    0x00,0x00,0x00,0x00,0x00,0x00,0x00,0x00,0x00,0x00,0x00,0x00,0x00,0x00,0x00,
    0x00,0x00,0x00,0x00,0x00,0x00,0x00,0x00,0x00,0x00,0x00,0x00,0x00,0x00,0x00,
    0x00,0x00,0x00,0x00,0x00,0x00,0x00,0x00,0x00,0x00,0x00,0x00,0x00,0x00,0x00,
    0x00,0x00,0x00,0x00,0x00,0x00,0x00,0x00,0x00,0x00,0x00,0x00,0x00,0x00,0x00,
    0x00,0x00,0x00,0x00,0x00,0x00,0x00,0x00,0x00,0x00,0x00,0x00,0x00,0x00,0x00,
    0x00,0x00,0x00,0x00,0x00,0x00,0x00,0x00,0x00,0x00,0x00,0x00,0x00,0x00,0x00,
    0x00,0x00,0x00,0x00,0x00,0x00,0x00,0x00,0x00,0x00,0x00,0x00,0x00,0x00,0x00,
    0x00,0x00,0x00,0x00,0x00,0x00,0x00,0x00,0x00,0x00,0x00,0x00,0x00,0x00,0x00,
    0x00,0x00,0x00,0x00,0x00,0x00,0x00,0x00,0x00,0x00,0x00,0x00,0x00,0x00,0x00,
    0xF7,0xF7,0xF7,0x03,0xFE,0xFE,0xFE,0xC8,0xFF,0xFF,0xFF,0xFF,0xFF,0xFF,0xFF,
    0xFF,0xFF,0xFF,0xFF,0xFF,0xFF,0xFF,0xFF,0xFF,0xFF,0xFF,0xFF,0xFF,0xFF,0xFF,
    0xFF,0xFF,0xFF,0xFF,0xFF,0xFF,0xFF,0xFF,0xFF,0xFF,0xFF,0xFF,0xFF,0xFF,0xFA,
    0xFA,0xFA,0xFF,0xFF,0xFF,0xFF,0xFF,0xFF,0xFF,0xFF,0xFF,0xFF,0xFF,0xFF,0xFF,
    0xFF,0xFF,0xFF,0xFF,0xFF,0xFF,0xFF,0xFF,0xFF,0xFF,0xFF,0xFF,0xFE,0xFF,0xFF,
    0xFF,0xDE,0xE8,0xE3,0xFF,0x71,0xAE,0x94,0xFF,0x5F,0xA9,0x8A,0xFF,0xB9,0xC2,
    0xBD,0xFF,0xCB,0xCB,0xCB,0xFF,0xCB,0xCB,0xCB,0xFF,0xCB,0xCB,0xCB,0xFF,0xCB,
    0xCB,0xCB,0xFF,0xCB,0xCB,0xCB,0xFF,0xCB,0xCB,0xCB,0xFF,0xC9,0xC9,0xC9,0xFF,
    0x77,0x77,0x77,0xFF,0x5A,0x5A,0x5A,0xFF,0x53,0x53,0x53,0xFF,0x10,0x10,0x10,
    0xFC,0x04,0x04,0x04,0x4B,0x00,0x00,0x00,0x00,0x00,0x00,0x00,0x00,0x00,0x00,
    0x00,0x00,0x00,0x00,0x00,0x00,0x00,0x00,0x00,0x00,0x00,0x00,0x00,0x00,0x00,
    0x00,0x00,0x00,0x00,0x00,0x00,0x00,0x00,0x00,0x00,0x00,0x00,0x00,0x00,0x00,
    0x00,0x00,0x00,0x00,0x00,0x00,0x00,0x00,0x00,0x00,0x00,0x00,0x00,0x00,0x00,
    0x00,0x00,0x00,0x00,0x00,0x00,0x00,0x00,0x00,0x00,0x00,0x00,0x00,0x00,0x00,
    0x00,0x00,0x00,0x00,0x00,0x00,0x00,0x00,0x00,0x00,0x00,0x00,0x00,0x00,0x00,
    0x00,0x00,0x00,0x00,0x00,0x00,0x00,0x00,0x00,0x00,0x00,0x03,0x03,0x03,0x40,
    0x0D,0x0D,0x0D,0xFA,0x51,0x51,0x51,0xFF,0x5A,0x5A,0x5A,0xFF,0x79,0x79,0x79,
    0xFF,0xC9,0xC9,0xC9,0xFF,0xCB,0xCB,0xCB,0xFF,0xCB,0xCB,0xCB,0xFF,0xCB,0xCB,
    0xCB,0xFF,0xCB,0xCB,0xCB,0xFF,0xCB,0xCB,0xCB,0xFF,0xCB,0xCB,0xCB,0xFF,0xB5,
    0xC0,0xBB,0xFF,0x5E,0xA9,0x8A,0xFF,0x6A,0xAC,0x90,0xFF,0xD7,0xE3,0xDD,0xFF,
    0xFE,0xFE,0xFE,0xFF,0xFF,0xFF,0xFF,0xFF,0xFF,0xFF,0xFF,0xFF,0xFF,0xFF,0xFF,
    0xFF,0xFF,0xFF,0xFF,0xFF,0xFF,0xFF,0xFF,0xFF,0xFF,0xFF,0xFF,0xFF,0xFA,0xFA,
    0xFA,0xFF,0xFF,0xFF,0xFF,0xFF,0xFF,0xFF,0xFF,0xFF,0xFF,0xFF,0xFF,0xFF,0xFF,
    0xFF,0xFF,0xFF,0xFF,0xFF,0xFF,0xFF,0xFF,0xFF,0xFF,0xFF,0xFF,0xFF,0xFF,0xFF,
    0xFF,0xFF,0xFF,0xFF,0xFF,0xFF,0xFF,0xFF,0xFE,0xFE,0xFE,0xA9,0xF5,0xF5,0xF5,
    0x01,0x00,0x00,0x00,0x00,0x00,0x00,0x00,0x00,0x00,0x00,0x00,0x00,0x00,0x00,
    0x00,0x00,0x00,0x00,0x00,0x00,0x00,0x00,0x00,0x00,0x00,0x00,0x00,0x00,0x00,
    0x00,0x00,0x00,0x00,0x00,0x00,0x00,0x00,0x00,0x00,0x00,0x00,0x00,0x00,0x00,
    0x00,0x00,0x00,0x00,0x00,0x00,0x00,0x00,0x00,0x00,0x00,0x00,0x00,0x00,0x00,
    0x00,0x00,0x00,0x00,0x00,0x00,0x00,0x00,0x00,0x00,0x00,0x00,0x00,0x00,0x00,
    0x00,0x00,0x00,0x00,0x00,0x00,0x00,0x00,0x00,0x00,0x00,0x00,0x00,0x00,0x00,
    0x00,0x00,0x00,0x00,0x00,0x00,0x00,0x00,0x00,0x00,0x00,0x00,0x00,0x00,0x00,
    0x00,0x00,0x00,0x00,0x00,0x00,0x00,0x00,0x00,0x00,0x00,0x00,0x00,0x00,0x00,
    0x00,0x00,0x00,0x00,0x00,0x00,0x00,0x00,0x00,0x00,0x00,0x00,0x00,0x00,0x00,
    0x00,0x00,0xFC,0xFC,0xFC,0x59,0xFF,0xFF,0xFF,0xFD,0xFF,0xFF,0xFF,0xFF,0xFF,
    0xFF,0xFF,0xFF,0xFF,0xFF,0xFF,0xFF,0xFF,0xFF,0xFF,0xFF,0xFF,0xFF,0xFF,0xFF,
    0xFF,0xFF,0xFF,0xFF,0xFF,0xFF,0xFF,0xFF,0xFF,0xFF,0xFF,0xFF,0xFE,0xFE,0xFE,
    0xFF,0xFB,0xFB,0xFB,0xFF,0xFF,0xFF,0xFF,0xFF,0xFF,0xFF,0xFF,0xFF,0xFF,0xFF,
    0xFF,0xFF,0xFF,0xFF,0xFF,0xFF,0xFF,0xFF,0xFF,0xFF,0xFF,0xFF,0xFF,0xFF,0xFF,
    0xFF,0xFF,0xFF,0xFE,0xFF,0xFE,0xFF,0xDC,0xE6,0xE1,0xFF,0x72,0xAE,0x94,0xFF,
    0xB8,0xC2,0xBD,0xFF,0xCB,0xCB,0xCB,0xFF,0xCB,0xCB,0xCB,0xFF,0xCB,0xCB,0xCB,
    0xFF,0xCB,0xCB,0xCB,0xFF,0xCB,0xCB,0xCB,0xFF,0xCB,0xCB,0xCB,0xFF,0xCA,0xCA,
    0xCA,0xFF,0x8C,0x8C,0x8C,0xFF,0x43,0x43,0x43,0xFF,0x5E,0x5E,0x5E,0xFF,0x43,
    0x43,0x43,0xFF,0x04,0x04,0x04,0xED,0x12,0x12,0x12,0x14,0x00,0x00,0x00,0x00,
    0x00,0x00,0x00,0x00,0x00,0x00,0x00,0x00,0x00,0x00,0x00,0x00,0x00,0x00,0x00,
    0x00,0x00,0x00,0x00,0x00,0x00,0x00,0x00,0x00,0x00,0x00,0x00,0x00,0x00,0x00,
    0x00,0x00,0x00,0x00,0x00,0x00,0x00,0x00,0x00,0x00,0x00,0x00,0x00,0x00,0x00,
    0x00,0x00,0x00,0x00,0x00,0x00,0x00,0x00,0x00,0x00,0x00,0x00,0x00,0x00,0x00,
    0x00,0x00,0x00,0x00,0x00,0x00,0x00,0x00,0x00,0x00,0x00,0x00,0x00,0x00,0x00,
    0x00,0x00,0x00,0x00,0x00,0x00,0x00,0x00,0x00,0x12,0x12,0x12,0x0F,0x04,0x04,
    0x04,0xE7,0x40,0x40,0x40,0xFF,0x5E,0x5E,0x5E,0xFF,0x44,0x44,0x44,0xFF,0x8D,
    0x8D,0x8D,0xFF,0xCA,0xCA,0xCA,0xFF,0xCB,0xCB,0xCB,0xFF,0xCB,0xCB,0xCB,0xFF,
    0xCB,0xCB,0xCB,0xFF,0xCB,0xCB,0xCB,0xFF,0xCB,0xCB,0xCB,0xFF,0xCB,0xCB,0xCB,
    0xFF,0xB4,0xBF,0xBA,0xFF,0x6C,0xAC,0x90,0xFF,0xD5,0xE2,0xDC,0xFF,0xFE,0xFE,
    0xFE,0xFF,0xFF,0xFF,0xFF,0xFF,0xFF,0xFF,0xFF,0xFF,0xFF,0xFF,0xFF,0xFF,0xFF,
    0xFF,0xFF,0xFF,0xFF,0xFF,0xFF,0xFF,0xFF,0xFF,0xFF,0xFF,0xFF,0xFF,0xFF,0xFF,
    0xFA,0xFA,0xFA,0xFF,0xFE,0xFE,0xFE,0xFF,0xFF,0xFF,0xFF,0xFF,0xFF,0xFF,0xFF,
    0xFF,0xFF,0xFF,0xFF,0xFF,0xFF,0xFF,0xFF,0xFF,0xFF,0xFF,0xFF,0xFF,0xFF,0xFF,
    0xFF,0xFF,0xFF,0xFF,0xFF,0xFF,0xFF,0xFF,0xFF,0xFF,0xFF,0xFF,0xFF,0xFA,0xFC,
    0xFC,0xFC,0x3D,0x00,0x00,0x00,0x00,0x00,0x00,0x00,0x00,0x00,0x00,0x00,0x00,
    0x00,0x00,0x00,0x00,0x00,0x00,0x00,0x00,0x00,0x00,0x00,0x00,0x00,0x00,0x00,
    0x00,0x00,0x00,0x00,0x00,0x00,0x00,0x00,0x00,0x00,0x00,0x00,0x00,0x00,0x00,
    0x00,0x00,0x00,0x00,0x00,0x00,0x00,0x00,0x00,0x00,0x00,0x00,0x00,0x00,0x00,
    0x00,0x00,0x00,0x00,0x00,0x00,0x00,0x00,0x00,0x00,0x00,0x00,0x00,0x00,0x00,
    0x00,0x00,0x00,0x00,0x00,0x00,0x00,0x00,0x00,0x00,0x00,0x00,0x00,0x00,0x00,
    0x00,0x00,0x00,0x00,0x00,0x00,0x00,0x00,0x00,0x00,0x00,0x00,0x00,0x00,0x00,
    0x00,0x00,0x00,0x00,0x00,0x00,0x00,0x00,0x00,0x00,0x00,0x00,0x00,0x00,0x00,
    0x00,0x00,0x00,0x00,0x00,0x00,0x00,0x00,0x00,0x00,0x00,0x00,0x00,0x00,0x00,
    0xFA,0xFA,0xFA,0x10,0xFE,0xFE,0xFE,0xEE,0xFF,0xFF,0xFF,0xFF,0xFF,0xFF,0xFF,
    0xFF,0xFF,0xFF,0xFF,0xFF,0xFF,0xFF,0xFF,0xFF,0xFF,0xFF,0xFF,0xFF,0xFF,0xFF,
    0xFF,0xFF,0xFF,0xFF,0xFF,0xFF,0xFF,0xFF,0xFF,0xFF,0xFF,0xFF,0xFF,0xFF,0xFA,
    0xFA,0xFA,0xFF,0xFE,0xFE,0xFE,0xFF,0xFF,0xFF,0xFF,0xFF,0xFF,0xFF,0xFF,0xFF,
    0xFF,0xFF,0xFF,0xFF,0xFF,0xFF,0xFF,0xFF,0xFF,0xFF,0xFF,0xFF,0xFF,0xFF,0xFF,
    0xFF,0xFF,0xFF,0xFF,0xFF,0xFF,0xFF,0xFF,0xFF,0xFE,0xFE,0xFE,0xFF,0xDB,0xE5,
    0xE0,0xFF,0xBC,0xC3,0xC0,0xFF,0xCB,0xCB,0xCB,0xFF,0xCB,0xCB,0xCB,0xFF,0xCB,
    0xCB,0xCB,0xFF,0xCB,0xCB,0xCB,0xFF,0xCB,0xCB,0xCB,0xFF,0xCB,0xCB,0xCB,0xFF,
    0xCB,0xCB,0xCB,0xFF,0xA0,0xA0,0xA0,0xFF,0x30,0x30,0x30,0xFF,0x53,0x53,0x53,
    0xFF,0x5C,0x5C,0x5C,0xFF,0x2A,0x2A,0x2A,0xFF,0x05,0x05,0x05,0xAC,0x15,0x15,
    0x15,0x01,0x00,0x00,0x00,0x00,0x00,0x00,0x00,0x00,0x00,0x00,0x00,0x00,0x00,
    0x00,0x00,0x00,0x00,0x00,0x00,0x00,0x00,0x00,0x00,0x00,0x00,0x00,0x00,0x00,
    0x00,0x00,0x00,0x00,0x00,0x00,0x00,0x00,0x00,0x00,0x00,0x00,0x00,0x00,0x00,
    0x00,0x00,0x00,0x00,0x00,0x00,0x00,0x00,0x00,0x00,0x00,0x00,0x00,0x00,0x00,
    0x00,0x00,0x00,0x00,0x00,0x00,0x00,0x00,0x00,0x00,0x00,0x00,0x00,0x00,0x00,
    0x00,0x00,0x00,0x00,0x00,0x00,0x00,0x1F,0x1F,0x1F,0x01,0x06,0x06,0x06,0xA0,
    0x27,0x27,0x27,0xFF,0x5B,0x5B,0x5B,0xFF,0x55,0x55,0x55,0xFF,0x31,0x31,0x31,
    0xFF,0xA0,0xA0,0xA0,0xFF,0xCB,0xCB,0xCB,0xFF,0xCB,0xCB,0xCB,0xFF,0xCB,0xCB,
    0xCB,0xFF,0xCB,0xCB,0xCB,0xFF,0xCB,0xCB,0xCB,0xFF,0xCB,0xCB,0xCB,0xFF,0xCB,
    0xCB,0xCB,0xFF,0xB7,0xC1,0xBC,0xFF,0xD3,0xE0,0xDA,0xFF,0xFE,0xFE,0xFE,0xFF,
    0xFF,0xFF,0xFF,0xFF,0xFF,0xFF,0xFF,0xFF,0xFF,0xFF,0xFF,0xFF,0xFF,0xFF,0xFF,
    0xFF,0xFF,0xFF,0xFF,0xFF,0xFF,0xFF,0xFF,0xFF,0xFF,0xFF,0xFF,0xFF,0xFF,0xFF,
    0xFF,0xFF,0xFE,0xFE,0xFE,0xFF,0xFB,0xFB,0xFB,0xFF,0xFF,0xFF,0xFF,0xFF,0xFF,
    0xFF,0xFF,0xFF,0xFF,0xFF,0xFF,0xFF,0xFF,0xFF,0xFF,0xFF,0xFF,0xFF,0xFF,0xFF,
    0xFF,0xFF,0xFF,0xFF,0xFF,0xFF,0xFF,0xFF,0xFF,0xFF,0xFF,0xFF,0xFF,0xFF,0xFF,
    0xFF,0xFE,0xFE,0xFE,0xDB,0xF9,0xF9,0xF9,0x07,0x00,0x00,0x00,0x00,0x00,0x00,
    0x00,0x00,0x00,0x00,0x00,0x00,0x00,0x00,0x00,0x00,0x00,0x00,0x00,0x00,0x00,
    0x00,0x00,0x00,0x00,0x00,0x00,0x00,0x00,0x00,0x00,0x00,0x00,0x00,0x00,0x00,
    0x00,0x00,0x00,0x00,0x00,0x00,0x00,0x00,0x00,0x00,0x00,0x00,0x00,0x00,0x00,
    0x00,0x00,0x00,0x00,0x00,0x00,0x00,0x00,0x00,0x00,0x00,0x00,0x00,0x00,0x00,
    0x00,0x00,0x00,0x00,0x00,0x00,0x00,0x00,0x00,0x00,0x00,0x00,0x00,0x00,0x00,
    0x00,0x00,0x00,0x00,0x00,0x00,0x00,0x00,0x00,0x00,0x00,0x00,0x00,0x00,0x00,
    0x00,0x00,0x00,0x00,0x00,0x00,0x00,0x00,0x00,0x00,0x00,0x00,0x00,0x00,0x00,
    0x00,0x00,0x00,0x00,0x00,0x00,0x00,0x00,0x00,0x00,0x00,0x00,0x00,0xF7,0xF7,
    0xF7,0x01,0xFE,0xFE,0xFE,0x98,0xFF,0xFF,0xFF,0xFF,0xFF,0xFF,0xFF,0xFF,0xFF,
    0xFF,0xFF,0xFF,0xFF,0xFF,0xFF,0xFF,0xFF,0xFF,0xFF,0xFF,0xFF,0xFF,0xFF,0xFF,
    0xFF,0xFF,0xFF,0xFF,0xFF,0xFF,0xFF,0xFF,0xFF,0xFF,0xFF,0xFF,0xFF,0xFF,0xFF,
    0xFF,0xFA,0xFA,0xFA,0xFF,0xFF,0xFF,0xFF,0xFF,0xFF,0xFF,0xFF,0xFF,0xFF,0xFF,
    0xFF,0xFF,0xFF,0xFF,0xFF,0xFF,0xFF,0xFF,0xFF,0xFF,0xFF,0xFF,0xFF,0xFF,0xFF,
    0xFF,0xFF,0xFF,0xFF,0xFF,0xFF,0xFF,0xFF,0xFF,0xFF,0xFF,0xFF,0xFF,0xFF,0xFF,
    0xFE,0xFE,0xFE,0xFF,0xE4,0xE5,0xE5,0xFF,0xCC,0xCC,0xCC,0xFF,0xCB,0xCB,0xCB,
    0xFF,0xCB,0xCB,0xCB,0xFF,0xCB,0xCB,0xCB,0xFF,0xCB,0xCB,0xCB,0xFF,0xCB,0xCB,
    0xCB,0xFF,0xCB,0xCB,0xCB,0xFF,0xB2,0xB2,0xB2,0xFF,0x35,0x35,0x35,0xFF,0x38,
    0x38,0x38,0xFF,0x5D,0x5D,0x5D,0xFF,0x52,0x52,0x52,0xFF,0x10,0x10,0x10,0xFC,
    0x09,0x09,0x09,0x4A,0x00,0x00,0x00,0x00,0x00,0x00,0x00,0x00,0x00,0x00,0x00,
    0x00,0x00,0x00,0x00,0x00,0x00,0x00,0x00,0x00,0x00,0x00,0x00,0x00,0x00,0x00,
    0x00,0x00,0x00,0x00,0x00,0x00,0x00,0x00,0x00,0x00,0x00,0x00,0x00,0x00,0x00,
    0x00,0x00,0x00,0x00,0x00,0x00,0x00,0x00,0x00,0x00,0x00,0x00,0x00,0x00,0x00,
    0x00,0x00,0x00,0x00,0x00,0x00,0x00,0x00,0x00,0x00,0x00,0x00,0x00,0x00,0x00,
    0x00,0x00,0x00,0x00,0x00,0x00,0x00,0x00,0x00,0x0A,0x0A,0x0A,0x41,0x0D,0x0D,
    0x0D,0xFA,0x51,0x51,0x51,0xFF,0x5D,0x5D,0x5D,0xFF,0x3A,0x3A,0x3A,0xFF,0x35,
    0x35,0x35,0xFF,0xB3,0xB3,0xB3,0xFF,0xCB,0xCB,0xCB,0xFF,0xCB,0xCB,0xCB,0xFF,
    0xCB,0xCB,0xCB,0xFF,0xCB,0xCB,0xCB,0xFF,0xCB,0xCB,0xCB,0xFF,0xCB,0xCB,0xCB,
    0xFF,0xCC,0xCC,0xCC,0xFF,0xE2,0xE2,0xE2,0xFF,0xFE,0xFE,0xFE,0xFF,0xFF,0xFF,
    0xFF,0xFF,0xFF,0xFF,0xFF,0xFF,0xFF,0xFF,0xFF,0xFF,0xFF,0xFF,0xFF,0xFF,0xFF,
    0xFF,0xFF,0xFF,0xFF,0xFF,0xFF,0xFF,0xFF,0xFF,0xFF,0xFF,0xFF,0xFF,0xFF,0xFF,
    0xFF,0xFF,0xFF,0xFF,0xFF,0xFF,0xFF,0xFF,0xFA,0xFA,0xFA,0xFF,0xFF,0xFF,0xFF,
    0xFF,0xFF,0xFF,0xFF,0xFF,0xFF,0xFF,0xFF,0xFF,0xFF,0xFF,0xFF,0xFF,0xFF,0xFF,
    0xFF,0xFF,0xFF,0xFF,0xFF,0xFF,0xFF,0xFF,0xFF,0xFF,0xFF,0xFF,0xFF,0xFF,0xFF,
    0xFF,0xFF,0xFF,0xFF,0xFF,0xFF,0xFE,0xFD,0xFD,0xFD,0x76,0x00,0x00,0x00,0x00,
    0x00,0x00,0x00,0x00,0x00,0x00,0x00,0x00,0x00,0x00,0x00,0x00,0x00,0x00,0x00,
    0x00,0x00,0x00,0x00,0x00,0x00,0x00,0x00,0x00,0x00,0x00,0x00,0x00,0x00,0x00,
    0x00,0x00,0x00,0x00,0x00,0x00,0x00,0x00,0x00,0x00,0x00,0x00,0x00,0x00,0x00,
    0x00,0x00,0x00,0x00,0x00,0x00,0x00,0x00,0x00,0x00,0x00,0x00,0x00,0x00,0x00,
    0x00,0x00,0x00,0x00,0x00,0x00,0x00,0x00,0x00,0x00,0x00,0x00,0x00,0x00,0x00,
    0x00,0x00,0x00,0x00,0x00,0x00,0x00,0x00,0x00,0x00,0x00,0x00,0x00,0x00,0x00,
    0x00,0x00,0x00,0x00,0x00,0x00,0x00,0x00,0x00,0x00,0x00,0x00,0x00,0x00,0x00,
    0x00,0x00,0x00,0x00,0x00,0x00,0x00,0x00,0x00,0x00,0x00,0x00,0x00,0x00,0x00,
    0xF8,0xF9,0xF8,0x31,0xFF,0xFF,0xFF,0xF9,0xFF,0xFF,0xFF,0xFF,0xFF,0xFF,0xFF,
    0xFF,0xFF,0xFF,0xFF,0xFF,0xFF,0xFF,0xFF,0xFF,0xFF,0xFF,0xFF,0xFF,0xFF,0xFF,
    0xFF,0xFF,0xFF,0xFF,0xFF,0xFF,0xFF,0xFF,0xFF,0xFF,0xFF,0xFF,0xFF,0xFF,0xFF,
    0xFF,0xFF,0xFF,0xFA,0xFA,0xFA,0xFF,0xFF,0xFF,0xFF,0xFF,0xFF,0xFF,0xFF,0xFF,
    0xFF,0xFF,0xFF,0xFF,0xFF,0xFF,0xFF,0xFF,0xFF,0xFF,0xFF,0xFF,0xFF,0xFF,0xFF,
    0xFF,0xFF,0xFF,0xFF,0xFF,0xFF,0xFF,0xFF,0xFF,0xFF,0xFF,0xFF,0xFF,0xFF,0xFF,
    0xFF,0xFF,0xFF,0xFF,0xFF,0xFF,0xFA,0xFA,0xFA,0xFF,0xE8,0xE8,0xE8,0xFF,0xCC,
    0xCC,0xCC,0xFF,0xCB,0xCB,0xCB,0xFF,0xCB,0xCB,0xCB,0xFF,0xCB,0xCB,0xCB,0xFF,
    0xCB,0xCB,0xCB,0xFF,0xCB,0xCB,0xCB,0xFF,0xC3,0xC3,0xC3,0xFF,0x3F,0x3F,0x3F,
    0xFF,0x2B,0x2B,0x2B,0xFF,0x4B,0x4B,0x4B,0xFF,0x5E,0x5E,0x5E,0xFF,0x40,0x40,
    0x40,0xFF,0x03,0x03,0x03,0xE9,0x05,0x05,0x05,0x0F,0x00,0x00,0x00,0x00,0x00,
    0x00,0x00,0x00,0x00,0x00,0x00,0x00,0x00,0x00,0x00,0x00,0x00,0x00,0x00,0x00,
    0x00,0x00,0x00,0x00,0x00,0x00,0x00,0x00,0x00,0x00,0x00,0x00,0x00,0x00,0x00,
    0x00,0x00,0x00,0x00,0x00,0x00,0x00,0x00,0x00,0x00,0x00,0x00,0x00,0x00,0x00,
    0x00,0x00,0x00,0x00,0x00,0x00,0x00,0x00,0x00,0x00,0x00,0x00,0x00,0x00,0x00,
    0x00,0x00,0x00,0x00,0x00,0x00,0x00,0x06,0x06,0x06,0x0C,0x03,0x03,0x03,0xE3,
    0x3E,0x3E,0x3E,0xFF,0x5E,0x5E,0x5E,0xFF,0x4C,0x4C,0x4C,0xFF,0x2B,0x2B,0x2B,
    0xFF,0x3F,0x3F,0x3F,0xFF,0xC3,0xC3,0xC3,0xFF,0xCB,0xCB,0xCB,0xFF,0xCB,0xCB,
    0xCB,0xFF,0xCB,0xCB,0xCB,0xFF,0xCB,0xCB,0xCB,0xFF,0xCB,0xCB,0xCB,0xFF,0xCC,
    0xCC,0xCC,0xFF,0xE5,0xE5,0xE5,0xFF,0xF9,0xF9,0xF9,0xFF,0xFF,0xFF,0xFF,0xFF,
    0xFF,0xFF,0xFF,0xFF,0xFF,0xFF,0xFF,0xFF,0xFF,0xFF,0xFF,0xFF,0xFF,0xFF,0xFF,
    0xFF,0xFF,0xFF,0xFF,0xFF,0xFF,0xFF,0xFF,0xFF,0xFF,0xFF,0xFF,0xFF,0xFF,0xFF,
    0xFF,0xFF,0xFF,0xFF,0xFF,0xFF,0xFF,0xFF,0xFF,0xFF,0xFA,0xFA,0xFA,0xFF,0xFF,
    0xFF,0xFF,0xFF,0xFF,0xFF,0xFF,0xFF,0xFF,0xFF,0xFF,0xFF,0xFF,0xFF,0xFF,0xFF,
    0xFF,0xFF,0xFF,0xFF,0xFF,0xFF,0xFF,0xFF,0xFF,0xFF,0xFF,0xFF,0xFF,0xFF,0xFF,
    0xFF,0xFF,0xFF,0xFF,0xFF,0xFF,0xFF,0xFF,0xFF,0xFF,0xFF,0xFF,0xF4,0xF9,0xF9,
    0xF9,0x1C,0x00,0x00,0x00,0x00,0x00,0x00,0x00,0x00,0x00,0x00,0x00,0x00,0x00,
    0x00,0x00,0x00,0x00,0x00,0x00,0x00,0x00,0x00,0x00,0x00,0x00,0x00,0x00,0x00,
    0x00,0x00,0x00,0x00,0x00,0x00,0x00,0x00,0x00,0x00,0x00,0x00,0x00,0x00,0x00,
    0x00,0x00,0x00,0x00,0x00,0x00,0x00,0x00,0x00,0x00,0x00,0x00,0x00,0x00,0x00,
    0x00,0x00,0x00,0x00,0x00,0x00,0x00,0x00,0x00,0x00,0x00,0x00,0x00,0x00,0x00,
    0x00,0x00,0x00,0x00,0x00,0x00,0x00,0x00,0x00,0x00,0x00,0x00,0x00,0x00,0x00,
    0x00,0x00,0x00,0x00,0x00,0x00,0x00,0x00,0x00,0x00,0x00,0x00,0x00,0x00,0x00,
    0x00,0x00,0x00,0x00,0x00,0x00,0x00,0x00,0x00,0x00,0x00,0x00,0x00,0x65,0xA7,
    0x8B,0x05,0x9D,0xC1,0xB0,0xD2,0xCD,0xDD,0xD5,0xFF,0xF0,0xF4,0xF2,0xFF,0xFD,
    0xFD,0xFD,0xFF,0xFF,0xFF,0xFF,0xFF,0xFF,0xFF,0xFF,0xFF,0xFF,0xFF,0xFF,0xFF,
    0xFF,0xFF,0xFF,0xFF,0xFF,0xFF,0xFF,0xFF,0xFF,0xFF,0xFF,0xFF,0xFF,0xFF,0xFF,
    0xFF,0xFF,0xFF,0xFF,0xFF,0xFA,0xFA,0xFA,0xFF,0xFF,0xFF,0xFF,0xFF,0xFF,0xFF,
    0xFF,0xFF,0xFF,0xFF,0xFF,0xFF,0xFF,0xFF,0xFF,0xFF,0xFF,0xFF,0xFF,0xFF,0xFF,
    0xFF,0xFF,0xFF,0xFF,0xFF,0xFF,0xFF,0xFF,0xFF,0xFF,0xFF,0xFF,0xFF,0xFF,0xFF,
    0xFF,0xFF,0xFF,0xFF,0xFF,0xFF,0xFF,0xFF,0xFA,0xFA,0xFA,0xFF,0xFE,0xFE,0xFE,
    0xFF,0xE5,0xE5,0xE5,0xFF,0xCC,0xCC,0xCC,0xFF,0xCB,0xCB,0xCB,0xFF,0xCB,0xCB,
    0xCB,0xFF,0xCB,0xCB,0xCB,0xFF,0xCB,0xCB,0xCB,0xFF,0xC8,0xC8,0xC8,0xFF,0x64,
    0x64,0x64,0xFF,0x2A,0x2A,0x2A,0xFF,0x30,0x30,0x30,0xFF,0x58,0x58,0x58,0xFF,
    0x5B,0x5B,0x5B,0xFF,0x27,0x27,0x27,0xFF,0x02,0x02,0x02,0x9F,0x0A,0x0A,0x0A,
    0x01,0x00,0x00,0x00,0x00,0x00,0x00,0x00,0x00,0x00,0x00,0x00,0x00,0x00,0x00,
    0x00,0x00,0x00,0x00,0x00,0x00,0x00,0x00,0x00,0x00,0x00,0x00,0x00,0x00,0x00,
    0x00,0x00,0x00,0x00,0x00,0x00,0x00,0x00,0x00,0x00,0x00,0x00,0x00,0x00,0x00,
    0x00,0x00,0x00,0x00,0x00,0x00,0x00,0x00,0x00,0x00,0x00,0x00,0x00,0x00,0x00,
    0x00,0x00,0x00,0x00,0x00,0x09,0x09,0x09,0x01,0x02,0x02,0x02,0x94,0x24,0x24,
    0x24,0xFF,0x5B,0x5B,0x5B,0xFF,0x59,0x59,0x59,0xFF,0x32,0x32,0x32,0xFF,0x2A,
    0x2A,0x2A,0xFF,0x65,0x65,0x65,0xFF,0xC8,0xC8,0xC8,0xFF,0xCB,0xCB,0xCB,0xFF,
    0xCB,0xCB,0xCB,0xFF,0xCB,0xCB,0xCB,0xFF,0xCB,0xCB,0xCB,0xFF,0xCC,0xCC,0xCC,
    0xFF,0xE2,0xE2,0xE2,0xFF,0xFE,0xFE,0xFE,0xFF,0xFA,0xFA,0xFA,0xFF,0xFF,0xFF,
    0xFF,0xFF,0xFF,0xFF,0xFF,0xFF,0xFF,0xFF,0xFF,0xFF,0xFF,0xFF,0xFF,0xFF,0xFF,
    0xFF,0xFF,0xFF,0xFF,0xFF,0xFF,0xFF,0xFF,0xFF,0xFF,0xFF,0xFF,0xFF,0xFF,0xFF,
    0xFF,0xFF,0xFF,0xFF,0xFF,0xFF,0xFF,0xFF,0xFF,0xFF,0xFF,0xFF,0xFA,0xFA,0xFA,
    0xFF,0xFF,0xFF,0xFF,0xFF,0xFF,0xFF,0xFF,0xFF,0xFF,0xFF,0xFF,0xFF,0xFF,0xFF,
    0xFF,0xFF,0xFF,0xFF,0xFF,0xFF,0xFF,0xFF,0xFF,0xFF,0xFF,0xFF,0xFF,0xFF,0xFF,
    0xFF,0xFF,0xFF,0xFE,0xFE,0xFE,0xFF,0xF8,0xF9,0xF8,0xFF,0xDB,0xE5,0xE0,0xFF,
    0xAC,0xC9,0xBB,0xB6,0x6E,0xAB,0x91,0x02,0x00,0x00,0x00,0x00,0x00,0x00,0x00,
    0x00,0x00,0x00,0x00,0x00,0x00,0x00,0x00,0x00,0x00,0x00,0x00,0x00,0x00,0x00,
    0x00,0x00,0x00,0x00,0x00,0x00,0x00,0x00,0x00,0x00,0x00,0x00,0x00,0x00,0x00,
    0x00,0x00,0x00,0x00,0x00,0x00,0x00,0x00,0x00,0x00,0x00,0x00,0x00,0x00,0x00,
    0x00,0x00,0x00,0x00,0x00,0x00,0x00,0x00,0x00,0x00,0x00,0x00,0x00,0x00,0x00,
    0x00,0x00,0x00,0x00,0x00,0x00,0x00,0x00,0x00,0x00,0x00,0x00,0x00,0x00,0x00,
    0x00,0x00,0x00,0x00,0x00,0x00,0x00,0x00,0x00,0x00,0x00,0x00,0x00,0x00,0x00,
    0x00,0x00,0x00,0x00,0x00,0x00,0x00,0x00,0x00,0x00,0x00,0x00,0x00,0x00,0x00,
    0x5A,0xA7,0x87,0x6D,0x5A,0xA8,0x88,0xFE,0x5D,0xA9,0x89,0xFF,0x69,0xAC,0x90,
    0xFF,0x9E,0xC2,0xB1,0xFF,0xD1,0xDF,0xD8,0xFF,0xF5,0xF7,0xF6,0xFF,0xFE,0xFE,
    0xFE,0xFF,0xFF,0xFF,0xFF,0xFF,0xFF,0xFF,0xFF,0xFF,0xFF,0xFF,0xFF,0xFF,0xFF,
    0xFF,0xFF,0xFF,0xFF,0xFF,0xFF,0xFF,0xFA,0xFA,0xFA,0xFF,0xFF,0xFF,0xFF,0xFF,
    0xFF,0xFF,0xFF,0xFF,0xFF,0xFF,0xFF,0xFF,0xFF,0xFF,0xFF,0xFF,0xFF,0xFF,0xFF,
    0xFF,0xFF,0xFF,0xFF,0xFF,0xFF,0xFF,0xFF,0xFF,0xFF,0xFF,0xFF,0xFF,0xFF,0xFF,
    0xFF,0xFF,0xFF,0xFF,0xFF,0xFF,0xFF,0xFF,0xFF,0xFF,0xFA,0xFA,0xFA,0xFF,0xFF,
    0xFF,0xFF,0xFF,0xFE,0xFE,0xFE,0xFF,0xE1,0xE1,0xE1,0xFF,0xCC,0xCC,0xCC,0xFF,
    0xCB,0xCB,0xCB,0xFF,0xCB,0xCB,0xCB,0xFF,0xCB,0xCB,0xCB,0xFF,0xCA,0xCA,0xCA,
    0xFF,0x86,0x86,0x86,0xFF,0x2A,0x2A,0x2A,0xFF,0x2A,0x2A,0x2A,0xFF,0x40,0x40,
    0x40,0xFF,0x5E,0x5E,0x5E,0xFF,0x51,0x51,0x51,0xFF,0x0D,0x0D,0x0D,0xFA,0x03,
    0x03,0x03,0x3E,0x00,0x00,0x00,0x00,0x00,0x00,0x00,0x00,0x00,0x00,0x00,0x00,
    0x00,0x00,0x00,0x00,0x00,0x00,0x00,0x00,0x00,0x00,0x00,0x00,0x00,0x00,0x00,
    0x00,0x00,0x00,0x00,0x00,0x00,0x00,0x00,0x00,0x00,0x00,0x00,0x00,0x00,0x00,
    0x00,0x00,0x00,0x00,0x00,0x00,0x00,0x00,0x00,0x00,0x00,0x00,0x00,0x00,0x00,
    0x00,0x00,0x00,0x00,0x00,0x00,0x00,0x04,0x04,0x04,0x37,0x0A,0x0A,0x0A,0xF9,
    0x4F,0x4F,0x4F,0xFF,0x5E,0x5E,0x5E,0xFF,0x42,0x42,0x42,0xFF,0x2A,0x2A,0x2A,
    0xFF,0x2A,0x2A,0x2A,0xFF,0x87,0x87,0x87,0xFF,0xCA,0xCA,0xCA,0xFF,0xCB,0xCB,
    0xCB,0xFF,0xCB,0xCB,0xCB,0xFF,0xCB,0xCB,0xCB,0xFF,0xCB,0xCB,0xCB,0xFF,0xDE,
    0xDE,0xDE,0xFF,0xFD,0xFD,0xFD,0xFF,0xFF,0xFF,0xFF,0xFF,0xFA,0xFA,0xFA,0xFF,
    0xFF,0xFF,0xFF,0xFF,0xFF,0xFF,0xFF,0xFF,0xFF,0xFF,0xFF,0xFF,0xFF,0xFF,0xFF,
    0xFF,0xFF,0xFF,0xFF,0xFF,0xFF,0xFF,0xFF,0xFF,0xFF,0xFF,0xFF,0xFF,0xFF,0xFF,
    0xFF,0xFF,0xFF,0xFF,0xFF,0xFF,0xFF,0xFF,0xFF,0xFF,0xFF,0xFF,0xFF,0xFF,0xFA,
    0xFA,0xFA,0xFF,0xFF,0xFF,0xFF,0xFF,0xFF,0xFF,0xFF,0xFF,0xFF,0xFF,0xFF,0xFF,
    0xFF,0xFF,0xFF,0xFF,0xFF,0xFF,0xFF,0xFF,0xFE,0xFE,0xFE,0xFF,0xFA,0xFB,0xFA,
    0xFF,0xDD,0xE7,0xE2,0xFF,0xB0,0xCC,0xBF,0xFF,0x77,0xB1,0x97,0xFF,0x60,0xAA,
    0x8B,0xFF,0x5A,0xA8,0x88,0xFC,0x5A,0xA7,0x87,0x4B,0x00,0x00,0x00,0x00,0x00,
    0x00,0x00,0x00,0x00,0x00,0x00,0x00,0x00,0x00,0x00,0x00,0x00,0x00,0x00,0x00,
    0x00,0x00,0x00,0x00,0x00,0x00,0x00,0x00,0x00,0x00,0x00,0x00,0x00,0x00,0x00,
    0x00,0x00,0x00,0x00,0x00,0x00,0x00,0x00,0x00,0x00,0x00,0x00,0x00,0x00,0x00,
    0x00,0x00,0x00,0x00,0x00,0x00,0x00,0x00,0x00,0x00,0x00,0x00,0x00,0x00,0x00,
    0x00,0x00,0x00,0x00,0x00,0x00,0x00,0x00,0x00,0x00,0x00,0x00,0x00,0x00,0x00,
    0x00,0x00,0x00,0x00,0x00,0x00,0x00,0x00,0x00,0x00,0x00,0x00,0x00,0x00,0x00,
    0x00,0x00,0x00,0x00,0x00,0x00,0x00,0x00,0x00,0x00,0x00,0x00,0x00,0x59,0xA5,
    0x86,0x19,0x5A,0xA8,0x88,0xF2,0x5A,0xA8,0x88,0xFF,0x5A,0xA8,0x88,0xFF,0x5A,
    0xA8,0x88,0xFF,0x5A,0xA8,0x88,0xFF,0x5E,0xA9,0x8A,0xFF,0x72,0xAF,0x94,0xFF,
    0xB0,0xCC,0xBE,0xFF,0xE2,0xEA,0xE6,0xFF,0xFC,0xFC,0xFC,0xFF,0xFF,0xFF,0xFF,
    0xFF,0xFF,0xFF,0xFF,0xFF,0xFF,0xFF,0xFF,0xFF,0xFA,0xFA,0xFA,0xFF,0xFF,0xFF,
    0xFF,0xFF,0xFF,0xFF,0xFF,0xFF,0xFF,0xFF,0xFF,0xFF,0xFF,0xFF,0xFF,0xFF,0xFF,
    0xFF,0xFF,0xFF,0xFF,0xFF,0xFF,0xFF,0xFF,0xFF,0xFF,0xFF,0xFF,0xFF,0xFF,0xFF,
    0xFF,0xFF,0xFF,0xFF,0xFF,0xFF,0xFF,0xFF,0xFF,0xFF,0xFF,0xFF,0xFA,0xFA,0xFA,
    0xFF,0xFF,0xFF,0xFF,0xFF,0xFF,0xFF,0xFF,0xFF,0xFD,0xFD,0xFD,0xFF,0xDE,0xDE,
    0xDE,0xFF,0xCB,0xCB,0xCB,0xFF,0xCB,0xCB,0xCB,0xFF,0xCB,0xCB,0xCB,0xFF,0xCB,
    0xCB,0xCB,0xFF,0xA1,0xA1,0xA1,0xFF,0x2E,0x2E,0x2E,0xFF,0x2A,0x2A,0x2A,0xFF,
    0x2C,0x2C,0x2C,0xFF,0x51,0x51,0x51,0xFF,0x5E,0x5E,0x5E,0xFF,0x3F,0x3F,0x3F,
    0xFF,0x03,0x03,0x03,0xE3,0x11,0x11,0x11,0x0F,0x00,0x00,0x00,0x00,0x00,0x00,
    0x00,0x00,0x00,0x00,0x00,0x00,0x00,0x00,0x00,0x00,0x00,0x00,0x00,0x00,0x00,
    0x00,0x00,0x00,0x00,0x00,0x00,0x00,0x00,0x00,0x00,0x00,0x00,0x00,0x00,0x00,
    0x00,0x00,0x00,0x00,0x00,0x00,0x00,0x00,0x00,0x00,0x00,0x00,0x00,0x00,0x00,
    0x00,0x00,0x00,0x00,0x00,0x0F,0x0F,0x0F,0x0B,0x02,0x02,0x02,0xDA,0x3C,0x3C,
    0x3C,0xFF,0x5E,0x5E,0x5E,0xFF,0x52,0x52,0x52,0xFF,0x2C,0x2C,0x2C,0xFF,0x2A,
    0x2A,0x2A,0xFF,0x2E,0x2E,0x2E,0xFF,0xA1,0xA1,0xA1,0xFF,0xCB,0xCB,0xCB,0xFF,
    0xCB,0xCB,0xCB,0xFF,0xCB,0xCB,0xCB,0xFF,0xCB,0xCB,0xCB,0xFF,0xDB,0xDB,0xDB,
    0xFF,0xFC,0xFC,0xFC,0xFF,0xFF,0xFF,0xFF,0xFF,0xFF,0xFF,0xFF,0xFF,0xFA,0xFA,
    0xFA,0xFF,0xFF,0xFF,0xFF,0xFF,0xFF,0xFF,0xFF,0xFF,0xFF,0xFF,0xFF,0xFF,0xFF,
    0xFF,0xFF,0xFF,0xFF,0xFF,0xFF,0xFF,0xFF,0xFF,0xFF,0xFF,0xFF,0xFF,0xFF,0xFF,
    0xFF,0xFF,0xFF,0xFF,0xFF,0xFF,0xFF,0xFF,0xFF,0xFF,0xFF,0xFF,0xFF,0xFF,0xFF,
    0xFF,0xFA,0xFA,0xFA,0xFF,0xFF,0xFF,0xFF,0xFF,0xFF,0xFF,0xFF,0xFF,0xFF,0xFF,
    0xFF,0xFF,0xFD,0xFD,0xFD,0xFF,0xEC,0xF1,0xEF,0xFF,0xC0,0xD5,0xCA,0xFF,0x82,
    0xB5,0x9E,0xFF,0x61,0xAA,0x8B,0xFF,0x5A,0xA8,0x88,0xFF,0x5A,0xA8,0x88,0xFF,
    0x5A,0xA8,0x88,0xFF,0x5A,0xA8,0x88,0xFF,0x5A,0xA8,0x88,0xE6,0x59,0xA4,0x85,
    0x0D,0x00,0x00,0x00,0x00,0x00,0x00,0x00,0x00,0x00,0x00,0x00,0x00,0x00,0x00,
    0x00,0x00,0x00,0x00,0x00,0x00,0x00,0x00,0x00,0x00,0x00,0x00,0x00,0x00,0x00,
    0x00,0x00,0x00,0x00,0x00,0x00,0x00,0x00,0x00,0x00,0x00,0x00,0x00,0x00,0x00,
    0x00,0x00,0x00,0x00,0x00,0x00,0x00,0x00,0x00,0x00,0x00,0x00,0x00,0x00,0x00,
    0x00,0x00,0x00,0x00,0x00,0x00,0x00,0x00,0x00,0x00,0x00,0x00,0x00,0x00,0x00,
    0x00,0x00,0x00,0x00,0x00,0x00,0x00,0x00,0x00,0x00,0x00,0x00,0x00,0x00,0x00,
    0x00,0x00,0x00,0x00,0x00,0x00,0x00,0x00,0x00,0x00,0x00,0x59,0xA2,0x84,0x02,
    0x5A,0xA7,0x87,0xB4,0x5A,0xA8,0x88,0xFF,0x5A,0xA8,0x88,0xFF,0x5A,0xA8,0x88,
    0xFF,0x5A,0xA8,0x88,0xFF,0x5A,0xA8,0x88,0xFF,0x5A,0xA8,0x88,0xFF,0x5A,0xA8,
    0x88,0xFF,0x5A,0xA8,0x88,0xFF,0x63,0xAA,0x8C,0xFF,0x91,0xBC,0xA8,0xFF,0xD0,
    0xDE,0xD7,0xFF,0xF7,0xF9,0xF8,0xFF,0xFE,0xFE,0xFE,0xFF,0xFA,0xFA,0xFA,0xFF,
    0xFF,0xFF,0xFF,0xFF,0xFF,0xFF,0xFF,0xFF,0xFF,0xFF,0xFF,0xFF,0xFF,0xFF,0xFF,
    0xFF,0xFF,0xFF,0xFF,0xFF,0xFF,0xFF,0xFF,0xFF,0xFF,0xFF,0xFF,0xFF,0xFF,0xFF,
    0xFF,0xFF,0xFF,0xFF,0xFF,0xFF,0xFF,0xFF,0xFF,0xFF,0xFF,0xFF,0xFF,0xFF,0xFA,
    0xFA,0xFA,0xFF,0xFF,0xFF,0xFF,0xFF,0xFF,0xFF,0xFF,0xFF,0xFF,0xFF,0xFF,0xFF,
    0xFC,0xFC,0xFC,0xFF,0xDA,0xDA,0xDA,0xFF,0xCB,0xCB,0xCB,0xFF,0xCB,0xCB,0xCB,
    0xFF,0xCB,0xCB,0xCB,0xFF,0xB7,0xB7,0xB7,0xFF,0x37,0x37,0x37,0xFF,0x2A,0x2A,
    0x2A,0xFF,0x2A,0x2A,0x2A,0xFF,0x36,0x36,0x36,0xFF,0x5C,0x5C,0x5C,0xFF,0x5B,
    0x5B,0x5B,0xFF,0x26,0x26,0x26,0xFF,0x05,0x05,0x05,0x9F,0x1B,0x1B,0x1B,0x01,
    0x00,0x00,0x00,0x00,0x00,0x00,0x00,0x00,0x00,0x00,0x00,0x00,0x00,0x00,0x00,
    0x00,0x00,0x00,0x00,0x00,0x00,0x00,0x00,0x00,0x00,0x00,0x00,0x00,0x00,0x00,
    0x00,0x00,0x00,0x00,0x00,0x00,0x00,0x00,0x00,0x00,0x00,0x00,0x00,0x00,0x00,
    0x00,0x00,0x00,0x1C,0x1C,0x1C,0x01,0x06,0x06,0x06,0x94,0x23,0x23,0x23,0xFF,
    0x5A,0x5A,0x5A,0xFF,0x5C,0x5C,0x5C,0xFF,0x37,0x37,0x37,0xFF,0x2A,0x2A,0x2A,
    0xFF,0x2A,0x2A,0x2A,0xFF,0x37,0x37,0x37,0xFF,0xB8,0xB8,0xB8,0xFF,0xCB,0xCB,
    0xCB,0xFF,0xCB,0xCB,0xCB,0xFF,0xCB,0xCB,0xCB,0xFF,0xD8,0xD8,0xD8,0xFF,0xFB,
    0xFB,0xFB,0xFF,0xFF,0xFF,0xFF,0xFF,0xFF,0xFF,0xFF,0xFF,0xFF,0xFF,0xFF,0xFF,
    0xFA,0xFA,0xFA,0xFF,0xFF,0xFF,0xFF,0xFF,0xFF,0xFF,0xFF,0xFF,0xFF,0xFF,0xFF,
    0xFF,0xFF,0xFF,0xFF,0xFF,0xFF,0xFF,0xFF,0xFF,0xFF,0xFF,0xFF,0xFF,0xFF,0xFF,
    0xFF,0xFF,0xFF,0xFF,0xFF,0xFF,0xFF,0xFF,0xFF,0xFF,0xFF,0xFF,0xFF,0xFF,0xFF,
    0xFF,0xFF,0xFF,0xFA,0xFA,0xFA,0xFF,0xFE,0xFE,0xFE,0xFF,0xFB,0xFC,0xFB,0xFF,
    0xDC,0xE6,0xE1,0xFF,0xA4,0xC5,0xB5,0xFF,0x68,0xAC,0x8F,0xFF,0x5B,0xA8,0x89,
    0xFF,0x5A,0xA8,0x88,0xFF,0x5A,0xA8,0x88,0xFF,0x5A,0xA8,0x88,0xFF,0x5A,0xA8,
    0x88,0xFF,0x5A,0xA8,0x88,0xFF,0x5A,0xA8,0x88,0xFF,0x5A,0xA8,0x88,0xFF,0x5A,
    0xA7,0x87,0x93,0x00,0x00,0x00,0x00,0x00,0x00,0x00,0x00,0x00,0x00,0x00,0x00,
    0x00,0x00,0x00,0x00,0x00,0x00,0x00,0x00,0x00,0x00,0x00,0x00,0x00,0x00,0x00,
    0x00,0x00,0x00,0x00,0x00,0x00,0x00,0x00,0x00,0x00,0x00,0x00,0x00,0x00,0x00,
    0x00,0x00,0x00,0x00,0x00,0x00,0x00,0x00,0x00,0x00,0x00,0x00,0x00,0x00,0x00,
    0x00,0x00,0x00,0x00,0x00,0x00,0x00,0x00,0x00,0x00,0x00,0x00,0x00,0x00,0x00,
    0x00,0x00,0x00,0x00,0x00,0x00,0x00,0x00,0x00,0x00,0x00,0x00,0x00,0x00,0x00,
    0x00,0x00,0x00,0x00,0x00,0x00,0x00,0x00,0x00,0x00,0x00,0x00,0x00,0x5A,0xA6,
    0x87,0x4D,0x5A,0xA8,0x88,0xFC,0x5A,0xA8,0x88,0xFF,0x5A,0xA8,0x88,0xFF,0x5A,
    0xA8,0x88,0xFF,0x5A,0xA8,0x88,0xFF,0x5A,0xA8,0x88,0xFF,0x5A,0xA8,0x88,0xFF,
    0x5A,0xA8,0x88,0xFF,0x5A,0xA8,0x88,0xFF,0x5A,0xA8,0x88,0xFF,0x5A,0xA8,0x88,
    0xFF,0x5E,0xA9,0x8A,0xFF,0x7E,0xB3,0x9B,0xFF,0xC3,0xD6,0xCD,0xFF,0xEE,0xF2,
    0xF2,0xFF,0xFE,0xFE,0xFE,0xFF,0xFF,0xFF,0xFF,0xFF,0xFF,0xFF,0xFF,0xFF,0xFF,
    0xFF,0xFF,0xFF,0xFF,0xFF,0xFF,0xFF,0xFF,0xFF,0xFF,0xFF,0xFF,0xFF,0xFF,0xFF,
    0xFF,0xFF,0xFF,0xFF,0xFF,0xFF,0xFF,0xFF,0xFF,0xFF,0xFF,0xFF,0xFF,0xFF,0xFF,
    0xFF,0xFA,0xFA,0xFA,0xFF,0xFF,0xFF,0xFF,0xFF,0xFF,0xFF,0xFF,0xFF,0xFF,0xFF,
    0xFF,0xFF,0xFF,0xFF,0xFF,0xFF,0xFA,0xFA,0xFA,0xFF,0xD6,0xD6,0xD6,0xFF,0xCB,
    0xCB,0xCB,0xFF,0xCB,0xCB,0xCB,0xFF,0xC7,0xC7,0xC7,0xFF,0x52,0x52,0x52,0xFF,
    0x2A,0x2A,0x2A,0xFF,0x2A,0x2A,0x2A,0xFF,0x2A,0x2A,0x2A,0xFF,0x47,0x47,0x47,
    0xFF,0x5F,0x5F,0x5F,0xFF,0x51,0x51,0x51,0xFF,0x0C,0x0C,0x0C,0xFA,0x0B,0x0B,
    0x0B,0x40,0x00,0x00,0x00,0x00,0x00,0x00,0x00,0x00,0x00,0x00,0x00,0x00,0x00,
    0x00,0x00,0x00,0x00,0x00,0x00,0x00,0x00,0x00,0x00,0x00,0x00,0x00,0x00,0x00,
    0x00,0x00,0x00,0x00,0x00,0x00,0x00,0x00,0x00,0x00,0x00,0x00,0x00,0x00,0x00,
    0x00,0x00,0x00,0x00,0x00,0x0C,0x0C,0x0C,0x37,0x0A,0x0A,0x0A,0xF9,0x4F,0x4F,
    0x4F,0xFF,0x5F,0x5F,0x5F,0xFF,0x49,0x49,0x49,0xFF,0x2B,0x2B,0x2B,0xFF,0x2A,
    0x2A,0x2A,0xFF,0x2A,0x2A,0x2A,0xFF,0x53,0x53,0x53,0xFF,0xC7,0xC7,0xC7,0xFF,
    0xCB,0xCB,0xCB,0xFF,0xCB,0xCB,0xCB,0xFF,0xD4,0xD4,0xD4,0xFF,0xF9,0xF9,0xF9,
    0xFF,0xFF,0xFF,0xFF,0xFF,0xFF,0xFF,0xFF,0xFF,0xFF,0xFF,0xFF,0xFF,0xFF,0xFF,
    0xFF,0xFF,0xFA,0xFA,0xFA,0xFF,0xFF,0xFF,0xFF,0xFF,0xFF,0xFF,0xFF,0xFF,0xFF,
    0xFF,0xFF,0xFF,0xFF,0xFF,0xFF,0xFF,0xFF,0xFF,0xFF,0xFF,0xFF,0xFF,0xFF,0xFF,
    0xFF,0xFF,0xFF,0xFF,0xFF,0xFF,0xFF,0xFF,0xFF,0xFF,0xFF,0xFF,0xFF,0xFF,0xFF,
    0xFF,0xFF,0xFF,0xFF,0xFF,0xF4,0xF6,0xF6,0xFF,0xD0,0xDE,0xD8,0xFF,0x8E,0xBA,
    0xA6,0xFF,0x61,0xAA,0x8B,0xFF,0x5A,0xA8,0x88,0xFF,0x5A,0xA8,0x88,0xFF,0x5A,
    0xA8,0x88,0xFF,0x5A,0xA8,0x88,0xFF,0x5A,0xA8,0x88,0xFF,0x5A,0xA8,0x88,0xFF,
    0x5A,0xA8,0x88,0xFF,0x5A,0xA8,0x88,0xFF,0x5A,0xA8,0x88,0xFF,0x5A,0xA8,0x88,
    0xFF,0x5A,0xA8,0x88,0xF8,0x5A,0xA6,0x87,0x30,0x00,0x00,0x00,0x00,0x00,0x00,
    0x00,0x00,0x00,0x00,0x00,0x00,0x00,0x00,0x00,0x00,0x00,0x00,0x00,0x00,0x00,
    0x00,0x00,0x00,0x00,0x00,0x00,0x00,0x00,0x00,0x00,0x00,0x00,0x00,0x00,0x00,
    0x00,0x00,0x00,0x00,0x00,0x00,0x00,0x00,0x00,0x00,0x00,0x00,0x00,0x00,0x00,
    0x00,0x00,0x00,0x00,0x00,0x00,0x00,0x00,0x00,0x00,0x00,0x00,0x00,0x00,0x00,
    0x00,0x00,0x00,0x00,0x00,0x00,0x00,0x00,0x00,0x00,0x00,0x00,0x00,0x00,0x00,
    0x00,0x00,0x00,0x00,0x00,0x00,0x00,0x00,0x00,0x00,0x00,0x59,0xA4,0x85,0x0E,
    0x5A,0xA8,0x88,0xE8,0x5A,0xA8,0x88,0xFF,0x5A,0xA8,0x88,0xFF,0x5A,0xA8,0x88,
    0xFF,0x5A,0xA8,0x88,0xFF,0x5A,0xA8,0x88,0xFF,0x5A,0xA8,0x88,0xFF,0x5A,0xA8,
    0x88,0xFF,0x5A,0xA8,0x88,0xFF,0x5A,0xA8,0x88,0xFF,0x5A,0xA8,0x88,0xFF,0x5A,
    0xA8,0x88,0xFF,0x5A,0xA8,0x88,0xFF,0x5A,0xA8,0x88,0xFF,0x5A,0xA8,0x8A,0xFF,
    0x56,0xBC,0xBB,0xFF,0xB6,0xDA,0xDA,0xFF,0xF1,0xF7,0xF7,0xFF,0xFE,0xFE,0xFE,
    0xFF,0xFF,0xFF,0xFF,0xFF,0xFF,0xFF,0xFF,0xFF,0xFF,0xFF,0xFF,0xFF,0xFF,0xFF,
    0xFF,0xFF,0xFF,0xFF,0xFF,0xFF,0xFF,0xFF,0xFF,0xFF,0xFF,0xFF,0xFF,0xFF,0xFF,
    0xFF,0xFF,0xFF,0xFA,0xFA,0xFA,0xFF,0xFF,0xFF,0xFF,0xFF,0xFF,0xFF,0xFF,0xFF,
    0xFF,0xFF,0xFF,0xFF,0xFF,0xFF,0xFF,0xFF,0xFF,0xFF,0xFF,0xFF,0xF8,0xF8,0xF8,
    0xFF,0xD3,0xD3,0xD3,0xFF,0xCB,0xCB,0xCB,0xFF,0xCA,0xCA,0xCA,0xFF,0x7F,0x7F,
    0x7F,0xFF,0x2A,0x2A,0x2A,0xFF,0x2A,0x2A,0x2A,0xFF,0x2A,0x2A,0x2A,0xFF,0x2E,
    0x2E,0x2E,0xFF,0x56,0x56,0x56,0xFF,0x5E,0x5E,0x5E,0xFF,0x3D,0x3D,0x3D,0xFF,
    0x04,0x04,0x04,0xE2,0x11,0x11,0x11,0x0B,0x00,0x00,0x00,0x00,0x00,0x00,0x00,
    0x00,0x00,0x00,0x00,0x00,0x00,0x00,0x00,0x00,0x00,0x00,0x00,0x00,0x00,0x00,
    0x00,0x00,0x00,0x00,0x00,0x00,0x00,0x00,0x00,0x00,0x00,0x00,0x00,0x00,0x00,
    0x00,0x00,0x00,0x14,0x14,0x14,0x09,0x04,0x04,0x04,0xDB,0x3A,0x3A,0x3A,0xFF,
    0x5E,0x5E,0x5E,0xFF,0x57,0x57,0x57,0xFF,0x2F,0x2F,0x2F,0xFF,0x2A,0x2A,0x2A,
    0xFF,0x2A,0x2A,0x2A,0xFF,0x2A,0x2A,0x2A,0xFF,0x80,0x80,0x80,0xFF,0xCA,0xCA,
    0xCA,0xFF,0xCB,0xCB,0xCB,0xFF,0xD1,0xD1,0xD1,0xFF,0xF6,0xF6,0xF6,0xFF,0xFF,
    0xFF,0xFF,0xFF,0xFF,0xFF,0xFF,0xFF,0xFF,0xFF,0xFF,0xFF,0xFF,0xFF,0xFF,0xFF,
    0xFF,0xFF,0xFF,0xFF,0xFA,0xFA,0xFA,0xFF,0xFF,0xFF,0xFF,0xFF,0xFF,0xFF,0xFF,
    0xFF,0xFF,0xFF,0xFF,0xFF,0xFF,0xFF,0xFF,0xFF,0xFF,0xFF,0xFF,0xFF,0xFF,0xFF,
    0xFF,0xFF,0xFF,0xFF,0xFF,0xFF,0xFF,0xFF,0xFF,0xFF,0xFF,0xFF,0xFF,0xFF,0xF7,
    0xFA,0xFA,0xFF,0xC6,0xE1,0xE1,0xFF,0x6E,0xBE,0xBC,0xFF,0x5D,0xA9,0x8C,0xFF,
    0x5A,0xA8,0x88,0xFF,0x5A,0xA8,0x88,0xFF,0x5A,0xA8,0x88,0xFF,0x5A,0xA8,0x88,
    0xFF,0x5A,0xA8,0x88,0xFF,0x5A,0xA8,0x88,0xFF,0x5A,0xA8,0x88,0xFF,0x5A,0xA8,
    0x88,0xFF,0x5A,0xA8,0x88,0xFF,0x5A,0xA8,0x88,0xFF,0x5A,0xA8,0x88,0xFF,0x5A,
    0xA8,0x88,0xFF,0x5A,0xA8,0x88,0xFF,0x5A,0xA8,0x88,0xD3,0x59,0xA5,0x86,0x06,
    0x00,0x00,0x00,0x00,0x00,0x00,0x00,0x00,0x00,0x00,0x00,0x00,0x00,0x00,0x00,
    0x00,0x00,0x00,0x00,0x00,0x00,0x00,0x00,0x00,0x00,0x00,0x00,0x00,0x00,0x00,
    0x00,0x00,0x00,0x00,0x00,0x00,0x00,0x00,0x00,0x00,0x00,0x00,0x00,0x00,0x00,
    0x00,0x00,0x00,0x00,0x00,0x00,0x00,0x00,0x00,0x00,0x00,0x00,0x00,0x00,0x00,
    0x00,0x00,0x00,0x00,0x00,0x00,0x00,0x00,0x00,0x00,0x00,0x00,0x00,0x00,0x00,
    0x00,0x00,0x00,0x00,0x00,0x00,0x00,0x00,0x00,0x59,0xA5,0x86,0x01,0x5A,0xA7,
    0x87,0x98,0x5A,0xA8,0x88,0xFF,0x5A,0xA8,0x88,0xFF,0x5A,0xA8,0x88,0xFF,0x5A,
    0xA8,0x88,0xFF,0x5A,0xA8,0x88,0xFF,0x5A,0xA8,0x88,0xFF,0x5A,0xA8,0x88,0xFF,
    0x5A,0xA8,0x88,0xFF,0x5A,0xA8,0x88,0xFF,0x5A,0xA8,0x88,0xFF,0x5A,0xA8,0x88,
    0xFF,0x5A,0xA8,0x88,0xFF,0x5A,0xA8,0x88,0xFF,0x5A,0xA8,0x88,0xFF,0x56,0xA6,
    0x89,0xFF,0x0D,0xB7,0xB6,0xFF,0x0F,0xB8,0xB8,0xFF,0x55,0xBE,0xBE,0xFF,0xBA,
    0xDB,0xDB,0xFF,0xF4,0xF8,0xF8,0xFF,0xFF,0xFF,0xFF,0xFF,0xFF,0xFF,0xFF,0xFF,
    0xFF,0xFF,0xFF,0xFF,0xFF,0xFF,0xFF,0xFF,0xFF,0xFF,0xFF,0xFF,0xFF,0xFF,0xFF,
    0xFF,0xFF,0xFF,0xFF,0xFF,0xFC,0xFC,0xFC,0xFF,0xFC,0xFC,0xFC,0xFF,0xFF,0xFF,
    0xFF,0xFF,0xFF,0xFF,0xFF,0xFF,0xFF,0xFF,0xFF,0xFF,0xFF,0xFF,0xFF,0xFF,0xFF,
    0xFF,0xFF,0xFF,0xF4,0xF4,0xF4,0xFF,0xD0,0xD0,0xD0,0xFF,0xCB,0xCB,0xCB,0xFF,
    0xA0,0xA0,0xA0,0xFF,0x2E,0x2E,0x2E,0xFF,0x2A,0x2A,0x2A,0xFF,0x2A,0x2A,0x2A,
    0xFF,0x2A,0x2A,0x2A,0xFF,0x3C,0x3C,0x3C,0xFF,0x5D,0x5D,0x5D,0xFF,0x5A,0x5A,
    0x5A,0xFF,0x23,0x23,0x23,0xFF,0x03,0x03,0x03,0x93,0x0A,0x0A,0x0A,0x01,0x00,
    0x00,0x00,0x00,0x00,0x00,0x00,0x00,0x00,0x00,0x00,0x00,0x00,0x00,0x00,0x00,
    0x00,0x00,0x00,0x00,0x00,0x00,0x00,0x00,0x00,0x00,0x00,0x00,0x00,0x00,0x00,
    0x00,0x00,0x00,0x00,0x00,0x03,0x03,0x03,0x87,0x20,0x20,0x20,0xFE,0x5A,0x5A,
    0x5A,0xFF,0x5E,0x5E,0x5E,0xFF,0x3E,0x3E,0x3E,0xFF,0x2A,0x2A,0x2A,0xFF,0x2A,
    0x2A,0x2A,0xFF,0x2A,0x2A,0x2A,0xFF,0x2E,0x2E,0x2E,0xFF,0xA1,0xA1,0xA1,0xFF,
    0xCB,0xCB,0xCB,0xFF,0xCE,0xCE,0xCE,0xFF,0xF2,0xF2,0xF2,0xFF,0xFF,0xFF,0xFF,
    0xFF,0xFF,0xFF,0xFF,0xFF,0xFF,0xFF,0xFF,0xFF,0xFF,0xFF,0xFF,0xFF,0xFF,0xFF,
    0xFF,0xFF,0xFC,0xFC,0xFC,0xFF,0xFD,0xFD,0xFD,0xFF,0xFF,0xFF,0xFF,0xFF,0xFF,
    0xFF,0xFF,0xFF,0xFF,0xFF,0xFF,0xFF,0xFF,0xFF,0xFF,0xFF,0xFF,0xFF,0xFF,0xFF,
    0xFF,0xFF,0xFF,0xFF,0xFF,0xFF,0xFF,0xFF,0xF9,0xFB,0xFB,0xFF,0xCA,0xE2,0xE2,
    0xFF,0x6A,0xC2,0xC2,0xFF,0x19,0xB9,0xB9,0xFF,0x11,0xB6,0xB5,0xFF,0x58,0xA7,
    0x8A,0xFF,0x5A,0xA8,0x88,0xFF,0x5A,0xA8,0x88,0xFF,0x5A,0xA8,0x88,0xFF,0x5A,
    0xA8,0x88,0xFF,0x5A,0xA8,0x88,0xFF,0x5A,0xA8,0x88,0xFF,0x5A,0xA8,0x88,0xFF,
    0x5A,0xA8,0x88,0xFF,0x5A,0xA8,0x88,0xFF,0x5A,0xA8,0x88,0xFF,0x5A,0xA8,0x88,
    0xFF,0x5A,0xA8,0x88,0xFF,0x5A,0xA8,0x88,0xFF,0x5A,0xA8,0x88,0xFE,0x5A,0xA6,
    0x87,0x75,0x00,0x00,0x00,0x00,0x00,0x00,0x00,0x00,0x00,0x00,0x00,0x00,0x00,
    0x00,0x00,0x00,0x00,0x00,0x00,0x00,0x00,0x00,0x00,0x00,0x00,0x00,0x00,0x00,
    0x00,0x00,0x00,0x00,0x00,0x00,0x00,0x00,0x00,0x00,0x00,0x00,0x00,0x00,0x00,
    0x00,0x00,0x00,0x00,0x00,0x00,0x00,0x00,0x00,0x00,0x00,0x00,0x00,0x00,0x00,
    0x00,0x00,0x00,0x00,0x00,0x00,0x00,0x00,0x00,0x00,0x00,0x00,0x00,0x00,0x00,
    0x00,0x00,0x00,0x00,0x00,0x00,0x00,0x00,0x00,0x00,0x00,0x5A,0xA6,0x86,0x39,
    0x5A,0xA8,0x88,0xFA,0x5A,0xA8,0x88,0xFF,0x5A,0xA8,0x88,0xFF,0x5A,0xA8,0x88,
    0xFF,0x5A,0xA8,0x88,0xFF,0x5A,0xA8,0x88,0xFF,0x5A,0xA8,0x88,0xFF,0x5A,0xA8,
    0x88,0xFF,0x5A,0xA8,0x88,0xFF,0x5A,0xA8,0x88,0xFF,0x5A,0xA8,0x88,0xFF,0x5A,
    0xA8,0x88,0xFF,0x5A,0xA8,0x88,0xFF,0x5A,0xA8,0x88,0xFF,0x5A,0xA8,0x88,0xFF,
    0x55,0xA8,0x8D,0xFF,0x0C,0xB7,0xB6,0xFF,0x00,0xB8,0xB8,0xFF,0x00,0xB8,0xB8,
    0xFF,0x12,0xB8,0xB8,0xFF,0x63,0xC0,0xC0,0xFF,0xC8,0xE1,0xE1,0xFF,0xF9,0xFB,
    0xFB,0xFF,0xFF,0xFF,0xFF,0xFF,0xFF,0xFF,0xFF,0xFF,0xFF,0xFF,0xFF,0xFF,0xFF,
    0xFF,0xFF,0xFF,0xFF,0xFF,0xFF,0xFF,0xFF,0xFF,0xFF,0xFF,0xFA,0xFA,0xFA,0xFF,
    0xFF,0xFF,0xFF,0xFF,0xFF,0xFF,0xFF,0xFF,0xFF,0xFF,0xFF,0xFF,0xFF,0xFF,0xFF,
    0xFF,0xFF,0xFF,0xFF,0xFF,0xFF,0xFF,0xFF,0xFF,0xF0,0xF0,0xF0,0xFF,0xCD,0xCD,
    0xCD,0xFF,0xBB,0xBB,0xBB,0xFF,0x39,0x39,0x39,0xFF,0x2A,0x2A,0x2A,0xFF,0x2A,
    0x2A,0x2A,0xFF,0x2A,0x2A,0x2A,0xFF,0x2B,0x2B,0x2B,0xFF,0x4E,0x4E,0x4E,0xFF,
    0x5F,0x5F,0x5F,0xFF,0x4F,0x4F,0x4F,0xFF,0x0A,0x0A,0x0A,0xF9,0x03,0x03,0x03,
    0x35,0x00,0x00,0x00,0x00,0x00,0x00,0x00,0x00,0x00,0x00,0x00,0x00,0x00,0x00,
    0x00,0x00,0x00,0x00,0x00,0x00,0x00,0x00,0x00,0x00,0x00,0x00,0x00,0x00,0x00,
    0x00,0x00,0x00,0x04,0x04,0x04,0x2E,0x08,0x08,0x08,0xF8,0x4D,0x4D,0x4D,0xFF,
    0x5F,0x5F,0x5F,0xFF,0x4F,0x4F,0x4F,0xFF,0x2B,0x2B,0x2B,0xFF,0x2A,0x2A,0x2A,
    0xFF,0x2A,0x2A,0x2A,0xFF,0x2A,0x2A,0x2A,0xFF,0x3A,0x3A,0x3A,0xFF,0xBB,0xBB,
    0xBB,0xFF,0xCC,0xCC,0xCC,0xFF,0xED,0xED,0xED,0xFF,0xFF,0xFF,0xFF,0xFF,0xFF,
    0xFF,0xFF,0xFF,0xFF,0xFF,0xFF,0xFF,0xFF,0xFF,0xFF,0xFF,0xFF,0xFF,0xFF,0xFF,
    0xFF,0xFF,0xFF,0xFF,0xFA,0xFA,0xFA,0xFF,0xFF,0xFF,0xFF,0xFF,0xFF,0xFF,0xFF,
    0xFF,0xFF,0xFF,0xFF,0xFF,0xFF,0xFF,0xFF,0xFF,0xFF,0xFF,0xFF,0xFF,0xFF,0xFF,
    0xFF,0xFF,0xFC,0xFD,0xFD,0xFF,0xD6,0xE8,0xE8,0xFF,0x78,0xC5,0xC5,0xFF,0x1D,
    0xB9,0xB9,0xFF,0x00,0xB8,0xB8,0xFF,0x00,0xB8,0xB8,0xFF,0x0D,0xB7,0xB6,0xFF,
    0x57,0xA5,0x89,0xFF,0x5A,0xA8,0x88,0xFF,0x5A,0xA8,0x88,0xFF,0x5A,0xA8,0x88,
    0xFF,0x5A,0xA8,0x88,0xFF,0x5A,0xA8,0x88,0xFF,0x5A,0xA8,0x88,0xFF,0x5A,0xA8,
    0x88,0xFF,0x5A,0xA8,0x88,0xFF,0x5A,0xA8,0x88,0xFF,0x5A,0xA8,0x88,0xFF,0x5A,
    0xA8,0x88,0xFF,0x5A,0xA8,0x88,0xFF,0x5A,0xA8,0x88,0xFF,0x5A,0xA8,0x88,0xFF,
    0x5A,0xA8,0x88,0xF4,0x5A,0xA6,0x87,0x20,0x00,0x00,0x00,0x00,0x00,0x00,0x00,
    0x00,0x00,0x00,0x00,0x00,0x00,0x00,0x00,0x00,0x00,0x00,0x00,0x00,0x00,0x00,
    0x00,0x00,0x00,0x00,0x00,0x00,0x00,0x00,0x00,0x00,0x00,0x00,0x00,0x00,0x00,
    0x00,0x00,0x00,0x00,0x00,0x00,0x00,0x00,0x00,0x00,0x00,0x00,0x00,0x00,0x00,
    0x00,0x00,0x00,0x00,0x00,0x00,0x00,0x00,0x00,0x00,0x00,0x00,0x00,0x00,0x00,
    0x00,0x00,0x00,0x00,0x00,0x00,0x00,0x00,0x00,0x59,0xA4,0x85,0x08,0x5A,0xA7,
    0x88,0xDC,0x5A,0xA8,0x88,0xFF,0x5A,0xA8,0x88,0xFF,0x5A,0xA8,0x88,0xFF,0x5A,
    0xA8,0x88,0xFF,0x5A,0xA8,0x88,0xFF,0x5A,0xA8,0x88,0xFF,0x5A,0xA8,0x88,0xFF,
    0x5A,0xA8,0x88,0xFF,0x5A,0xA8,0x88,0xFF,0x5A,0xA8,0x88,0xFF,0x5A,0xA8,0x88,
    0xFF,0x5A,0xA8,0x88,0xFF,0x5A,0xA8,0x88,0xFF,0x5A,0xA8,0x88,0xFF,0x5A,0xA8,
    0x88,0xFF,0x54,0xA8,0x8E,0xFF,0x0B,0xB7,0xB7,0xFF,0x00,0xB8,0xB8,0xFF,0x00,
    0xB8,0xB8,0xFF,0x00,0xB8,0xB8,0xFF,0x00,0xB8,0xB8,0xFF,0x1D,0xB9,0xB9,0xFF,
    0x7E,0xC7,0xC7,0xFF,0xDD,0xEB,0xEB,0xFF,0xFD,0xFE,0xFE,0xFF,0xFF,0xFF,0xFF,
    0xFF,0xFF,0xFF,0xFF,0xFF,0xFF,0xFF,0xFF,0xFF,0xFF,0xFF,0xFF,0xFF,0xFA,0xFA,
    0xFA,0xFF,0xFF,0xFF,0xFF,0xFF,0xFF,0xFF,0xFF,0xFF,0xFF,0xFF,0xFF,0xFF,0xFF,
    0xFF,0xFF,0xFF,0xFF,0xFF,0xFF,0xFF,0xFF,0xFF,0xFF,0xFF,0xFE,0xFE,0xFE,0xFF,
    0xE9,0xE9,0xE9,0xFF,0xC9,0xC9,0xC9,0xFF,0x62,0x62,0x62,0xFF,0x2A,0x2A,0x2A,
    0xFF,0x2A,0x2A,0x2A,0xFF,0x2A,0x2A,0x2A,0xFF,0x2A,0x2A,0x2A,0xFF,0x32,0x32,
    0x32,0xFF,0x5A,0x5A,0x5A,0xFF,0x5E,0x5E,0x5E,0xFF,0x3A,0x3A,0x3A,0xFF,0x02,
    0x02,0x02,0xDA,0x05,0x05,0x05,0x08,0x00,0x00,0x00,0x00,0x00,0x00,0x00,0x00,
    0x00,0x00,0x00,0x00,0x00,0x00,0x00,0x00,0x00,0x00,0x00,0x00,0x00,0x00,0x00,
    0x00,0x07,0x07,0x07,0x06,0x02,0x02,0x02,0xD2,0x37,0x37,0x37,0xFF,0x5E,0x5E,
    0x5E,0xFF,0x5A,0x5A,0x5A,0xFF,0x33,0x33,0x33,0xFF,0x2A,0x2A,0x2A,0xFF,0x2A,
    0x2A,0x2A,0xFF,0x2A,0x2A,0x2A,0xFF,0x2A,0x2A,0x2A,0xFF,0x63,0x63,0x63,0xFF,
    0xC9,0xC9,0xC9,0xFF,0xE7,0xE7,0xE7,0xFF,0xFE,0xFE,0xFE,0xFF,0xFF,0xFF,0xFF,
    0xFF,0xFF,0xFF,0xFF,0xFF,0xFF,0xFF,0xFF,0xFF,0xFF,0xFF,0xFF,0xFF,0xFF,0xFF,
    0xFF,0xFF,0xFF,0xFF,0xFF,0xFF,0xFA,0xFA,0xFA,0xFF,0xFF,0xFF,0xFF,0xFF,0xFF,
    0xFF,0xFF,0xFF,0xFF,0xFF,0xFF,0xFF,0xFF,0xFF,0xFF,0xFF,0xFE,0xFE,0xFE,0xFF,
    0xE7,0xF1,0xF1,0xFF,0x93,0xCD,0xCD,0xFF,0x28,0xB9,0xB9,0xFF,0x01,0xB8,0xB8,
    0xFF,0x00,0xB8,0xB8,0xFF,0x00,0xB8,0xB8,0xFF,0x00,0xB8,0xB8,0xFF,0x0C,0xB7,
    0xB6,0xFF,0x56,0xA6,0x8A,0xFF,0x5A,0xA8,0x88,0xFF,0x5A,0xA8,0x88,0xFF,0x5A,
    0xA8,0x88,0xFF,0x5A,0xA8,0x88,0xFF,0x5A,0xA8,0x88,0xFF,0x5A,0xA8,0x88,0xFF,
    0x5A,0xA8,0x88,0xFF,0x5A,0xA8,0x88,0xFF,0x5A,0xA8,0x88,0xFF,0x5A,0xA8,0x88,
    0xFF,0x5A,0xA8,0x88,0xFF,0x5A,0xA8,0x88,0xFF,0x5A,0xA8,0x88,0xFF,0x5A,0xA8,
    0x88,0xFF,0x5A,0xA8,0x88,0xFF,0x5A,0xA7,0x87,0xC3,0x59,0xA5,0x86,0x03,0x00,
    0x00,0x00,0x00,0x00,0x00,0x00,0x00,0x00,0x00,0x00,0x00,0x00,0x00,0x00,0x00,
    0x00,0x00,0x00,0x00,0x00,0x00,0x00,0x00,0x00,0x00,0x00,0x00,0x00,0x00,0x00,
    0x00,0x00,0x00,0x00,0x00,0x00,0x00,0x00,0x00,0x00,0x00,0x00,0x00,0x00,0x00,
    0x00,0x00,0x00,0x00,0x00,0x00,0x00,0x00,0x00,0x00,0x00,0x00,0x00,0x00,0x00,
    0x00,0x00,0x00,0x00,0x00,0x00,0x00,0x00,0x00,0x00,0x00,0x5A,0xA7,0x87,0x83,
    0x5A,0xA8,0x88,0xFE,0x5A,0xA8,0x88,0xFF,0x5A,0xA8,0x88,0xFF,0x5A,0xA8,0x88,
    0xFF,0x5A,0xA8,0x88,0xFF,0x5A,0xA8,0x88,0xFF,0x5A,0xA8,0x88,0xFF,0x5A,0xA8,
    0x88,0xFF,0x5A,0xA8,0x88,0xFF,0x5A,0xA8,0x88,0xFF,0x5A,0xA8,0x88,0xFF,0x5A,
    0xA8,0x88,0xFF,0x5A,0xA8,0x88,0xFF,0x5A,0xA8,0x88,0xFF,0x5A,0xA8,0x88,0xFF,
    0x5A,0xA8,0x88,0xFF,0x53,0xA7,0x8E,0xFF,0x0B,0xB7,0xB7,0xFF,0x00,0xB8,0xB8,
    0xFF,0x00,0xB8,0xB8,0xFF,0x00,0xB8,0xB8,0xFF,0x00,0xB8,0xB8,0xFF,0x00,0xB8,
    0xB8,0xFF,0x01,0xB8,0xB8,0xFF,0x31,0xBA,0xBA,0xFF,0xA4,0xD3,0xD3,0xFF,0xF0,
    0xF6,0xF6,0xFF,0xFF,0xFF,0xFF,0xFF,0xFF,0xFF,0xFF,0xFF,0xFF,0xFF,0xFF,0xFF,
    0xFA,0xFA,0xFA,0xFF,0xFF,0xFF,0xFF,0xFF,0xFF,0xFF,0xFF,0xFF,0xFF,0xFF,0xFF,
    0xFF,0xFF,0xFF,0xFF,0xFF,0xFF,0xFF,0xFF,0xFF,0xFF,0xFF,0xFF,0xFF,0xFF,0xFF,
    0xFF,0xFF,0xFE,0xFE,0xFE,0xFF,0xE2,0xE2,0xE2,0xFF,0x91,0x91,0x91,0xFF,0x2B,
    0x2B,0x2B,0xFF,0x2A,0x2A,0x2A,0xFF,0x2A,0x2A,0x2A,0xFF,0x2A,0x2A,0x2A,0xFF,
    0x2A,0x2A,0x2A,0xFF,0x43,0x43,0x43,0xFF,0x5E,0x5E,0x5E,0xFF,0x59,0x59,0x59,
    0xFF,0x20,0x20,0x20,0xFE,0x02,0x02,0x02,0x84,0x00,0x00,0x00,0x00,0x00,0x00,
    0x00,0x00,0x00,0x00,0x00,0x00,0x00,0x00,0x00,0x00,0x00,0x00,0x00,0x00,0x00,
    0x00,0x00,0x00,0x02,0x02,0x02,0x78,0x1C,0x1C,0x1C,0xFE,0x58,0x58,0x58,0xFF,
    0x5E,0x5E,0x5E,0xFF,0x44,0x44,0x44,0xFF,0x2A,0x2A,0x2A,0xFF,0x2A,0x2A,0x2A,
    0xFF,0x2A,0x2A,0x2A,0xFF,0x2A,0x2A,0x2A,0xFF,0x2B,0x2B,0x2B,0xFF,0x90,0x90,
    0x90,0xFF,0xDF,0xDF,0xDF,0xFF,0xFE,0xFE,0xFE,0xFF,0xFF,0xFF,0xFF,0xFF,0xFF,
    0xFF,0xFF,0xFF,0xFF,0xFF,0xFF,0xFF,0xFF,0xFF,0xFF,0xFF,0xFF,0xFF,0xFF,0xFF,
    0xFF,0xFF,0xFF,0xFF,0xFF,0xFF,0xFF,0xFF,0xFA,0xFA,0xFA,0xFF,0xFF,0xFF,0xFF,
    0xFF,0xFF,0xFF,0xFF,0xFF,0xFF,0xFF,0xFF,0xFF,0xF6,0xF9,0xF9,0xFF,0xB5,0xD9,
    0xD9,0xFF,0x42,0xBB,0xBB,0xFF,0x03,0xB8,0xB8,0xFF,0x00,0xB8,0xB8,0xFF,0x00,
    0xB8,0xB8,0xFF,0x00,0xB8,0xB8,0xFF,0x00,0xB8,0xB8,0xFF,0x00,0xB8,0xB8,0xFF,
    0x0C,0xB7,0xB6,0xFF,0x55,0xA7,0x8C,0xFF,0x5A,0xA8,0x88,0xFF,0x5A,0xA8,0x88,
    0xFF,0x5A,0xA8,0x88,0xFF,0x5A,0xA8,0x88,0xFF,0x5A,0xA8,0x88,0xFF,0x5A,0xA8,
    0x88,0xFF,0x5A,0xA8,0x88,0xFF,0x5A,0xA8,0x88,0xFF,0x5A,0xA8,0x88,0xFF,0x5A,
    0xA8,0x88,0xFF,0x5A,0xA8,0x88,0xFF,0x5A,0xA8,0x88,0xFF,0x5A,0xA8,0x88,0xFF,
    0x5A,0xA8,0x88,0xFF,0x5A,0xA8,0x88,0xFF,0x5A,0xA8,0x88,0xFD,0x5A,0xA6,0x87,
    0x60,0x00,0x00,0x00,0x00,0x00,0x00,0x00,0x00,0x00,0x00,0x00,0x00,0x00,0x00,
    0x00,0x00,0x00,0x00,0x00,0x00,0x00,0x00,0x00,0x00,0x00,0x00,0x00,0x00,0x00,
    0x00,0x00,0x00,0x00,0x00,0x00,0x00,0x00,0x00,0x00,0x00,0x00,0x00,0x00,0x00,
    0x00,0x00,0x00,0x00,0x00,0x00,0x00,0x00,0x00,0x00,0x00,0x00,0x00,0x00,0x00,
    0x00,0x00,0x00,0x00,0x00,0x00,0x00,0x00,0x00,0x5A,0xA6,0x86,0x2D,0x5A,0xA8,
    0x88,0xF7,0x5A,0xA8,0x88,0xFF,0x5A,0xA8,0x88,0xFF,0x5A,0xA8,0x88,0xFF,0x5A,
    0xA8,0x88,0xFF,0x5A,0xA8,0x88,0xFF,0x5A,0xA8,0x88,0xFF,0x5A,0xA8,0x88,0xFF,
    0x5A,0xA8,0x88,0xFF,0x5A,0xA8,0x88,0xFF,0x5A,0xA8,0x88,0xFF,0x5A,0xA8,0x88,
    0xFF,0x5A,0xA8,0x88,0xFF,0x5A,0xA8,0x88,0xFF,0x5A,0xA8,0x88,0xFF,0x5A,0xA8,
    0x88,0xFF,0x5A,0xA8,0x88,0xFF,0x53,0xA7,0x8E,0xFF,0x0B,0xB7,0xB7,0xFF,0x00,
    0xB8,0xB8,0xFF,0x00,0xB8,0xB8,0xFF,0x00,0xB8,0xB8,0xFF,0x00,0xB8,0xB8,0xFF,
    0x00,0xB8,0xB8,0xFF,0x00,0xB8,0xB8,0xFF,0x00,0xB8,0xB8,0xFF,0x09,0xB8,0xB8,
    0xFF,0x5E,0xBF,0xBF,0xFF,0xCE,0xE4,0xE4,0xFF,0xFC,0xFD,0xFD,0xFF,0xFF,0xFF,
    0xFF,0xFF,0xFA,0xFA,0xFA,0xFF,0xFF,0xFF,0xFF,0xFF,0xFF,0xFF,0xFF,0xFF,0xFF,
    0xFF,0xFF,0xFF,0xFF,0xFF,0xFF,0xFF,0xFF,0xFF,0xFF,0xFF,0xFF,0xFF,0xFF,0xFF,
    0xFF,0xFF,0xFF,0xFF,0xFF,0xFF,0xFF,0xFF,0xFD,0xFD,0xFD,0xFF,0xC4,0xC4,0xC4,
    0xFF,0x36,0x36,0x36,0xFF,0x2A,0x2A,0x2A,0xFF,0x2A,0x2A,0x2A,0xFF,0x2A,0x2A,
    0x2A,0xFF,0x2A,0x2A,0x2A,0xFF,0x2C,0x2C,0x2C,0xFF,0x53,0x54,0x54,0xFF,0x5F,
    0x5F,0x5F,0xFF,0x4E,0x4E,0x4E,0xFF,0x0A,0x0A,0x0A,0xF7,0x06,0x06,0x06,0x2F,
    0x00,0x00,0x00,0x00,0x00,0x00,0x00,0x00,0x00,0x00,0x00,0x00,0x00,0x00,0x00,
    0x00,0x07,0x07,0x07,0x28,0x08,0x08,0x08,0xF5,0x4B,0x4B,0x4B,0xFF,0x5F,0x5F,
    0x5F,0xFF,0x54,0x55,0x55,0xFF,0x2D,0x2D,0x2D,0xFF,0x2A,0x2A,0x2A,0xFF,0x2A,
    0x2A,0x2A,0xFF,0x2A,0x2A,0x2A,0xFF,0x2A,0x2A,0x2A,0xFF,0x35,0x35,0x35,0xFF,
    0xC1,0xC1,0xC1,0xFF,0xFC,0xFC,0xFC,0xFF,0xFF,0xFF,0xFF,0xFF,0xFF,0xFF,0xFF,
    0xFF,0xFF,0xFF,0xFF,0xFF,0xFF,0xFF,0xFF,0xFF,0xFF,0xFF,0xFF,0xFF,0xFF,0xFF,
    0xFF,0xFF,0xFF,0xFF,0xFF,0xFF,0xFF,0xFF,0xFF,0xFF,0xFA,0xFA,0xFA,0xFF,0xFF,
    0xFF,0xFF,0xFF,0xFD,0xFE,0xFE,0xFF,0xDA,0xEA,0xEA,0xFF,0x71,0xC4,0xC4,0xFF,
    0x12,0xB8,0xB8,0xFF,0x00,0xB8,0xB8,0xFF,0x00,0xB8,0xB8,0xFF,0x00,0xB8,0xB8,
    0xFF,0x00,0xB8,0xB8,0xFF,0x00,0xB8,0xB8,0xFF,0x00,0xB8,0xB8,0xFF,0x00,0xB8,
    0xB8,0xFF,0x0C,0xB7,0xB6,0xFF,0x55,0xA7,0x8C,0xFF,0x5A,0xA8,0x88,0xFF,0x5A,
    0xA8,0x88,0xFF,0x5A,0xA8,0x88,0xFF,0x5A,0xA8,0x88,0xFF,0x5A,0xA8,0x88,0xFF,
    0x5A,0xA8,0x88,0xFF,0x5A,0xA8,0x88,0xFF,0x5A,0xA8,0x88,0xFF,0x5A,0xA8,0x88,
    0xFF,0x5A,0xA8,0x88,0xFF,0x5A,0xA8,0x88,0xFF,0x5A,0xA8,0x88,0xFF,0x5A,0xA8,
    0x88,0xFF,0x5A,0xA8,0x88,0xFF,0x5A,0xA8,0x88,0xFF,0x5A,0xA8,0x88,0xFF,0x5A,
    0xA8,0x88,0xF1,0x59,0xA5,0x86,0x18,0x00,0x00,0x00,0x00,0x00,0x00,0x00,0x00,
    0x00,0x00,0x00,0x00,0x00,0x00,0x00,0x00,0x00,0x00,0x00,0x00,0x00,0x00,0x00,
    0x00,0x00,0x00,0x00,0x00,0x00,0x00,0x00,0x00,0x00,0x00,0x00,0x00,0x00,0x00,
    0x00,0x00,0x00,0x00,0x00,0x00,0x00,0x00,0x00,0x00,0x00,0x00,0x00,0x00,0x00,
    0x00,0x00,0x00,0x00,0x00,0x00,0x00,0x59,0xA4,0x85,0x06,0x5A,0xA7,0x88,0xD4,
    0x5A,0xA8,0x88,0xFF,0x5A,0xA8,0x88,0xFF,0x5A,0xA8,0x88,0xFF,0x5A,0xA8,0x88,
    0xFF,0x5A,0xA8,0x88,0xFF,0x5A,0xA8,0x88,0xFF,0x5A,0xA8,0x88,0xFF,0x5A,0xA8,
    0x88,0xFF,0x5A,0xA8,0x88,0xFF,0x5A,0xA8,0x88,0xFF,0x5A,0xA8,0x88,0xFF,0x5A,
    0xA8,0x88,0xFF,0x5A,0xA8,0x88,0xFF,0x5A,0xA8,0x88,0xFF,0x5A,0xA8,0x88,0xFF,
    0x5A,0xA8,0x88,0xFF,0x5A,0xA8,0x88,0xFF,0x54,0xA8,0x8E,0xFF,0x0B,0xB7,0xB7,
    0xFF,0x00,0xB8,0xB8,0xFF,0x00,0xB8,0xB8,0xFF,0x00,0xB8,0xB8,0xFF,0x00,0xB8,
    0xB8,0xFF,0x00,0xB8,0xB8,0xFF,0x00,0xB8,0xB8,0xFF,0x00,0xB8,0xB8,0xFF,0x00,
    0xB8,0xB8,0xFF,0x00,0xB8,0xB8,0xFF,0x26,0xB9,0xB9,0xFF,0x9A,0xCF,0xCF,0xFF,
    0xEF,0xF5,0xF5,0xFF,0xFA,0xFA,0xFA,0xFF,0xFE,0xFE,0xFE,0xFF,0xFF,0xFF,0xFF,
    0xFF,0xFF,0xFF,0xFF,0xFF,0xFF,0xFF,0xFF,0xFF,0xFF,0xFF,0xFF,0xFF,0xFF,0xFF,
    0xFF,0xFF,0xFF,0xFF,0xFF,0xFF,0xFF,0xFF,0xFF,0xFF,0xFF,0xFF,0xFF,0xFF,0xF6,
    0xF6,0xF6,0xFF,0x68,0x68,0x68,0xFF,0x2A,0x2A,0x2A,0xFF,0x2A,0x2A,0x2A,0xFF,
    0x2A,0x2A,0x2A,0xFF,0x2A,0x2A,0x2A,0xFF,0x2A,0x2A,0x2A,0xFF,0x3A,0x73,0x73,
    0xFF,0x5D,0x71,0x71,0xFF,0x5E,0x5E,0x5E,0xFF,0x3A,0x3A,0x3A,0xFF,0x04,0x04,
    0x04,0xDA,0x13,0x13,0x13,0x08,0x00,0x00,0x00,0x00,0x00,0x00,0x00,0x00,0x14,
    0x14,0x14,0x06,0x04,0x04,0x04,0xD3,0x37,0x37,0x37,0xFF,0x5E,0x5E,0x5E,0xFF,
    0x5D,0x6D,0x6D,0xFF,0x3C,0x6A,0x6A,0xFF,0x2A,0x2A,0x2A,0xFF,0x2A,0x2A,0x2A,
    0xFF,0x2A,0x2A,0x2A,0xFF,0x2A,0x2A,0x2A,0xFF,0x2A,0x2A,0x2A,0xFF,0x66,0x66,
    0x66,0xFF,0xF5,0xF5,0xF5,0xFF,0xFF,0xFF,0xFF,0xFF,0xFF,0xFF,0xFF,0xFF,0xFF,
    0xFF,0xFF,0xFF,0xFF,0xFF,0xFF,0xFF,0xFF,0xFF,0xFF,0xFF,0xFF,0xFF,0xFF,0xFF,
    0xFF,0xFF,0xFF,0xFF,0xFF,0xFF,0xFF,0xFF,0xFE,0xFE,0xFE,0xFF,0xFA,0xFA,0xFA,
    0xFF,0xF5,0xF8,0xF8,0xFF,0xAB,0xD5,0xD5,0xFF,0x31,0xBA,0xBA,0xFF,0x01,0xB8,
    0xB8,0xFF,0x00,0xB8,0xB8,0xFF,0x00,0xB8,0xB8,0xFF,0x00,0xB8,0xB8,0xFF,0x00,
    0xB8,0xB8,0xFF,0x00,0xB8,0xB8,0xFF,0x00,0xB8,0xB8,0xFF,0x00,0xB8,0xB8,0xFF,
    0x00,0xB8,0xB8,0xFF,0x0C,0xB7,0xB6,0xFF,0x56,0xA6,0x8A,0xFF,0x5A,0xA8,0x88,
    0xFF,0x5A,0xA8,0x88,0xFF,0x5A,0xA8,0x88,0xFF,0x5A,0xA8,0x88,0xFF,0x5A,0xA8,
    0x88,0xFF,0x5A,0xA8,0x88,0xFF,0x5A,0xA8,0x88,0xFF,0x5A,0xA8,0x88,0xFF,0x5A,
    0xA8,0x88,0xFF,0x5A,0xA8,0x88,0xFF,0x5A,0xA8,0x88,0xFF,0x5A,0xA8,0x88,0xFF,
    0x5A,0xA8,0x88,0xFF,0x5A,0xA8,0x88,0xFF,0x5A,0xA8,0x88,0xFF,0x5A,0xA8,0x88,
    0xFF,0x5A,0xA8,0x88,0xFF,0x5A,0xA7,0x87,0xB8,0x59,0xA3,0x84,0x02,0x00,0x00,
    0x00,0x00,0x00,0x00,0x00,0x00,0x00,0x00,0x00,0x00,0x00,0x00,0x00,0x00,0x00,
    0x00,0x00,0x00,0x00,0x00,0x00,0x00,0x00,0x00,0x00,0x00,0x00,0x00,0x00,0x00,
    0x00,0x00,0x00,0x00,0x00,0x00,0x00,0x00,0x00,0x00,0x00,0x00,0x00,0x00,0x00,
    0x00,0x00,0x00,0x00,0x00,0x00,0x00,0x00,0x00,0x56,0x9A,0x7E,0x5F,0x58,0xA2,
    0x83,0xF8,0x59,0xA6,0x86,0xFF,0x59,0xA7,0x87,0xFF,0x5A,0xA8,0x88,0xFF,0x5A,
    0xA8,0x88,0xFF,0x5A,0xA8,0x88,0xFF,0x5A,0xA8,0x88,0xFF,0x5A,0xA8,0x88,0xFF,
    0x5A,0xA8,0x88,0xFF,0x5A,0xA8,0x88,0xFF,0x5A,0xA8,0x88,0xFF,0x5A,0xA8,0x88,
    0xFF,0x5A,0xA8,0x88,0xFF,0x5A,0xA8,0x88,0xFF,0x5A,0xA8,0x88,0xFF,0x5A,0xA8,
    0x88,0xFF,0x5A,0xA8,0x88,0xFF,0x5A,0xA8,0x88,0xFF,0x55,0xA7,0x8C,0xFF,0x0C,
    0xB7,0xB6,0xFF,0x00,0xB8,0xB8,0xFF,0x00,0xB8,0xB8,0xFF,0x00,0xB8,0xB8,0xFF,
    0x00,0xB8,0xB8,0xFF,0x00,0xB8,0xB8,0xFF,0x00,0xB8,0xB8,0xFF,0x00,0xB8,0xB8,
    0xFF,0x00,0xB8,0xB8,0xFF,0x00,0xB8,0xB8,0xFF,0x00,0xB8,0xB8,0xFF,0x07,0xB8,
    0xB8,0xFF,0x61,0xC0,0xC0,0xFF,0xD3,0xE6,0xE6,0xFF,0xFA,0xFA,0xFA,0xFF,0xFF,
    0xFF,0xFF,0xFF,0xFF,0xFF,0xFF,0xFF,0xFF,0xFF,0xFF,0xFF,0xFF,0xFF,0xFF,0xFF,
    0xFF,0xFF,0xFF,0xFF,0xFF,0xFF,0xFF,0xFF,0xFF,0xFF,0xFF,0xFF,0xFF,0xFF,0xFF,
    0xFF,0xFE,0xFE,0xFE,0xFF,0xAD,0xAD,0xAD,0xFF,0x2C,0x2C,0x2C,0xFF,0x2A,0x2A,
    0x2A,0xFF,0x2A,0x2A,0x2A,0xFF,0x2A,0x2A,0x2A,0xFF,0x2A,0x2A,0x2A,0xFF,0x2D,
    0x5C,0x5C,0xFF,0x4E,0xC2,0xC2,0xFF,0x5F,0x63,0x63,0xFF,0x59,0x59,0x59,0xFF,
    0x1F,0x1F,0x1F,0xFF,0x08,0x08,0x08,0x86,0x00,0x00,0x00,0x00,0x00,0x00,0x00,
    0x00,0x08,0x08,0x08,0x79,0x1C,0x1C,0x1C,0xFE,0x58,0x58,0x58,0xFF,0x5F,0x62,
    0x62,0xFF,0x4F,0xBD,0xBD,0xFF,0x2D,0x59,0x59,0xFF,0x2A,0x2A,0x2A,0xFF,0x2A,
    0x2A,0x2A,0xFF,0x2A,0x2A,0x2A,0xFF,0x2A,0x2A,0x2A,0xFF,0x2C,0x2C,0x2C,0xFF,
    0xAD,0xAD,0xAD,0xFF,0xFE,0xFE,0xFE,0xFF,0xFF,0xFF,0xFF,0xFF,0xFF,0xFF,0xFF,
    0xFF,0xFF,0xFF,0xFF,0xFF,0xFF,0xFF,0xFF,0xFF,0xFF,0xFF,0xFF,0xFF,0xFF,0xFF,
    0xFF,0xFF,0xFF,0xFF,0xFF,0xFF,0xFF,0xFF,0xFF,0xFF,0xFA,0xFA,0xFA,0xFF,0xDE,
    0xEB,0xEB,0xFF,0x73,0xC4,0xC4,0xFF,0x0F,0xB8,0xB8,0xFF,0x00,0xB8,0xB8,0xFF,
    0x00,0xB8,0xB8,0xFF,0x00,0xB8,0xB8,0xFF,0x00,0xB8,0xB8,0xFF,0x00,0xB8,0xB8,
    0xFF,0x00,0xB8,0xB8,0xFF,0x00,0xB8,0xB8,0xFF,0x00,0xB8,0xB8,0xFF,0x00,0xB8,
    0xB8,0xFF,0x00,0xB8,0xB8,0xFF,0x0D,0xB7,0xB6,0xFF,0x57,0xA5,0x89,0xFF,0x5A,
    0xA8,0x88,0xFF,0x5A,0xA8,0x88,0xFF,0x5A,0xA8,0x88,0xFF,0x5A,0xA8,0x88,0xFF,
    0x5A,0xA8,0x88,0xFF,0x5A,0xA8,0x88,0xFF,0x5A,0xA8,0x88,0xFF,0x5A,0xA8,0x88,
    0xFF,0x5A,0xA8,0x88,0xFF,0x5A,0xA8,0x88,0xFF,0x5A,0xA8,0x88,0xFF,0x5A,0xA8,
    0x88,0xFF,0x5A,0xA8,0x88,0xFF,0x5A,0xA8,0x88,0xFF,0x5A,0xA8,0x88,0xFF,0x5A,
    0xA7,0x87,0xFF,0x59,0xA6,0x87,0xFF,0x59,0xA6,0x87,0xF5,0x58,0xA1,0x83,0x44,
    0x00,0x00,0x00,0x00,0x00,0x00,0x00,0x00,0x00,0x00,0x00,0x00,0x00,0x00,0x00,
    0x00,0x00,0x00,0x00,0x00,0x00,0x00,0x00,0x00,0x00,0x00,0x00,0x00,0x00,0x00,
    0x00,0x00,0x00,0x00,0x00,0x00,0x00,0x00,0x00,0x00,0x00,0x00,0x00,0x00,0x00,
    0x00,0x00,0x00,0x00,0x00,0x00,0x00,0x00,0x00,0x00,0x00,0x44,0x66,0x57,0x02,
    0x38,0x4A,0x42,0x25,0x3B,0x58,0x4B,0x80,0x3F,0x67,0x56,0xE7,0x45,0x77,0x62,
    0xFC,0x4C,0x88,0x6F,0xFF,0x53,0x99,0x7C,0xFF,0x58,0xA4,0x85,0xFF,0x59,0xA6,
    0x87,0xFF,0x5A,0xA8,0x88,0xFF,0x5A,0xA8,0x88,0xFF,0x5A,0xA8,0x88,0xFF,0x5A,
    0xA8,0x88,0xFF,0x5A,0xA8,0x88,0xFF,0x5A,0xA8,0x88,0xFF,0x5A,0xA8,0x88,0xFF,
    0x5A,0xA8,0x88,0xFF,0x5A,0xA8,0x88,0xFF,0x5A,0xA8,0x88,0xFF,0x57,0xA6,0x89,
    0xFF,0x0D,0xB7,0xB6,0xFF,0x00,0xB8,0xB8,0xFF,0x00,0xB8,0xB8,0xFF,0x00,0xB8,
    0xB8,0xFF,0x00,0xB8,0xB8,0xFF,0x00,0xB8,0xB8,0xFF,0x00,0xB8,0xB8,0xFF,0x00,
    0xB8,0xB8,0xFF,0x00,0xB8,0xB8,0xFF,0x00,0xB8,0xB8,0xFF,0x00,0xB8,0xB8,0xFF,
    0x00,0xB8,0xB8,0xFF,0x01,0xB8,0xB8,0xFF,0x2E,0xB9,0xBA,0xFF,0xAF,0xD7,0xDA,
    0xFF,0xF8,0xFB,0xFB,0xFF,0xFF,0xFF,0xFF,0xFF,0xFF,0xFF,0xFF,0xFF,0xFF,0xFF,
    0xFF,0xFF,0xFF,0xFF,0xFF,0xFF,0xFF,0xFF,0xFF,0xFF,0xFF,0xFF,0xFF,0xFF,0xFF,
    0xFF,0xFF,0xFF,0xFF,0xFF,0xFF,0xFF,0xDD,0xDD,0xDD,0xFF,0x3C,0x3C,0x3C,0xFF,
    0x2B,0x2B,0x2B,0xFF,0x2A,0x2A,0x2A,0xFF,0x2A,0x2A,0x2A,0xFF,0x2A,0x2A,0x2A,
    0xFF,0x2B,0x3B,0x3B,0xFF,0x3C,0xD9,0xD9,0xFF,0x59,0x95,0x95,0xFF,0x5F,0x5F,
    0x5F,0xFF,0x4C,0x4C,0x4C,0xFF,0x08,0x08,0x08,0xF7,0x0F,0x0F,0x0F,0x2E,0x0F,
    0x0F,0x0F,0x26,0x07,0x07,0x07,0xF5,0x4A,0x4A,0x4A,0xFF,0x5F,0x5F,0x5F,0xFF,
    0x5A,0x90,0x90,0xFF,0x3C,0xD8,0xD8,0xFF,0x2B,0x3B,0x3B,0xFF,0x2A,0x2A,0x2A,
    0xFF,0x2A,0x2A,0x2A,0xFF,0x2A,0x2A,0x2A,0xFF,0x2A,0x2A,0x2A,0xFF,0x3C,0x3C,
    0x3C,0xFF,0xDD,0xDD,0xDD,0xFF,0xFF,0xFF,0xFF,0xFF,0xFF,0xFF,0xFF,0xFF,0xFF,
    0xFF,0xFF,0xFF,0xFF,0xFF,0xFF,0xFF,0xFF,0xFF,0xFF,0xFF,0xFF,0xFF,0xFF,0xFF,
    0xFF,0xFF,0xFF,0xFF,0xFF,0xFF,0xFF,0xFF,0xFB,0xFD,0xFD,0xFF,0xBE,0xDD,0xDF,
    0xFF,0x3E,0xBB,0xBB,0xFF,0x01,0xB8,0xB8,0xFF,0x00,0xB8,0xB8,0xFF,0x00,0xB8,
    0xB8,0xFF,0x00,0xB8,0xB8,0xFF,0x00,0xB8,0xB8,0xFF,0x00,0xB8,0xB8,0xFF,0x00,
    0xB8,0xB8,0xFF,0x00,0xB8,0xB8,0xFF,0x00,0xB8,0xB8,0xFF,0x00,0xB8,0xB8,0xFF,
    0x00,0xB8,0xB8,0xFF,0x00,0xB8,0xB8,0xFF,0x11,0xB6,0xB5,0xFF,0x58,0xA7,0x8A,
    0xFF,0x5A,0xA8,0x88,0xFF,0x5A,0xA8,0x88,0xFF,0x5A,0xA8,0x88,0xFF,0x5A,0xA8,
    0x88,0xFF,0x5A,0xA8,0x88,0xFF,0x5A,0xA8,0x88,0xFF,0x5A,0xA8,0x88,0xFF,0x5A,
    0xA8,0x88,0xFF,0x5A,0xA8,0x88,0xFF,0x5A,0xA8,0x88,0xFF,0x5A,0xA7,0x87,0xFF,
    0x59,0xA6,0x86,0xFF,0x57,0xA0,0x82,0xFF,0x50,0x92,0x76,0xFF,0x4A,0x83,0x6B,
    0xFA,0x45,0x76,0x61,0xDE,0x43,0x70,0x5D,0x71,0x41,0x67,0x56,0x1E,0x47,0x72,
    0x5F,0x01,0x00,0x00,0x00,0x00,0x00,0x00,0x00,0x00,0x00,0x00,0x00,0x00,0x00,
    0x00,0x00,0x00,0x00,0x00,0x00,0x00,0x00,0x00,0x00,0x00,0x00,0x00,0x00,0x00,
    0x00,0x00,0x00,0x00,0x00,0x00,0x00,0x00,0x00,0x00,0x00,0x00,0x00,0x00,0x00,
    0x00,0x00,0x00,0x00,0x00,0x00,0x00,0x00,0x00,0x00,0x00,0x00,0x00,0x00,0x00,
    0x00,0x00,0x00,0x00,0x00,0x00,0x00,0x00,0x00,0x00,0x32,0x32,0x32,0x05,0x30,
    0x30,0x30,0x34,0x2E,0x31,0x2F,0x9B,0x2D,0x34,0x31,0xEF,0x31,0x43,0x3B,0xFE,
    0x3C,0x62,0x52,0xFF,0x46,0x7A,0x64,0xFF,0x4F,0x8E,0x74,0xFF,0x57,0xA1,0x82,
    0xFF,0x59,0xA6,0x87,0xFF,0x5A,0xA8,0x88,0xFF,0x5A,0xA8,0x88,0xFF,0x5A,0xA8,
    0x88,0xFF,0x5A,0xA8,0x88,0xFF,0x5A,0xA8,0x88,0xFF,0x5A,0xA8,0x88,0xFF,0x58,
    0xA8,0x8A,0xFF,0x14,0xB5,0xB4,0xFF,0x00,0xB8,0xB8,0xFF,0x00,0xB8,0xB8,0xFF,
    0x00,0xB8,0xB8,0xFF,0x00,0xB8,0xB8,0xFF,0x00,0xB8,0xB8,0xFF,0x00,0xB8,0xB8,
    0xFF,0x00,0xB8,0xB8,0xFF,0x00,0xB8,0xB8,0xFF,0x00,0xB8,0xB8,0xFF,0x00,0xB8,
    0xB8,0xFF,0x00,0xB8,0xB8,0xFF,0x00,0xB8,0xB8,0xFF,0x01,0xB8,0xB8,0xFF,0x2E,
    0xBC,0xC2,0xFF,0x8B,0xD1,0xD9,0xFF,0xEC,0xF5,0xF6,0xFF,0xFF,0xFF,0xFF,0xFF,
    0xFF,0xFF,0xFF,0xFF,0xFF,0xFF,0xFF,0xFF,0xFF,0xFF,0xFF,0xFF,0xFF,0xFF,0xFF,
    0xFF,0xFF,0xFF,0xFF,0xFF,0xFF,0xFF,0xFF,0xFF,0xF9,0xF9,0xF9,0xFF,0x6F,0x6F,
    0x6F,0xFF,0x2C,0x2C,0x2C,0xFF,0x2A,0x2A,0x2A,0xFF,0x2A,0x2A,0x2A,0xFF,0x2A,
    0x2A,0x2A,0xFF,0x2A,0x2C,0x2C,0xFF,0x35,0xB8,0xB8,0xFF,0x46,0xE5,0xE5,0xFF,
    0x5E,0x6D,0x6D,0xFF,0x5E,0x5E,0x5E,0xFF,0x36,0x36,0x36,0xFF,0x04,0x04,0x04,
    0xDC,0x05,0x05,0x05,0xD6,0x33,0x33,0x33,0xFF,0x5E,0x5E,0x5E,0xFF,0x5E,0x6B,
    0x6B,0xFF,0x48,0xE1,0xE1,0xFF,0x35,0xB7,0xB7,0xFF,0x2A,0x2C,0x2C,0xFF,0x2A,
    0x2A,0x2A,0xFF,0x2A,0x2A,0x2A,0xFF,0x2A,0x2A,0x2A,0xFF,0x2C,0x2C,0x2C,0xFF,
    0x6E,0x6E,0x6E,0xFF,0xF9,0xF9,0xF9,0xFF,0xFF,0xFF,0xFF,0xFF,0xFF,0xFF,0xFF,
    0xFF,0xFF,0xFF,0xFF,0xFF,0xFF,0xFF,0xFF,0xFF,0xFF,0xFF,0xFF,0xFF,0xFF,0xFF,
    0xFF,0xFF,0xFF,0xFF,0xFF,0xFF,0xF2,0xF8,0xF9,0xFF,0x9B,0xD6,0xDD,0xFF,0x33,
    0xBC,0xC2,0xFF,0x01,0xB8,0xB8,0xFF,0x00,0xB8,0xB8,0xFF,0x00,0xB8,0xB8,0xFF,
    0x00,0xB8,0xB8,0xFF,0x00,0xB8,0xB8,0xFF,0x00,0xB8,0xB8,0xFF,0x00,0xB8,0xB8,
    0xFF,0x00,0xB8,0xB8,0xFF,0x00,0xB8,0xB8,0xFF,0x00,0xB8,0xB8,0xFF,0x00,0xB8,
    0xB8,0xFF,0x00,0xB8,0xB8,0xFF,0x00,0xB8,0xB8,0xFF,0x1A,0xB3,0xB2,0xFF,0x58,
    0xA8,0x8A,0xFF,0x5A,0xA8,0x88,0xFF,0x5A,0xA8,0x88,0xFF,0x5A,0xA8,0x88,0xFF,
    0x5A,0xA8,0x88,0xFF,0x5A,0xA8,0x88,0xFF,0x5A,0xA8,0x88,0xFF,0x5A,0xA7,0x87,
    0xFF,0x59,0xA5,0x85,0xFF,0x53,0x97,0x7B,0xFF,0x4B,0x85,0x6C,0xFF,0x42,0x70,
    0x5C,0xFF,0x38,0x55,0x48,0xFD,0x2E,0x38,0x34,0xEC,0x2D,0x33,0x30,0x8E,0x2D,
    0x2F,0x2E,0x2A,0x2E,0x2E,0x2E,0x03,0x00,0x00,0x00,0x00,0x00,0x00,0x00,0x00,
    0x00,0x00,0x00,0x00,0x00,0x00,0x00,0x00,0x00,0x00,0x00,0x00,0x00,0x00,0x00,
    0x00,0x00,0x00,0x00,0x00,0x00,0x00,0x00,0x00,0x00,0x00,0x00,0x00,0x00,0x00,
    0x00,0x00,0x00,0x00,0x00,0x00,0x00,0x00,0x00,0x00,0x00,0x00,0x00,0x00,0x00,
    0x00,0x00,0x00,0x00,0x00,0x00,0x00,0x00,0x00,0x00,0x00,0x00,0x00,0x00,0x00,
    0x00,0x00,0x00,0x00,0x00,0x00,0x00,0x00,0x00,0x00,0x00,0x00,0x00,0x00,0x00,
    0x00,0x00,0x00,0x00,0x00,0x00,0x00,0x00,0x00,0x31,0x31,0x31,0x0A,0x2E,0x2E,
    0x2E,0x4A,0x2D,0x2D,0x2D,0xC0,0x2B,0x2B,0x2B,0xF6,0x2B,0x30,0x2E,0xFF,0x2F,
    0x3A,0x35,0xFF,0x3B,0x5D,0x4E,0xFF,0x47,0x7B,0x65,0xFF,0x50,0x92,0x77,0xFF,
    0x58,0xA3,0x84,0xFF,0x5A,0xA7,0x87,0xFF,0x5A,0xA8,0x88,0xFF,0x5A,0xA8,0x88,
    0xFF,0x59,0xA8,0x8A,0xFF,0x1F,0xB3,0xB1,0xFF,0x00,0xB8,0xB8,0xFF,0x00,0xB8,
    0xB8,0xFF,0x00,0xB8,0xB8,0xFF,0x00,0xB8,0xB8,0xFF,0x00,0xB8,0xB8,0xFF,0x00,
    0xB8,0xB8,0xFF,0x00,0xB8,0xB8,0xFF,0x00,0xB8,0xB8,0xFF,0x00,0xB8,0xB8,0xFF,
    0x00,0xB8,0xB8,0xFF,0x00,0xB8,0xB8,0xFF,0x00,0xB8,0xB8,0xFF,0x00,0xB8,0xB8,
    0xFF,0x1D,0xB9,0xBC,0xFF,0x35,0xC5,0xCF,0xFF,0x6A,0xCB,0xD4,0xFF,0xDC,0xEE,
    0xF0,0xFF,0xFE,0xFE,0xFE,0xFF,0xFF,0xFF,0xFF,0xFF,0xFF,0xFF,0xFF,0xFF,0xFF,
    0xFF,0xFF,0xFF,0xFF,0xFF,0xFF,0xFF,0xFF,0xFF,0xFF,0xFF,0xFE,0xFE,0xFE,0xFF,
    0xB6,0xB6,0xB6,0xFF,0x2D,0x2D,0x2D,0xFF,0x2C,0x2C,0x2C,0xFF,0x2A,0x2A,0x2A,
    0xFF,0x2A,0x2A,0x2A,0xFF,0x2A,0x2A,0x2A,0xFF,0x2F,0x7F,0x7F,0xFF,0x3C,0xFA,
    0xFA,0xFF,0x52,0xBD,0xBD,0xFF,0x5F,0x61,0x61,0xFF,0x58,0x58,0x58,0xFF,0x1B,
    0x1B,0x1B,0xFF,0x18,0x18,0x18,0xFF,0x57,0x57,0x57,0xFF,0x5F,0x60,0x60,0xFF,
    0x53,0xB9,0xB9,0xFF,0x3C,0xFA,0xFA,0xFF,0x2F,0x7F,0x7F,0xFF,0x2A,0x2A,0x2A,
    0xFF,0x2A,0x2A,0x2A,0xFF,0x2A,0x2A,0x2A,0xFF,0x2C,0x2C,0x2C,0xFF,0x2D,0x2D,
    0x2D,0xFF,0xB6,0xB6,0xB6,0xFF,0xFE,0xFE,0xFE,0xFF,0xFF,0xFF,0xFF,0xFF,0xFF,
    0xFF,0xFF,0xFF,0xFF,0xFF,0xFF,0xFF,0xFF,0xFF,0xFF,0xFF,0xFF,0xFF,0xFF,0xFF,
    0xFE,0xFF,0xFF,0xFF,0xE3,0xF1,0xF3,0xFF,0x78,0xCE,0xD6,0xFF,0x36,0xC5,0xCF,
    0xFF,0x1D,0xB9,0xBC,0xFF,0x00,0xB8,0xB8,0xFF,0x00,0xB8,0xB8,0xFF,0x00,0xB8,
    0xB8,0xFF,0x00,0xB8,0xB8,0xFF,0x00,0xB8,0xB8,0xFF,0x00,0xB8,0xB8,0xFF,0x00,
    0xB8,0xB8,0xFF,0x00,0xB8,0xB8,0xFF,0x00,0xB8,0xB8,0xFF,0x00,0xB8,0xB8,0xFF,
    0x00,0xB8,0xB8,0xFF,0x00,0xB8,0xB8,0xFF,0x00,0xB8,0xB8,0xFF,0x23,0xB3,0xAF,
    0xFF,0x59,0xA8,0x8A,0xFF,0x5A,0xA8,0x88,0xFF,0x5A,0xA8,0x88,0xFF,0x5A,0xA8,
    0x88,0xFF,0x59,0xA6,0x86,0xFF,0x54,0x9A,0x7D,0xFF,0x4B,0x86,0x6D,0xFF,0x40,
    0x6B,0x59,0xFF,0x33,0x49,0x3F,0xFF,0x2C,0x33,0x30,0xFF,0x2B,0x2D,0x2C,0xF4,
    0x2A,0x2A,0x2A,0xB0,0x2B,0x2B,0x2B,0x41,0x2C,0x2C,0x2C,0x08,0x00,0x00,0x00,
    0x00,0x00,0x00,0x00,0x00,0x00,0x00,0x00,0x00,0x00,0x00,0x00,0x00,0x00,0x00,
    0x00,0x00,0x00,0x00,0x00,0x00,0x00,0x00,0x00,0x00,0x00,0x00,0x00,0x00,0x00,
    0x00,0x00,0x00,0x00,0x00,0x00,0x00,0x00,0x00,0x00,0x00,0x00,0x00,0x00,0x00,
    0x00,0x00,0x00,0x00,0x00,0x00,0x00,0x00,0x00,0x00,0x00,0x00,0x00,0x00,0x00,
    0x00,0x00,0x00,0x00,0x00,0x00,0x00,0x00,0x00,0x00,0x00,0x00,0x00,0x00,0x00,
    0x00,0x00,0x00,0x00,0x00,0x00,0x00,0x00,0x00,0x00,0x00,0x00,0x00,0x00,0x00,
    0x00,0x00,0x00,0x00,0x00,0x00,0x00,0x00,0x00,0x00,0x00,0x00,0x00,0x00,0x00,
    0x00,0x00,0x00,0x00,0x32,0x32,0x32,0x01,0x31,0x31,0x31,0x1B,0x2D,0x2D,0x2D,
    0x71,0x2C,0x2C,0x2C,0xE2,0x2A,0x2A,0x2A,0xFC,0x2A,0x2B,0x2B,0xFF,0x2C,0x31,
    0x2E,0xFF,0x32,0x44,0x3C,0xFF,0x41,0x6D,0x5A,0xFF,0x4D,0x8A,0x71,0xFF,0x57,
    0xA0,0x82,0xFF,0x58,0xA7,0x88,0xFF,0x28,0xB2,0xAD,0xFF,0x00,0xB8,0xB8,0xFF,
    0x00,0xB8,0xB8,0xFF,0x00,0xB8,0xB8,0xFF,0x00,0xB8,0xB8,0xFF,0x00,0xB8,0xB8,
    0xFF,0x00,0xB8,0xB8,0xFF,0x00,0xB8,0xB8,0xFF,0x00,0xB8,0xB8,0xFF,0x00,0xB8,
    0xB8,0xFF,0x00,0xB8,0xB8,0xFF,0x00,0xB8,0xB8,0xFF,0x00,0xB8,0xB8,0xFF,0x00,
    0xB8,0xB8,0xFF,0x0E,0xB7,0xB8,0xFF,0x34,0xC3,0xCD,0xFF,0x35,0xC5,0xD0,0xFF,
    0x4F,0xC7,0xD1,0xFF,0xC7,0xE5,0xE8,0xFF,0xFD,0xFE,0xFE,0xFF,0xFF,0xFF,0xFF,
    0xFF,0xFF,0xFF,0xFF,0xFF,0xFF,0xFF,0xFF,0xFF,0xFF,0xFF,0xFF,0xFF,0xFF,0xFF,
    0xFF,0xFF,0xE8,0xE8,0xE8,0xFF,0x42,0x42,0x42,0xFF,0x2B,0x2B,0x2B,0xFF,0x2B,
    0x2B,0x2B,0xFF,0x2A,0x2A,0x2A,0xFF,0x2A,0x2A,0x2A,0xFF,0x2B,0x42,0x42,0xFF,
    0x3A,0xE9,0xE9,0xFF,0x40,0xF5,0xF5,0xFF,0x5B,0x88,0x88,0xFF,0x5F,0x5F,0x5F,
    0xFF,0x4A,0x4A,0x4A,0xFF,0x48,0x48,0x48,0xFF,0x5F,0x5F,0x5F,0xFF,0x5B,0x83,
    0x83,0xFF,0x41,0xF3,0xF3,0xFF,0x3A,0xE9,0xE9,0xFF,0x2B,0x42,0x42,0xFF,0x2A,
    0x2A,0x2A,0xFF,0x2A,0x2A,0x2A,0xFF,0x2B,0x2B,0x2B,0xFF,0x2B,0x2B,0x2B,0xFF,
    0x42,0x42,0x42,0xFF,0xE7,0xE7,0xE7,0xFF,0xFF,0xFF,0xFF,0xFF,0xFF,0xFF,0xFF,
    0xFF,0xFF,0xFF,0xFF,0xFF,0xFF,0xFF,0xFF,0xFF,0xFF,0xFF,0xFF,0xFF,0xFD,0xFE,
    0xFE,0xFF,0xD2,0xE9,0xEC,0xFF,0x5C,0xC9,0xD3,0xFF,0x35,0xC5,0xD0,0xFF,0x34,
    0xC3,0xCD,0xFF,0x0D,0xB7,0xB8,0xFF,0x00,0xB8,0xB8,0xFF,0x00,0xB8,0xB8,0xFF,
    0x00,0xB8,0xB8,0xFF,0x00,0xB8,0xB8,0xFF,0x00,0xB8,0xB8,0xFF,0x00,0xB8,0xB8,
    0xFF,0x00,0xB8,0xB8,0xFF,0x00,0xB8,0xB8,0xFF,0x00,0xB8,0xB8,0xFF,0x00,0xB8,
    0xB8,0xFF,0x00,0xB8,0xB8,0xFF,0x00,0xB8,0xB8,0xFF,0x00,0xB8,0xB8,0xFF,0x2B,
    0xB1,0xAC,0xFF,0x59,0xA7,0x89,0xFF,0x59,0xA4,0x85,0xFF,0x51,0x94,0x78,0xFF,
    0x46,0x79,0x63,0xFF,0x37,0x54,0x47,0xFF,0x2D,0x34,0x31,0xFF,0x2B,0x2D,0x2C,
    0xFF,0x2A,0x2A,0x2A,0xFB,0x2A,0x2A,0x2A,0xD9,0x2B,0x2B,0x2B,0x65,0x2C,0x2C,
    0x2C,0x13,0x00,0x00,0x00,0x00,0x00,0x00,0x00,0x00,0x00,0x00,0x00,0x00,0x00,
    0x00,0x00,0x00,0x00,0x00,0x00,0x00,0x00,0x00,0x00,0x00,0x00,0x00,0x00,0x00,
    0x00,0x00,0x00,0x00,0x00,0x00,0x00,0x00,0x00,0x00,0x00,0x00,0x00,0x00,0x00,
    0x00,0x00,0x00,0x00,0x00,0x00,0x00,0x00,0x00,0x00,0x00,0x00,0x00,0x00,0x00,
    0x00,0x00,0x00,0x00,0x00,0x00,0x00,0x00,0x00,0x00,0x00,0x00,0x00,0x00,0x00,
    0x00,0x00,0x00,0x00,0x00,0x00,0x00,0x00,0x00,0x00,0x00,0x00,0x00,0x00,0x00,
    0x00,0x00,0x00,0x00,0x00,0x00,0x00,0x00,0x00,0x00,0x00,0x00,0x00,0x00,0x00,
    0x00,0x00,0x00,0x00,0x00,0x00,0x00,0x00,0x00,0x00,0x00,0x00,0x00,0x00,0x00,
    0x00,0x00,0x00,0x00,0x00,0x00,0x00,0x00,0x00,0x00,0x00,0x00,0x00,0x00,0x00,
    0x00,0x00,0x00,0x33,0x33,0x33,0x05,0x2F,0x2F,0x2F,0x37,0x2D,0x2D,0x2D,0xA9,
    0x2B,0x2B,0x2B,0xF3,0x2A,0x2A,0x2A,0xFF,0x2A,0x2A,0x2A,0xFF,0x2B,0x2E,0x2D,
    0xFF,0x2F,0x3C,0x36,0xFF,0x3F,0x66,0x56,0xFF,0x66,0xA8,0xA5,0xFF,0x3B,0xB8,
    0xB8,0xFF,0x13,0xB8,0xB8,0xFF,0x00,0xB8,0xB8,0xFF,0x00,0xB8,0xB8,0xFF,0x00,
    0xB8,0xB8,0xFF,0x00,0xB8,0xB8,0xFF,0x00,0xB8,0xB8,0xFF,0x00,0xB8,0xB8,0xFF,
    0x00,0xB8,0xB8,0xFF,0x00,0xB8,0xB8,0xFF,0x00,0xB8,0xB8,0xFF,0x00,0xB8,0xB8,
    0xFF,0x00,0xB8,0xB8,0xFF,0x03,0xB8,0xB8,0xFF,0x2F,0xBF,0xC7,0xFF,0x35,0xC5,
    0xD0,0xFF,0x35,0xC5,0xD0,0xFF,0x42,0xC6,0xD1,0xFF,0xB2,0xDD,0xE3,0xFF,0xFA,
    0xFC,0xFC,0xFF,0xFF,0xFF,0xFF,0xFF,0xFF,0xFF,0xFF,0xFF,0xFF,0xFF,0xFF,0xFF,
    0xFF,0xFF,0xFF,0xFF,0xFC,0xFC,0xFC,0xFF,0x8C,0x8C,0x8C,0xFF,0x2A,0x2A,0x2A,
    0xFF,0x2B,0x2B,0x2B,0xFF,0x2B,0x2B,0x2B,0xFF,0x2A,0x2A,0x2A,0xFF,0x2A,0x2E,
    0x2E,0xFF,0x35,0xBE,0xBE,0xFF,0x3C,0xFE,0xFE,0xFF,0x49,0xDC,0xDC,0xFF,0x5E,
    0x67,0x67,0xFF,0x5E,0x5E,0x5E,0xFF,0x5E,0x5E,0x5E,0xFF,0x5E,0x66,0x66,0xFF,
    0x4B,0xD8,0xD8,0xFF,0x3C,0xFE,0xFE,0xFF,0x35,0xBF,0xBF,0xFF,0x2A,0x2E,0x2E,
    0xFF,0x2A,0x2A,0x2A,0xFF,0x2B,0x2B,0x2B,0xFF,0x2B,0x2B,0x2B,0xFF,0x2A,0x2A,
    0x2A,0xFF,0x8B,0x8B,0x8B,0xFF,0xFC,0xFC,0xFC,0xFF,0xFF,0xFF,0xFF,0xFF,0xFF,
    0xFF,0xFF,0xFF,0xFF,0xFF,0xFF,0xFF,0xFF,0xFF,0xFF,0xFF,0xFC,0xFD,0xFD,0xFF,
    0xBF,0xE1,0xE6,0xFF,0x48,0xC6,0xD1,0xFF,0x35,0xC5,0xD0,0xFF,0x35,0xC5,0xD0,
    0xFF,0x2F,0xBF,0xC7,0xFF,0x03,0xB8,0xB8,0xFF,0x00,0xB8,0xB8,0xFF,0x00,0xB8,
    0xB8,0xFF,0x00,0xB8,0xB8,0xFF,0x00,0xB8,0xB8,0xFF,0x00,0xB8,0xB8,0xFF,0x00,
    0xB8,0xB8,0xFF,0x00,0xB8,0xB8,0xFF,0x00,0xB8,0xB8,0xFF,0x00,0xB8,0xB8,0xFF,
    0x00,0xB8,0xB8,0xFF,0x00,0xB8,0xB8,0xFF,0x09,0xB8,0xB8,0xFF,0x29,0xB8,0xB8,
    0xFF,0x55,0xA7,0xA2,0xFF,0x43,0x72,0x5F,0xFF,0x34,0x4A,0x40,0xFF,0x2C,0x32,
    0x2F,0xFF,0x2A,0x2B,0x2A,0xFF,0x2A,0x2A,0x2A,0xFE,0x2A,0x2A,0x2A,0xF0,0x2B,
    0x2B,0x2B,0x9A,0x2C,0x2C,0x2C,0x2E,0x2C,0x2C,0x2C,0x03,0x00,0x00,0x00,0x00,
    0x00,0x00,0x00,0x00,0x00,0x00,0x00,0x00,0x00,0x00,0x00,0x00,0x00,0x00,0x00,
    0x00,0x00,0x00,0x00,0x00,0x00,0x00,0x00,0x00,0x00,0x00,0x00,0x00,0x00,0x00,
    0x00,0x00,0x00,0x00,0x00,0x00,0x00,0x00,0x00,0x00,0x00,0x00,0x00,0x00,0x00,
    0x00,0x00,0x00,0x00,0x00,0x00,0x00,0x00,0x00,0x00,0x00,0x00,0x00,0x00,0x00,
    0x00,0x00,0x00,0x00,0x00,0x00,0x00,0x00,0x00,0x00,0x00,0x00,0x00,0x00,0x00,
    0x00,0x00,0x00,0x00,0x00,0x00,0x00,0x00,0x00,0x00,0x00,0x00,0x00,0x00,0x00,
    0x00,0x00,0x00,0x00,0x00,0x00,0x00,0x00,0x00,0x00,0x00,0x00,0x00,0x00,0x00,
    0x00,0x00,0x00,0x00,0x00,0x00,0x00,0x00,0x00,0x00,0x00,0x00,0x00,0x00,0x00,
    0x00,0x00,0x00,0x00,0x00,0x00,0x00,0x00,0x00,0x00,0x00,0x00,0x00,0x00,0x00,
    0x00,0x00,0x00,0x00,0x00,0x00,0x00,0x00,0x00,0x00,0x00,0x00,0x00,0x00,0x00,
    0x00,0x00,0x32,0x32,0x32,0x12,0x2E,0x2E,0x2E,0x66,0x2C,0x2C,0x2C,0xDE,0x2A,
    0x2A,0x2A,0xFB,0x2A,0x2A,0x2A,0xFF,0x2F,0x2F,0x2F,0xFF,0xA1,0xA2,0xA2,0xFF,
    0xC2,0xC8,0xC8,0xFF,0xA2,0xC1,0xC1,0xFF,0x71,0xBB,0xBB,0xFF,0x2C,0xB8,0xB8,
    0xFF,0x07,0xB8,0xB8,0xFF,0x00,0xB8,0xB8,0xFF,0x00,0xB8,0xB8,0xFF,0x00,0xB8,
    0xB8,0xFF,0x00,0xB8,0xB8,0xFF,0x00,0xB8,0xB8,0xFF,0x00,0xB8,0xB8,0xFF,0x00,
    0xB8,0xB8,0xFF,0x00,0xB8,0xB8,0xFF,0x01,0xB8,0xB8,0xFF,0x26,0xBC,0xC1,0xFF,
    0x35,0xC5,0xD0,0xFF,0x35,0xC5,0xD0,0xFF,0x35,0xC5,0xD0,0xFF,0x3C,0xC5,0xD0,
    0xFF,0xA0,0xD7,0xDD,0xFF,0xF7,0xFA,0xFB,0xFF,0xFF,0xFF,0xFF,0xFF,0xFF,0xFF,
    0xFF,0xFF,0xFF,0xFF,0xFF,0xFF,0xFF,0xFF,0xFF,0xFF,0xCF,0xCF,0xCF,0xFF,0x34,
    0x34,0x34,0xFF,0x2A,0x2A,0x2A,0xFF,0x2C,0x2C,0x2C,0xFF,0x2A,0x2A,0x2A,0xFF,
    0x2A,0x2A,0x2A,0xFF,0x2F,0x7E,0x7E,0xFF,0x3C,0xFB,0xFB,0xFF,0x3D,0xFD,0xFD,
    0xFF,0x55,0xAD,0xAD,0xFF,0x5F,0x60,0x60,0xFF,0x5F,0x5F,0x5F,0xFF,0x56,0xA8,
    0xA8,0xFF,0x3D,0xFD,0xFD,0xFF,0x3C,0xFB,0xFB,0xFF,0x2F,0x7E,0x7E,0xFF,0x2A,
    0x2A,0x2A,0xFF,0x2A,0x2A,0x2A,0xFF,0x2C,0x2C,0x2C,0xFF,0x2A,0x2A,0x2A,0xFF,
    0x34,0x34,0x34,0xFF,0xCD,0xCD,0xCD,0xFF,0xFF,0xFF,0xFF,0xFF,0xFF,0xFF,0xFF,
    0xFF,0xFF,0xFF,0xFF,0xFF,0xFF,0xFF,0xFF,0xFF,0xFA,0xFC,0xFC,0xFF,0xAD,0xDB,
    0xE1,0xFF,0x40,0xC6,0xD1,0xFF,0x35,0xC5,0xD0,0xFF,0x35,0xC5,0xD0,0xFF,0x35,
    0xC5,0xD0,0xFF,0x25,0xBB,0xC1,0xFF,0x01,0xB8,0xB8,0xFF,0x00,0xB8,0xB8,0xFF,
    0x00,0xB8,0xB8,0xFF,0x00,0xB8,0xB8,0xFF,0x00,0xB8,0xB8,0xFF,0x00,0xB8,0xB8,
    0xFF,0x00,0xB8,0xB8,0xFF,0x00,0xB8,0xB8,0xFF,0x00,0xB8,0xB8,0xFF,0x02,0xB8,
    0xB8,0xFF,0x20,0xB8,0xB8,0xFF,0x5C,0xB9,0xB9,0xFF,0x95,0xBF,0xBF,0xFF,0xBB,
    0xC5,0xC5,0xFF,0x9D,0x9F,0x9F,0xFF,0x2E,0x2E,0x2E,0xFF,0x2A,0x2A,0x2A,0xFF,
    0x2A,0x2A,0x2A,0xFA,0x2A,0x2A,0x2A,0xD3,0x2B,0x2B,0x2B,0x5A,0x2C,0x2C,0x2C,
    0x0D,0x00,0x00,0x00,0x00,0x00,0x00,0x00,0x00,0x00,0x00,0x00,0x00,0x00,0x00,
    0x00,0x00,0x00,0x00,0x00,0x00,0x00,0x00,0x00,0x00,0x00,0x00,0x00,0x00,0x00,
    0x00,0x00,0x00,0x00,0x00,0x00,0x00,0x00,0x00,0x00,0x00,0x00,0x00,0x00,0x00,
    0x00,0x00,0x00,0x00,0x00,0x00,0x00,0x00,0x00,0x00,0x00,0x00,0x00,0x00,0x00,
    0x00,0x00,0x00,0x00,0x00,0x00,0x00,0x00,0x00,0x00,0x00,0x00,0x00,0x00,0x00,
    0x00,0x00,0x00,0x00,0x00,0x00,0x00,0x00,0x00,0x00,0x00,0x00,0x00,0x00,0x00,
    0x00,0x00,0x00,0x00,0x00,0x00,0x00,0x00,0x00,0x00,0x00,0x00,0x00,0x00,0x00,
    0x00,0x00,0x00,0x00,0x00,0x00,0x00,0x00,0x00,0x00,0x00,0x00,0x00,0x00,0x00,
    0x00,0x00,0x00,0x00,0x00,0x00,0x00,0x00,0x00,0x00,0x00,0x00,0x00,0x00,0x00,
    0x00,0x00,0x00,0x00,0x00,0x00,0x00,0x00,0x00,0x00,0x00,0x00,0x00,0x00,0x00,
    0x00,0x00,0x00,0x00,0x00,0x00,0x00,0x00,0x00,0x00,0x00,0x00,0x00,0x00,0x00,
    0x00,0x00,0x00,0x00,0x00,0x00,0x00,0x00,0x00,0x00,0x00,0x00,0x32,0x32,0x32,
    0x03,0x2F,0x2F,0x2F,0x35,0x2D,0x2D,0x2D,0xAC,0x2B,0x2B,0x2B,0xF4,0x95,0x95,
    0x95,0xFF,0xCB,0xCB,0xCB,0xFF,0xCB,0xCB,0xCB,0xFF,0xC9,0xCA,0xCA,0xFF,0xBB,
    0xC6,0xC6,0xFF,0x90,0xBE,0xBE,0xFF,0x4B,0xB8,0xB8,0xFF,0x15,0xB8,0xB8,0xFF,
    0x00,0xB8,0xB8,0xFF,0x00,0xB8,0xB8,0xFF,0x00,0xB8,0xB8,0xFF,0x00,0xB8,0xB8,
    0xFF,0x00,0xB8,0xB8,0xFF,0x00,0xB8,0xB8,0xFF,0x00,0xB8,0xB8,0xFF,0x19,0xB8,
    0xBA,0xFF,0x34,0xC4,0xCF,0xFF,0x35,0xC5,0xD0,0xFF,0x35,0xC5,0xD0,0xFF,0x35,
    0xC5,0xD0,0xFF,0x39,0xC5,0xD0,0xFF,0x92,0xD3,0xDB,0xFF,0xF3,0xF9,0xF9,0xFF,
    0xFF,0xFF,0xFF,0xFF,0xFF,0xFF,0xFF,0xFF,0xFF,0xFF,0xFF,0xFF,0xF6,0xF6,0xF6,
    0xFF,0x65,0x65,0x65,0xFF,0x2A,0x2A,0x2A,0xFF,0x2A,0x2A,0x2A,0xFF,0x2C,0x2C,
    0x2C,0xFF,0x2A,0x2A,0x2A,0xFF,0x2B,0x3E,0x3E,0xFF,0x39,0xE2,0xE2,0xFF,0x3C,
    0xFF,0xFF,0xFF,0x42,0xF0,0xF0,0xFF,0x5C,0x7C,0x7C,0xFF,0x5D,0x78,0x78,0xFF,
    0x43,0xEE,0xEE,0xFF,0x3C,0xFF,0xFF,0xFF,0x39,0xE3,0xE3,0xFF,0x2B,0x3F,0x3F,
    0xFF,0x2A,0x2A,0x2A,0xFF,0x2C,0x2C,0x2C,0xFF,0x2A,0x2A,0x2A,0xFF,0x2A,0x2A,
    0x2A,0xFF,0x64,0x64,0x64,0xFF,0xF6,0xF6,0xF6,0xFF,0xFF,0xFF,0xFF,0xFF,0xFF,
    0xFF,0xFF,0xFF,0xFF,0xFF,0xFF,0xFF,0xF7,0xFA,0xFB,0xFF,0x9F,0xD7,0xDE,0xFF,
    0x3C,0xC5,0xD0,0xFF,0x35,0xC5,0xD0,0xFF,0x35,0xC5,0xD0,0xFF,0x35,0xC5,0xD0,
    0xFF,0x34,0xC4,0xCF,0xFF,0x18,0xB8,0xBA,0xFF,0x00,0xB8,0xB8,0xFF,0x00,0xB8,
    0xB8,0xFF,0x00,0xB8,0xB8,0xFF,0x00,0xB8,0xB8,0xFF,0x00,0xB8,0xB8,0xFF,0x00,
    0xB8,0xB8,0xFF,0x00,0xB8,0xB8,0xFF,0x0C,0xB8,0xB8,0xFF,0x37,0xB8,0xB8,0xFF,
    0x81,0xBC,0xBC,0xFF,0xB2,0xC3,0xC3,0xFF,0xC8,0xCA,0xCA,0xFF,0xCB,0xCB,0xCB,
    0xFF,0xCB,0xCB,0xCB,0xFF,0x92,0x92,0x92,0xFF,0x2A,0x2A,0x2A,0xF2,0x2B,0x2B,
    0x2B,0x9A,0x2B,0x2B,0x2B,0x2C,0x2E,0x2E,0x2E,0x02,0x00,0x00,0x00,0x00,0x00,
    0x00,0x00,0x00,0x00,0x00,0x00,0x00,0x00,0x00,0x00,0x00,0x00,0x00,0x00,0x00,
    0x00,0x00,0x00,0x00,0x00,0x00,0x00,0x00,0x00,0x00,0x00,0x00,0x00,0x00,0x00,
    0x00,0x00,0x00,0x00,0x00,0x00,0x00,0x00,0x00,0x00,0x00,0x00,0x00,0x00,0x00,
    0x00,0x00,0x00,0x00,0x00,0x00,0x00,0x00,0x00,0x00,0x00,0x00,0x00,0x00,0x00,
    0x00,0x00,0x00,0x00,0x00,0x00,0x00,0x00,0x00,0x00,0x00,0x00,0x00,0x00,0x00,
    0x00,0x00,0x00,0x00,0x00,0x00,0x00,0x00,0x00,0x00,0x00,0x00,0x00,0x00,0x00,
    0x00,0x00,0x00,0x00,0x00,0x00,0x00,0x00,0x00,0x00,0x00,0x00,0x00,0x00,0x00,
    0x00,0x00,0x00,0x00,0x00,0x00,0x00,0x00,0x00,0x00,0x00,0x00,0x00,0x00,0x00,
    0x00,0x00,0x00,0x00,0x00,0x00,0x00,0x00,0x00,0x00,0x00,0x00,0x00,0x00,0x00,
    0x00,0x00,0x00,0x00,0x00,0x00,0x00,0x00,0x00,0x00,0x00,0x00,0x00,0x00,0x00,
    0x00,0x00,0x00,0x00,0x00,0x00,0x00,0x00,0x00,0x00,0x00,0x00,0x00,0x00,0x00,
    0x00,0x00,0x00,0x00,0x00,0x00,0x00,0x00,0x00,0x00,0x00,0x00,0x00,0x00,0x00,
    0x00,0x00,0x00,0x00,0x00,0x00,0x00,0x00,0x00,0x00,0x00,0x30,0x30,0x30,0x16,
    0x90,0x90,0x90,0x74,0xC8,0xC8,0xC8,0xE7,0xCB,0xCB,0xCB,0xFD,0xCB,0xCB,0xCB,
    0xFF,0xCB,0xCB,0xCB,0xFF,0xCA,0xCB,0xCB,0xFF,0xC5,0xC9,0xC9,0xFF,0xA4,0xC1,
    0xC1,0xFF,0x6B,0xB9,0xB9,0xFF,0x22,0xB8,0xB8,0xFF,0x01,0xB8,0xB8,0xFF,0x00,
    0xB8,0xB8,0xFF,0x00,0xB8,0xB8,0xFF,0x00,0xB8,0xB8,0xFF,0x00,0xB8,0xB8,0xFF,
    0x06,0xB8,0xB8,0xFF,0x32,0xC0,0xCA,0xFF,0x35,0xC5,0xD0,0xFF,0x35,0xC5,0xD0,
    0xFF,0x35,0xC5,0xD0,0xFF,0x35,0xC5,0xD0,0xFF,0x37,0xC5,0xD0,0xFF,0x8A,0xD2,
    0xDA,0xFF,0xF1,0xF7,0xF8,0xFF,0xFF,0xFF,0xFF,0xFF,0xFF,0xFF,0xFF,0xFF,0xFE,
    0xFE,0xFE,0xFF,0xB8,0xB8,0xB8,0xFF,0x2E,0x2E,0x2E,0xFF,0x2A,0x2A,0x2A,0xFF,
    0x2B,0x2B,0x2B,0xFF,0x2B,0x2B,0x2B,0xFF,0x2A,0x2C,0x2C,0xFF,0x33,0xAD,0xAD,
    0xFF,0x3C,0xFE,0xFE,0xFF,0x3C,0xFF,0xFF,0xFF,0x4C,0xD3,0xD3,0xFF,0x4D,0xCF,
    0xCF,0xFF,0x3C,0xFE,0xFE,0xFF,0x3C,0xFE,0xFE,0xFF,0x34,0xAE,0xAE,0xFF,0x2A,
    0x2C,0x2C,0xFF,0x2B,0x2B,0x2B,0xFF,0x2B,0x2B,0x2B,0xFF,0x2A,0x2A,0x2A,0xFF,
    0x2D,0x2D,0x2D,0xFF,0xB6,0xB6,0xB6,0xFF,0xFE,0xFE,0xFE,0xFF,0xFF,0xFF,0xFF,
    0xFF,0xFF,0xFF,0xFF,0xFF,0xF5,0xF9,0xFA,0xFF,0x96,0xD5,0xDC,0xFF,0x39,0xC5,
    0xD0,0xFF,0x35,0xC5,0xD0,0xFF,0x35,0xC5,0xD0,0xFF,0x35,0xC5,0xD0,0xFF,0x35,
    0xC5,0xD0,0xFF,0x32,0xC0,0xCA,0xFF,0x06,0xB8,0xB8,0xFF,0x00,0xB8,0xB8,0xFF,
    0x00,0xB8,0xB8,0xFF,0x00,0xB8,0xB8,0xFF,0x00,0xB8,0xB8,0xFF,0x00,0xB8,0xB8,
    0xFF,0x18,0xB8,0xB8,0xFF,0x56,0xB8,0xB8,0xFF,0x97,0xBF,0xBF,0xFF,0xBF,0xC7,
    0xC7,0xFF,0xCA,0xCB,0xCB,0xFF,0xCB,0xCB,0xCB,0xFF,0xCB,0xCB,0xCB,0xFF,0xCB,
    0xCB,0xCB,0xFC,0xCA,0xCA,0xCA,0xE0,0x8F,0x8F,0x8F,0x65,0x2C,0x2C,0x2C,0x10,
    0x00,0x00,0x00,0x00,0x00,0x00,0x00,0x00,0x00,0x00,0x00,0x00,0x00,0x00,0x00,
    0x00,0x00,0x00,0x00,0x00,0x00,0x00,0x00,0x00,0x00,0x00,0x00,0x00,0x00,0x00,
    0x00,0x00,0x00,0x00,0x00,0x00,0x00,0x00,0x00,0x00,0x00,0x00,0x00,0x00,0x00,
    0x00,0x00,0x00,0x00,0x00,0x00,0x00,0x00,0x00,0x00,0x00,0x00,0x00,0x00,0x00,
    0x00,0x00,0x00,0x00,0x00,0x00,0x00,0x00,0x00,0x00,0x00,0x00,0x00,0x00,0x00,
    0x00,0x00,0x00,0x00,0x00,0x00,0x00,0x00,0x00,0x00,0x00,0x00,0x00,0x00,0x00,
    0x00,0x00,0x00,0x00,0x00,0x00,0x00,0x00,0x00,0x00,0x00,0x00,0x00,0x00,0x00,
    0x00,0x00,0x00,0x00,0x00,0x00,0x00,0x00,0x00,0x00,0x00,0x00,0x00,0x00,0x00,
    0x00,0x00,0x00,0x00,0x00,0x00,0x00,0x00,0x00,0x00,0x00,0x00,0x00,0x00,0x00,
    0x00,0x00,0x00,0x00,0x00,0x00,0x00,0x00,0x00,0x00,0x00,0x00,0x00,0x00,0x00,
    0x00,0x00,0x00,0x00,0x00,0x00,0x00,0x00,0x00,0x00,0x00,0x00,0x00,0x00,0x00,
    0x00,0x00,0x00,0x00,0x00,0x00,0x00,0x00,0x00,0x00,0x00,0x00,0x00,0x00,0x00,
    0x00,0x00,0x00,0x00,0x00,0x00,0x00,0x00,0x00,0x00,0x00,0x00,0x00,0x00,0x00,
    0x00,0x00,0x00,0x00,0x00,0x00,0x00,0x00,0x00,0x00,0x00,0x00,0x00,0x00,0x00,
    0x00,0x00,0x00,0x00,0x00,0x00,0xBD,0xBD,0xBD,0x07,0xC4,0xC4,0xC4,0x46,0xC8,
    0xC8,0xC8,0xC6,0xCB,0xCB,0xCB,0xF9,0xCB,0xCB,0xCB,0xFF,0xCB,0xCB,0xCB,0xFF,
    0xCB,0xCB,0xCB,0xFF,0xC8,0xCA,0xCA,0xFF,0xB2,0xC4,0xC4,0xFF,0x79,0xBB,0xBB,
    0xFF,0x29,0xB8,0xB8,0xFF,0x03,0xB8,0xB8,0xFF,0x00,0xB8,0xB8,0xFF,0x00,0xB8,
    0xB8,0xFF,0x01,0xB8,0xB8,0xFF,0x29,0xBC,0xC3,0xFF,0x35,0xC5,0xD0,0xFF,0x35,
    0xC5,0xD0,0xFF,0x35,0xC5,0xD0,0xFF,0x35,0xC5,0xD0,0xFF,0x35,0xC5,0xD0,0xFF,
    0x36,0xC5,0xD0,0xFF,0x84,0xD0,0xD8,0xFF,0xF0,0xF7,0xF8,0xFF,0xFF,0xFF,0xFF,
    0xFF,0xFF,0xFF,0xFF,0xFF,0xED,0xED,0xED,0xFF,0x4E,0x4E,0x4E,0xFF,0x2A,0x2A,
    0x2A,0xFF,0x2A,0x2A,0x2A,0xFF,0x2B,0x2B,0x2B,0xFF,0x2B,0x2B,0x2B,0xFF,0x2D,
    0x5C,0x5C,0xFF,0x3B,0xF4,0xF4,0xFF,0x3C,0xFF,0xFF,0xFF,0x3D,0xFE,0xFE,0xFF,
    0x3D,0xFD,0xFD,0xFF,0x3C,0xFF,0xFF,0xFF,0x3B,0xF5,0xF5,0xFF,0x2D,0x5E,0x5E,
    0xFF,0x2B,0x2B,0x2B,0xFF,0x2B,0x2B,0x2B,0xFF,0x2A,0x2A,0x2A,0xFF,0x2A,0x2A,
    0x2A,0xFF,0x4C,0x4C,0x4C,0xFF,0xEC,0xEC,0xEC,0xFF,0xFF,0xFF,0xFF,0xFF,0xFF,
    0xFF,0xFF,0xFF,0xF4,0xF9,0xFA,0xFF,0x90,0xD3,0xDA,0xFF,0x38,0xC5,0xD0,0xFF,
    0x35,0xC5,0xD0,0xFF,0x35,0xC5,0xD0,0xFF,0x35,0xC5,0xD0,0xFF,0x35,0xC5,0xD0,
    0xFF,0x35,0xC5,0xD0,0xFF,0x29,0xBC,0xC2,0xFF,0x01,0xB8,0xB8,0xFF,0x00,0xB8,
    0xB8,0xFF,0x00,0xB8,0xB8,0xFF,0x01,0xB8,0xB8,0xFF,0x1E,0xB8,0xB8,0xFF,0x66,
    0xB9,0xB9,0xFF,0xA7,0xC1,0xC1,0xFF,0xC7,0xC9,0xC9,0xFF,0xCB,0xCB,0xCB,0xFF,
    0xCB,0xCB,0xCB,0xFF,0xCB,0xCB,0xCB,0xFF,0xCB,0xCB,0xCB,0xF7,0xCA,0xCA,0xCA,
    0xB9,0xC9,0xC9,0xC9,0x3C,0xC6,0xC6,0xC6,0x04,0x00,0x00,0x00,0x00,0x00,0x00,
    0x00,0x00,0x00,0x00,0x00,0x00,0x00,0x00,0x00,0x00,0x00,0x00,0x00,0x00,0x00,
    0x00,0x00,0x00,0x00,0x00,0x00,0x00,0x00,0x00,0x00,0x00,0x00,0x00,0x00,0x00,
    0x00,0x00,0x00,0x00,0x00,0x00,0x00,0x00,0x00,0x00,0x00,0x00,0x00,0x00,0x00,
    0x00,0x00,0x00,0x00,0x00,0x00,0x00,0x00,0x00,0x00,0x00,0x00,0x00,0x00,0x00,
    0x00,0x00,0x00,0x00,0x00,0x00,0x00,0x00,0x00,0x00,0x00,0x00,0x00,0x00,0x00,
    0x00,0x00,0x00,0x00,0x00,0x00,0x00,0x00,0x00,0x00,0x00,0x00,0x00,0x00,0x00,
    0x00,0x00,0x00,0x00,0x00,0x00,0x00,0x00,0x00,0x00,0x00,0x00,0x00,0x00,0x00,
    0x00,0x00,0x00,0x00,0x00,0x00,0x00,0x00,0x00,0x00,0x00,0x00,0x00,0x00,0x00,
    0x00,0x00,0x00,0x00,0x00,0x00,0x00,0x00,0x00,0x00,0x00,0x00,0x00,0x00,0x00,
    0x00,0x00,0x00,0x00,0x00,0x00,0x00,0x00,0x00,0x00,0x00,0x00,0x00,0x00,0x00,
    0x00,0x00,0x00,0x00,0x00,0x00,0x00,0x00,0x00,0x00,0x00,0x00,0x00,0x00,0x00,
    0x00,0x00,0x00,0x00,0x00,0x00,0x00,0x00,0x00,0x00,0x00,0x00,0x00,0x00,0x00,
    0x00,0x00,0x00,0x00,0x00,0x00,0x00,0x00,0x00,0x00,0x00,0x00,0x00,0x00,0x00,
    0x00,0x00,0x00,0x00,0x00,0x00,0x00,0x00,0x00,0x00,0x00,0x00,0x00,0x00,0x00,
    0x00,0x00,0x00,0x00,0x00,0x00,0x00,0x00,0x00,0x00,0x00,0x00,0x00,0x00,0x00,
    0x00,0xC1,0xC1,0xC1,0x01,0xC1,0xC1,0xC1,0x28,0xC6,0xC6,0xC6,0xA0,0xCA,0xCA,
    0xCA,0xF3,0xCB,0xCB,0xCB,0xFF,0xCB,0xCB,0xCB,0xFF,0xCB,0xCB,0xCB,0xFF,0xC9,
    0xCA,0xCA,0xFF,0xB7,0xC4,0xC4,0xFF,0x81,0xBC,0xBC,0xFF,0x31,0xB8,0xB8,0xFF,
    0x04,0xB8,0xB8,0xFF,0x00,0xB8,0xB8,0xFF,0x1B,0xB8,0xBB,0xFF,0x35,0xC4,0xCF,
    0xFF,0x35,0xC5,0xD0,0xFF,0x35,0xC5,0xD0,0xFF,0x35,0xC5,0xD0,0xFF,0x35,0xC5,
    0xD0,0xFF,0x35,0xC5,0xD0,0xFF,0x36,0xC5,0xD0,0xFF,0x84,0xD0,0xD8,0xFF,0xF1,
    0xF7,0xF8,0xFF,0xFF,0xFF,0xFF,0xFF,0xFD,0xFD,0xFD,0xFF,0xA6,0xA6,0xA6,0xFF,
    0x2B,0x2B,0x2B,0xFF,0x2A,0x2A,0x2A,0xFF,0x2A,0x2A,0x2A,0xFF,0x2C,0x2C,0x2C,
    0xFF,0x2B,0x32,0x32,0xFF,0x36,0xC7,0xC7,0xFF,0x3C,0xFF,0xFF,0xFF,0x3C,0xFF,
    0xFF,0xFF,0x3C,0xFF,0xFF,0xFF,0x3C,0xFF,0xFF,0xFF,0x36,0xC9,0xC9,0xFF,0x2B,
    0x32,0x32,0xFF,0x2C,0x2C,0x2C,0xFF,0x2A,0x2A,0x2A,0xFF,0x2A,0x2A,0x2A,0xFF,
    0x2B,0x2B,0x2B,0xFF,0xA3,0xA3,0xA3,0xFF,0xFD,0xFD,0xFD,0xFF,0xFF,0xFF,0xFF,
    0xFF,0xF5,0xF9,0xFA,0xFF,0x90,0xD3,0xDA,0xFF,0x37,0xC5,0xD0,0xFF,0x35,0xC5,
    0xD0,0xFF,0x35,0xC5,0xD0,0xFF,0x35,0xC5,0xD0,0xFF,0x35,0xC5,0xD0,0xFF,0x35,
    0xC5,0xD0,0xFF,0x35,0xC4,0xCF,0xFF,0x1B,0xB8,0xBB,0xFF,0x00,0xB8,0xB8,0xFF,
    0x01,0xB8,0xB8,0xFF,0x23,0xB8,0xB8,0xFF,0x71,0xBA,0xBA,0xFF,0xAD,0xC2,0xC2,
    0xFF,0xC8,0xCA,0xCA,0xFF,0xCB,0xCB,0xCB,0xFF,0xCB,0xCB,0xCB,0xFF,0xCB,0xCB,
    0xCB,0xFE,0xCB,0xCB,0xCB,0xF1,0xC9,0xC9,0xC9,0x90,0xC9,0xC9,0xC9,0x1F,0xC6,
    0xC6,0xC6,0x01,0x00,0x00,0x00,0x00,0x00,0x00,0x00,0x00,0x00,0x00,0x00,0x00,
    0x00,0x00,0x00,0x00,0x00,0x00,0x00,0x00,0x00,0x00,0x00,0x00,0x00,0x00,0x00,
    0x00,0x00,0x00,0x00,0x00,0x00,0x00,0x00,0x00,0x00,0x00,0x00,0x00,0x00,0x00,
    0x00,0x00,0x00,0x00,0x00,0x00,0x00,0x00,0x00,0x00,0x00,0x00,0x00,0x00,0x00,
    0x00,0x00,0x00,0x00,0x00,0x00,0x00,0x00,0x00,0x00,0x00,0x00,0x00,0x00,0x00,
    0x00,0x00,0x00,0x00,0x00,0x00,0x00,0x00,0x00,0x00,0x00,0x00,0x00,0x00,0x00,
    0x00,0x00,0x00,0x00,0x00,0x00,0x00,0x00,0x00,0x00,0x00,0x00,0x00,0x00,0x00,
    0x00,0x00,0x00,0x00,0x00,0x00,0x00,0x00,0x00,0x00,0x00,0x00,0x00,0x00,0x00,
    0x00,0x00,0x00,0x00,0x00,0x00,0x00,0x00,0x00,0x00,0x00,0x00,0x00,0x00,0x00,
    0x00,0x00,0x00,0x00,0x00,0x00,0x00,0x00,0x00,0x00,0x00,0x00,0x00,0x00,0x00,
    0x00,0x00,0x00,0x00,0x00,0x00,0x00,0x00,0x00,0x00,0x00,0x00,0x00,0x00,0x00,
    0x00,0x00,0x00,0x00,0x00,0x00,0x00,0x00,0x00,0x00,0x00,0x00,0x00,0x00,0x00,
    0x00,0x00,0x00,0x00,0x00,0x00,0x00,0x00,0x00,0x00,0x00,0x00,0x00,0x00,0x00,
    0x00,0x00,0x00,0x00,0x00,0x00,0x00,0x00,0x00,0x00,0x00,0x00,0x00,0x00,0x00,
    0x00,0x00,0x00,0x00,0x00,0x00,0x00,0x00,0x00,0x00,0x00,0x00,0x00,0x00,0x00,
    0x00,0x00,0x00,0x00,0x00,0x00,0x00,0x00,0x00,0x00,0x00,0x00,0x00,0x00,0x00,
    0x00,0x00,0x00,0x00,0x00,0x00,0x00,0x00,0x00,0x00,0x00,0x00,0x00,0x00,0x00,
    0xC2,0xC2,0xC2,0x13,0xC5,0xC5,0xC5,0x74,0xC9,0xC9,0xC9,0xEA,0xCB,0xCB,0xCB,
    0xFE,0xCB,0xCB,0xCB,0xFF,0xCB,0xCB,0xCB,0xFF,0xCA,0xCA,0xCA,0xFF,0xBA,0xC5,
    0xC5,0xFF,0x81,0xBC,0xBC,0xFF,0x2B,0xB8,0xB8,0xFF,0x09,0xB8,0xB8,0xFF,0x32,
    0xC0,0xCA,0xFF,0x35,0xC5,0xD0,0xFF,0x35,0xC5,0xD0,0xFF,0x35,0xC5,0xD0,0xFF,
    0x35,0xC5,0xD0,0xFF,0x35,0xC5,0xD0,0xFF,0x35,0xC5,0xD0,0xFF,0x36,0xC5,0xD0,
    0xFF,0x89,0xD2,0xD9,0xFF,0xF3,0xF9,0xF9,0xFF,0xFF,0xFF,0xFF,0xFF,0xE5,0xE5,
    0xE5,0xFF,0x43,0x43,0x43,0xFF,0x2A,0x2A,0x2A,0xFF,0x2A,0x2A,0x2A,0xFF,0x2A,
    0x2A,0x2A,0xFF,0x2C,0x2C,0x2C,0xFF,0x2F,0x79,0x79,0xFF,0x3C,0xFA,0xFA,0xFF,
    0x3C,0xFF,0xFF,0xFF,0x3C,0xFF,0xFF,0xFF,0x3C,0xFA,0xFA,0xFF,0x2F,0x7C,0x7C,
    0xFF,0x2C,0x2C,0x2C,0xFF,0x2A,0x2A,0x2A,0xFF,0x2A,0x2A,0x2A,0xFF,0x2A,0x2A,
    0x2A,0xFF,0x42,0x42,0x42,0xFF,0xE4,0xE4,0xE4,0xFF,0xFF,0xFF,0xFF,0xFF,0xF7,
    0xFA,0xFB,0xFF,0x94,0xD4,0xDB,0xFF,0x38,0xC5,0xD0,0xFF,0x35,0xC5,0xD0,0xFF,
    0x35,0xC5,0xD0,0xFF,0x35,0xC5,0xD0,0xFF,0x35,0xC5,0xD0,0xFF,0x35,0xC5,0xD0,
    0xFF,0x35,0xC5,0xD0,0xFF,0x32,0xC0,0xCA,0xFF,0x08,0xB8,0xB8,0xFF,0x1F,0xB8,
    0xB8,0xFF,0x70,0xBA,0xBA,0xFF,0xB2,0xC4,0xC4,0xFF,0xC9,0xCA,0xCA,0xFF,0xCB,
    0xCB,0xCB,0xFF,0xCB,0xCB,0xCB,0xFF,0xCB,0xCB,0xCB,0xFD,0xCB,0xCB,0xCB,0xE2,
    0xCA,0xCA,0xCA,0x65,0xC7,0xC7,0xC7,0x0E,0x00,0x00,0x00,0x00,0x00,0x00,0x00,
    0x00,0x00,0x00,0x00,0x00,0x00,0x00,0x00,0x00,0x00,0x00,0x00,0x00,0x00,0x00,
    0x00,0x00,0x00,0x00,0x00,0x00,0x00,0x00,0x00,0x00,0x00,0x00,0x00,0x00,0x00,
    0x00,0x00,0x00,0x00,0x00,0x00,0x00,0x00,0x00,0x00,0x00,0x00,0x00,0x00,0x00,
    0x00,0x00,0x00,0x00,0x00,0x00,0x00,0x00,0x00,0x00,0x00,0x00,0x00,0x00,0x00,
    0x00,0x00,0x00,0x00,0x00,0x00,0x00,0x00,0x00,0x00,0x00,0x00,0x00,0x00,0x00,
    0x00,0x00,0x00,0x00,0x00,0x00,0x00,0x00,0x00,0x00,0x00,0x00,0x00,0x00,0x00,
    0x00,0x00,0x00,0x00,0x00,0x00,0x00,0x00,0x00,0x00,0x00,0x00,0x00,0x00,0x00,
    0x00,0x00,0x00,0x00,0x00,0x00,0x00,0x00,0x00,0x00,0x00,0x00,0x00,0x00,0x00,
    0x00,0x00,0x00,0x00,0x00,0x00,0x00,0x00,0x00,0x00,0x00,0x00,0x00,0x00,0x00,
    0x00,0x00,0x00,0x00,0x00,0x00,0x00,0x00,0x00,0x00,0x00,0x00,0x00,0x00,0x00,
    0x00,0x00,0x00,0x00,0x00,0x00,0x00,0x00,0x00,0x00,0x00,0x00,0x00,0x00,0x00,
    0x00,0x00,0x00,0x00,0x00,0x00,0x00,0x00,0x00,0x00,0x00,0x00,0x00,0x00,0x00,
    0x00,0x00,0x00,0x00,0x00,0x00,0x00,0x00,0x00,0x00,0x00,0x00,0x00,0x00,0x00,
    0x00,0x00,0x00,0x00,0x00,0x00,0x00,0x00,0x00,0x00,0x00,0x00,0x00,0x00,0x00,
    0x00,0x00,0x00,0x00,0x00,0x00,0x00,0x00,0x00,0x00,0x00,0x00,0x00,0x00,0x00,
    0x00,0x00,0x00,0x00,0x00,0x00,0x00,0x00,0x00,0x00,0x00,0x00,0x00,0x00,0x00,
    0x00,0x00,0x00,0x00,0x00,0x00,0x00,0x00,0x00,0x00,0x00,0x00,0x00,0x00,0x00,
    0x00,0x00,0x00,0x00,0x00,0x00,0x00,0x00,0x00,0x00,0xBF,0xBF,0xBF,0x08,0xC4,
    0xC4,0xC4,0x56,0xC8,0xC8,0xC8,0xDA,0xCB,0xCB,0xCB,0xFC,0xCB,0xCB,0xCB,0xFF,
    0xCB,0xCB,0xCB,0xFF,0xCA,0xCA,0xCA,0xFF,0xB6,0xC4,0xC4,0xFF,0x78,0xBB,0xBB,
    0xFF,0x37,0xBC,0xC2,0xFF,0x35,0xC5,0xD0,0xFF,0x35,0xC5,0xD0,0xFF,0x35,0xC5,
    0xD0,0xFF,0x35,0xC5,0xD0,0xFF,0x35,0xC5,0xD0,0xFF,0x35,0xC5,0xD0,0xFF,0x35,
    0xC5,0xD0,0xFF,0x37,0xC5,0xD0,0xFF,0x92,0xD4,0xDB,0xFF,0xF7,0xFA,0xFB,0xFF,
    0xFD,0xFD,0xFD,0xFF,0x9B,0x9B,0x9B,0xFF,0x2B,0x2B,0x2B,0xFF,0x2A,0x2A,0x2A,
    0xFF,0x2A,0x2A,0x2A,0xFF,0x2B,0x2B,0x2B,0xFF,0x2C,0x38,0x38,0xFF,0x37,0xD4,
    0xD4,0xFF,0x3C,0xFF,0xFF,0xFF,0x3C,0xFF,0xFF,0xFF,0x38,0xD6,0xD6,0xFF,0x2C,
    0x39,0x39,0xFF,0x2B,0x2B,0x2B,0xFF,0x2A,0x2A,0x2A,0xFF,0x2A,0x2A,0x2A,0xFF,
    0x2A,0x2A,0x2A,0xFF,0x98,0x98,0x98,0xFF,0xFD,0xFD,0xFD,0xFF,0xF9,0xFC,0xFC,
    0xFF,0x9D,0xD7,0xDD,0xFF,0x39,0xC5,0xD0,0xFF,0x35,0xC5,0xD0,0xFF,0x35,0xC5,
    0xD0,0xFF,0x35,0xC5,0xD0,0xFF,0x35,0xC5,0xD0,0xFF,0x35,0xC5,0xD0,0xFF,0x35,
    0xC5,0xD0,0xFF,0x35,0xC5,0xD0,0xFF,0x31,0xBC,0xC2,0xFF,0x67,0xB9,0xB9,0xFF,
    0xAD,0xC2,0xC2,0xFF,0xC9,0xCA,0xCA,0xFF,0xCB,0xCB,0xCB,0xFF,0xCB,0xCB,0xCB,
    0xFF,0xCB,0xCB,0xCB,0xFB,0xCA,0xCA,0xCA,0xD1,0xCA,0xCA,0xCA,0x49,0xC5,0xC5,
    0xC5,0x06,0x00,0x00,0x00,0x00,0x00,0x00,0x00,0x00,0x00,0x00,0x00,0x00,0x00,
    0x00,0x00,0x00,0x00,0x00,0x00,0x00,0x00,0x00,0x00,0x00,0x00,0x00,0x00,0x00,
    0x00,0x00,0x00,0x00,0x00,0x00,0x00,0x00,0x00,0x00,0x00,0x00,0x00,0x00,0x00,
    0x00,0x00,0x00,0x00,0x00,0x00,0x00,0x00,0x00,0x00,0x00,0x00,0x00,0x00,0x00,
    0x00,0x00,0x00,0x00,0x00,0x00,0x00,0x00,0x00,0x00,0x00,0x00,0x00,0x00,0x00,
    0x00,0x00,0x00,0x00,0x00,0x00,0x00,0x00,0x00,0x00,0x00,0x00,0x00,0x00,0x00,
    0x00,0x00,0x00,0x00,0x00,0x00,0x00,0x00,0x00,0x00,0x00,0x00,0x00,0x00,0x00,
    0x00,0x00,0x00,0x00,0x00,0x00,0x00,0x00,0x00,0x00,0x00,0x00,0x00,0x00,0x00,
    0x00,0x00,0x00,0x00,0x00,0x00,0x00,0x00,0x00,0x00,0x00,0x00,0x00,0x00,0x00,
    0x00,0x00,0x00,0x00,0x00,0x00,0x00,0x00,0x00,0x00,0x00,0x00,0x00,0x00,0x00,
    0x00,0x00,0x00,0x00,0x00,0x00,0x00,0x00,0x00,0x00,0x00,0x00,0x00,0x00,0x00,
    0x00,0x00,0x00,0x00,0x00,0x00,0x00,0x00,0x00,0x00,0x00,0x00,0x00,0x00,0x00,
    0x00,0x00,0x00,0x00,0x00,0x00,0x00,0x00,0x00,0x00,0x00,0x00,0x00,0x00,0x00,
    0x00,0x00,0x00,0x00,0x00,0x00,0x00,0x00,0x00,0x00,0x00,0x00,0x00,0x00,0x00,
    0x00,0x00,0x00,0x00,0x00,0x00,0x00,0x00,0x00,0x00,0x00,0x00,0x00,0x00,0x00,
    0x00,0x00,0x00,0x00,0x00,0x00,0x00,0x00,0x00,0x00,0x00,0x00,0x00,0x00,0x00,
    0x00,0x00,0x00,0x00,0x00,0x00,0x00,0x00,0x00,0x00,0x00,0x00,0x00,0x00,0x00,
    0x00,0x00,0x00,0x00,0x00,0x00,0x00,0x00,0x00,0x00,0x00,0x00,0x00,0x00,0x00,
    0x00,0x00,0x00,0x00,0x00,0x00,0x00,0x00,0x00,0x00,0x00,0x00,0x00,0x00,0x00,
    0x00,0x00,0x00,0x00,0x00,0xBD,0xBD,0xBD,0x03,0xC3,0xC3,0xC3,0x3D,0xC7,0xC7,
    0xC7,0xC3,0xCB,0xCB,0xCB,0xFA,0xCB,0xCB,0xCB,0xFF,0xCB,0xCB,0xCB,0xFF,0xC9,
    0xCA,0xCA,0xFF,0xB2,0xC4,0xC5,0xFF,0x86,0xCE,0xD6,0xFF,0x3F,0xC6,0xD0,0xFF,
    0x35,0xC5,0xD0,0xFF,0x35,0xC5,0xD0,0xFF,0x35,0xC5,0xD0,0xFF,0x35,0xC5,0xD0,
    0xFF,0x35,0xC5,0xD0,0xFF,0x35,0xC5,0xD0,0xFF,0x39,0xC5,0xD0,0xFF,0xA0,0xD7,
    0xDE,0xFF,0xFA,0xFC,0xFC,0xFF,0xE2,0xE2,0xE2,0xFF,0x41,0x41,0x41,0xFF,0x2A,
    0x2A,0x2A,0xFF,0x2A,0x2A,0x2A,0xFF,0x2A,0x2A,0x2A,0xFF,0x2C,0x2C,0x2C,0xFF,
    0x30,0x86,0x86,0xFF,0x3C,0xFB,0xFB,0xFF,0x3C,0xFC,0xFC,0xFF,0x31,0x8A,0x8A,
    0xFF,0x2C,0x2C,0x2C,0xFF,0x2A,0x2A,0x2A,0xFF,0x2A,0x2A,0x2A,0xFF,0x2A,0x2A,
    0x2A,0xFF,0x3F,0x3F,0x3F,0xFF,0xE0,0xE0,0xE0,0xFF,0xFC,0xFD,0xFD,0xFF,0xAA,
    0xDB,0xE1,0xFF,0x3B,0xC5,0xD0,0xFF,0x35,0xC5,0xD0,0xFF,0x35,0xC5,0xD0,0xFF,
    0x35,0xC5,0xD0,0xFF,0x35,0xC5,0xD0,0xFF,0x35,0xC5,0xD0,0xFF,0x35,0xC5,0xD0,
    0xFF,0x3A,0xC5,0xD0,0xFF,0x74,0xCB,0xD3,0xFF,0xA8,0xC2,0xC3,0xFF,0xC8,0xCA,
    0xCA,0xFF,0xCB,0xCB,0xCB,0xFF,0xCB,0xCB,0xCB,0xFF,0xCB,0xCB,0xCB,0xF8,0xCA,
    0xCA,0xCA,0xB5,0xC9,0xC9,0xC9,0x32,0xC5,0xC5,0xC5,0x02,0x00,0x00,0x00,0x00,
    0x00,0x00,0x00,0x00,0x00,0x00,0x00,0x00,0x00,0x00,0x00,0x00,0x00,0x00,0x00,
    0x00,0x00,0x00,0x00,0x00,0x00,0x00,0x00,0x00,0x00,0x00,0x00,0x00,0x00,0x00,
    0x00,0x00,0x00,0x00,0x00,0x00,0x00,0x00,0x00,0x00,0x00,0x00,0x00,0x00,0x00,
    0x00,0x00,0x00,0x00,0x00,0x00,0x00,0x00,0x00,0x00,0x00,0x00,0x00,0x00,0x00,
    0x00,0x00,0x00,0x00,0x00,0x00,0x00,0x00,0x00,0x00,0x00,0x00,0x00,0x00,0x00,
    0x00,0x00,0x00,0x00,0x00,0x00,0x00,0x00,0x00,0x00,0x00,0x00,0x00,0x00,0x00,
    0x00,0x00,0x00,0x00,0x00,0x00,0x00,0x00,0x00,0x00,0x00,0x00,0x00,0x00,0x00,
    0x00,0x00,0x00,0x00,0x00,0x00,0x00,0x00,0x00,0x00,0x00,0x00,0x00,0x00,0x00,
    0x00,0x00,0x00,0x00,0x00,0x00,0x00,0x00,0x00,0x00,0x00,0x00,0x00,0x00,0x00,
    0x00,0x00,0x00,0x00,0x00,0x00,0x00,0x00,0x00,0x00,0x00,0x00,0x00,0x00,0x00,
    0x00,0x00,0x00,0x00,0x00,0x00,0x00,0x00,0x00,0x00,0x00,0x00,0x00,0x00,0x00,
    0x00,0x00,0x00,0x00,0x00,0x00,0x00,0x00,0x00,0x00,0x00,0x00,0x00,0x00,0x00,
    0x00,0x00,0x00,0x00,0x00,0x00,0x00,0x00,0x00,0x00,0x00,0x00,0x00,0x00,0x00,
    0x00,0x00,0x00,0x00,0x00,0x00,0x00,0x00,0x00,0x00,0x00,0x00,0x00,0x00,0x00,
    0x00,0x00,0x00,0x00,0x00,0x00,0x00,0x00,0x00,0x00,0x00,0x00,0x00,0x00,0x00,
    0x00,0x00,0x00,0x00,0x00,0x00,0x00,0x00,0x00,0x00,0x00,0x00,0x00,0x00,0x00,
    0x00,0x00,0x00,0x00,0x00,0x00,0x00,0x00,0x00,0x00,0x00,0x00,0x00,0x00,0x00,
    0x00,0x00,0x00,0x00,0x00,0x00,0x00,0x00,0x00,0x00,0x00,0x00,0x00,0x00,0x00,
    0x00,0x00,0x00,0x00,0x00,0x00,0x00,0x00,0x00,0x00,0x00,0x00,0x00,0x00,0x00,
    0x00,0x00,0x00,0x00,0x00,0x00,0x00,0x00,0x00,0x00,0x00,0x00,0x00,0x00,0x00,
    0xBA,0xBA,0xBA,0x02,0xC2,0xC2,0xC2,0x2D,0xC7,0xC7,0xC7,0xAE,0xCA,0xCA,0xCA,
    0xF7,0xCB,0xCB,0xCB,0xFF,0xCC,0xCC,0xCC,0xFF,0xE9,0xEB,0xEB,0xFF,0xCC,0xE6,
    0xE9,0xFF,0x6C,0xCB,0xD5,0xFF,0x38,0xC5,0xD0,0xFF,0x35,0xC5,0xD0,0xFF,0x35,
    0xC5,0xD0,0xFF,0x35,0xC5,0xD0,0xFF,0x35,0xC5,0xD0,0xFF,0x35,0xC5,0xD0,0xFF,
    0x3C,0xC5,0xD0,0xFF,0xB2,0xDD,0xE2,0xFF,0xFA,0xFB,0xFB,0xFF,0x9B,0x9B,0x9B,
    0xFF,0x2B,0x2B,0x2B,0xFF,0x2A,0x2A,0x2A,0xFF,0x2A,0x2A,0x2A,0xFF,0x2A,0x2A,
    0x2A,0xFF,0x2D,0x3B,0x3B,0xFF,0x38,0xD7,0xD7,0xFF,0x38,0xD9,0xD9,0xFF,0x2D,
    0x3C,0x3C,0xFF,0x2A,0x2A,0x2A,0xFF,0x2A,0x2A,0x2A,0xFF,0x2A,0x2A,0x2A,0xFF,
    0x2B,0x2B,0x2B,0xFF,0x96,0x96,0x96,0xFF,0xFA,0xFB,0xFB,0xFF,0xBB,0xE0,0xE5,
    0xFF,0x3F,0xC6,0xD0,0xFF,0x35,0xC5,0xD0,0xFF,0x35,0xC5,0xD0,0xFF,0x35,0xC5,
    0xD0,0xFF,0x35,0xC5,0xD0,0xFF,0x35,0xC5,0xD0,0xFF,0x36,0xC5,0xD0,0xFF,0x5B,
    0xC9,0xD2,0xFF,0xBE,0xE1,0xE5,0xFF,0xE5,0xE9,0xE9,0xFF,0xCC,0xCC,0xCC,0xFF,
    0xCB,0xCB,0xCB,0xFF,0xCB,0xCB,0xCB,0xF5,0xCA,0xCA,0xCA,0xA1,0xC7,0xC7,0xC7,
    0x25,0xC5,0xC5,0xC5,0x01,0x00,0x00,0x00,0x00,0x00,0x00,0x00,0x00,0x00,0x00,
    0x00,0x00,0x00,0x00,0x00,0x00,0x00,0x00,0x00,0x00,0x00,0x00,0x00,0x00,0x00,
    0x00,0x00,0x00,0x00,0x00,0x00,0x00,0x00,0x00,0x00,0x00,0x00,0x00,0x00,0x00,
    0x00,0x00,0x00,0x00,0x00,0x00,0x00,0x00,0x00,0x00,0x00,0x00,0x00,0x00,0x00,
    0x00,0x00,0x00,0x00,0x00,0x00,0x00,0x00,0x00,0x00,0x00,0x00,0x00,0x00,0x00,
    0x00,0x00,0x00,0x00,0x00,0x00,0x00,0x00,0x00,0x00,0x00,0x00,0x00,0x00,0x00,
    0x00,0x00,0x00,0x00,0x00,0x00,0x00,0x00,0x00,0x00,0x00,0x00,0x00,0x00,0x00,
    0x00,0x00,0x00,0x00,0x00,0x00,0x00,0x00,0x00,0x00,0x00,0x00,0x00,0x00,0x00,
    0x00,0x00,0x00,0x00,0x00,0x00,0x00,0x00,0x00,0x00,0x00,0x00,0x00,0x00,0x00,
    0x00,0x00,0x00,0x00,0x00,0x00,0x00,0x00,0x00,0x00,0x00,0x00,0x00,0x00,0x00,
    0x00,0x00,0x00,0x00,0x00,0x00,0x00,0x00,0x00,0x00,0x00,0x00,0x00,0x00,0x00,
    0x00,0x00,0x00,0x00,0x00,0x00,0x00,0x00,0x00,0x00,0x00,0x00,0x00,0x00,0x00,
    0x00,0x00,0x00,0x00,0x00,0x00,0x00,0x00,0x00,0x00,0x00,0x00,0x00,0x00,0x00,
    0x00,0x00,0x00,0x00,0x00,0x00,0x00,0x00,0x00,0x00,0x00,0x00,0x00,0x00,0x00,
    0x00,0x00,0x00,0x00,0x00,0x00,0x00,0x00,0x00,0x00,0x00,0x00,0x00,0x00,0x00,
    0x00,0x00,0x00,0x00,0x00,0x00,0x00,0x00,0x00,0x00,0x00,0x00,0x00,0x00,0x00,
    0x00,0x00,0x00,0x00,0x00,0x00,0x00,0x00,0x00,0x00,0x00,0x00,0x00,0x00,0x00,
    0x00,0x00,0x00,0x00,0x00,0x00,0x00,0x00,0x00,0x00,0x00,0x00,0x00,0x00,0x00,
    0x00,0x00,0x00,0x00,0x00,0x00,0x00,0x00,0x00,0x00,0x00,0x00,0x00,0x00,0x00,
    0x00,0x00,0x00,0x00,0x00,0x00,0x00,0x00,0x00,0x00,0x00,0x00,0x00,0x00,0x00,
    0x00,0x00,0x00,0x00,0x00,0x00,0x00,0x00,0x00,0x00,0x00,0x00,0x00,0x00,0x00,
    0x00,0x00,0x00,0x00,0x00,0x00,0x00,0x00,0x00,0x00,0xBE,0xBE,0xBE,0x01,0xC1,
    0xC1,0xC1,0x20,0xC6,0xC6,0xC6,0x9D,0xCA,0xCA,0xCA,0xF5,0xDB,0xDB,0xDB,0xFF,
    0xFE,0xFE,0xFE,0xFF,0xF3,0xF9,0xF9,0xFF,0xB3,0xDE,0xE3,0xFF,0x4F,0xC7,0xD1,
    0xFF,0x35,0xC5,0xD0,0xFF,0x35,0xC5,0xD0,0xFF,0x35,0xC5,0xD0,0xFF,0x35,0xC5,
    0xD0,0xFF,0x35,0xC5,0xD0,0xFF,0x42,0xC6,0xD1,0xFF,0xC6,0xE4,0xE8,0xFF,0xE2,
    0xE3,0xE3,0xFF,0x44,0x44,0x44,0xFF,0x2A,0x2A,0x2A,0xFF,0x2A,0x2A,0x2A,0xFF,
    0x2A,0x2A,0x2A,0xFF,0x2B,0x2B,0x2B,0xFF,0x31,0x7D,0x7D,0xFF,0x31,0x82,0x82,
    0xFF,0x2B,0x2B,0x2B,0xFF,0x2A,0x2A,0x2A,0xFF,0x2A,0x2A,0x2A,0xFF,0x2A,0x2A,
    0x2A,0xFF,0x41,0x41,0x41,0xFF,0xE1,0xE1,0xE1,0xFF,0xCE,0xE8,0xEB,0xFF,0x46,
    0xC6,0xD1,0xFF,0x35,0xC5,0xD0,0xFF,0x35,0xC5,0xD0,0xFF,0x35,0xC5,0xD0,0xFF,
    0x35,0xC5,0xD0,0xFF,0x35,0xC5,0xD0,0xFF,0x45,0xC6,0xD1,0xFF,0xA2,0xD8,0xDF,
    0xFF,0xEC,0xF5,0xF7,0xFF,0xFD,0xFE,0xFE,0xFF,0xDB,0xDB,0xDB,0xFF,0xCB,0xCB,
    0xCB,0xF2,0xCA,0xCA,0xCA,0x8C,0xC9,0xC9,0xC9,0x19,0x00,0x00,0x00,0x00,0x00,
    0x00,0x00,0x00,0x00,0x00,0x00,0x00,0x00,0x00,0x00,0x00,0x00,0x00,0x00,0x00,
    0x00,0x00,0x00,0x00,0x00,0x00,0x00,0x00,0x00,0x00,0x00,0x00,0x00,0x00,0x00,
    0x00,0x00,0x00,0x00,0x00,0x00,0x00,0x00,0x00,0x00,0x00,0x00,0x00,0x00,0x00,
    0x00,0x00,0x00,0x00,0x00,0x00,0x00,0x00,0x00,0x00,0x00,0x00,0x00,0x00,0x00,
    0x00,0x00,0x00,0x00,0x00,0x00,0x00,0x00,0x00,0x00,0x00,0x00,0x00,0x00,0x00,
    0x00,0x00,0x00,0x00,0x00,0x00,0x00,0x00,0x00,0x00,0x00,0x00,0x00,0x00,0x00,
    0x00,0x00,0x00,0x00,0x00,0x00,0x00,0x00,0x00,0x00,0x00,0x00,0x00,0x00,0x00,
    0x00,0x00,0x00,0x00,0x00,0x00,0x00,0x00,0x00,0x00,0x00,0x00,0x00,0x00,0x00,
    0x00,0x00,0x00,0x00,0x00,0x00,0x00,0x00,0x00,0x00,0x00,0x00,0x00,0x00,0x00,
    0x00,0x00,0x00,0x00,0x00,0x00,0x00,0x00,0x00,0x00,0x00,0x00,0x00,0x00,0x00,
    0x00,0x00,0x00,0x00,0x00,0x00,0x00,0x00,0x00,0x00,0x00,0x00,0x00,0x00,0x00,
    0x00,0x00,0x00,0x00,0x00,0x00,0x00,0x00,0x00,0x00,0x00,0x00,0x00,0x00,0x00,
    0x00,0x00,0x00,0x00,0x00,0x00,0x00,0x00,0x00,0x00,0x00,0x00,0x00,0x00,0x00,
    0x00,0x00,0x00,0x00,0x00,0x00,0x00,0x00,0x00,0x00,0x00,0x00,0x00,0x00,0x00,
    0x00,0x00,0x00,0x00,0x00,0x00,0x00,0x00,0x00,0x00,0x00,0x00,0x00,0x00,0x00,
    0x00,0x00,0x00,0x00,0x00,0x00,0x00,0x00,0x00,0x00,0x00,0x00,0x00,0x00,0x00,
    0x00,0x00,0x00,0x00,0x00,0x00,0x00,0x00,0x00,0x00,0x00,0x00,0x00,0x00,0x00,
    0x00,0x00,0x00,0x00,0x00,0x00,0x00,0x00,0x00,0x00,0x00,0x00,0x00,0x00,0x00,
    0x00,0x00,0x00,0x00,0x00,0x00,0x00,0x00,0x00,0x00,0x00,0x00,0x00,0x00,0x00,
    0x00,0x00,0x00,0x00,0x00,0x00,0x00,0x00,0x00,0x00,0x00,0x00,0x00,0x00,0x00,
    0x00,0x00,0x00,0x00,0x00,0x00,0x00,0x00,0x00,0x00,0x00,0x00,0x00,0x00,0x00,
    0x00,0x00,0x00,0x00,0x00,0x00,0x00,0x00,0x00,0x00,0x00,0x00,0x00,0x00,0x00,
    0x00,0x00,0x00,0x00,0x00,0x00,0x00,0x00,0x00,0xC0,0xC0,0xC0,0x1A,0xC8,0xC8,
    0xC8,0x91,0xF6,0xF6,0xF6,0xF3,0xFF,0xFF,0xFF,0xFF,0xFE,0xFE,0xFE,0xFF,0xE3,
    0xF1,0xF2,0xFF,0x86,0xD1,0xD8,0xFF,0x3B,0xC5,0xD0,0xFF,0x35,0xC5,0xD0,0xFF,
    0x35,0xC5,0xD0,0xFF,0x35,0xC5,0xD0,0xFF,0x35,0xC5,0xD0,0xFF,0x4F,0xC7,0xD1,
    0xFF,0xD8,0xEB,0xED,0xFF,0xA3,0xA3,0xA3,0xFF,0x2C,0x2C,0x2C,0xFF,0x2A,0x2A,
    0x2A,0xFF,0x2A,0x2A,0x2A,0xFF,0x2A,0x2A,0x2A,0xFF,0x2C,0x2E,0x2E,0xFF,0x2C,
    0x2E,0x2E,0xFF,0x2A,0x2A,0x2A,0xFF,0x2A,0x2A,0x2A,0xFF,0x2A,0x2A,0x2A,0xFF,
    0x2B,0x2B,0x2B,0xFF,0x9E,0x9E,0x9E,0xFF,0xDE,0xED,0xEF,0xFF,0x56,0xC8,0xD2,
    0xFF,0x35,0xC5,0xD0,0xFF,0x35,0xC5,0xD0,0xFF,0x35,0xC5,0xD0,0xFF,0x35,0xC5,
    0xD0,0xFF,0x38,0xC5,0xD0,0xFF,0x75,0xCD,0xD6,0xFF,0xD9,0xEC,0xEE,0xFF,0xFD,
    0xFE,0xFE,0xFF,0xFF,0xFF,0xFF,0xFF,0xF7,0xF7,0xF7,0xF0,0xCC,0xCC,0xCC,0x81,
    0xC7,0xC7,0xC7,0x13,0x00,0x00,0x00,0x00,0x00,0x00,0x00,0x00,0x00,0x00,0x00,
    0x00,0x00,0x00,0x00,0x00,0x00,0x00,0x00,0x00,0x00,0x00,0x00,0x00,0x00,0x00,
    0x00,0x00,0x00,0x00,0x00,0x00,0x00,0x00,0x00,0x00,0x00,0x00,0x00,0x00,0x00,
    0x00,0x00,0x00,0x00,0x00,0x00,0x00,0x00,0x00,0x00,0x00,0x00,0x00,0x00,0x00,
    0x00,0x00,0x00,0x00,0x00,0x00,0x00,0x00,0x00,0x00,0x00,0x00,0x00,0x00,0x00,
    0x00,0x00,0x00,0x00,0x00,0x00,0x00,0x00,0x00,0x00,0x00,0x00,0x00,0x00,0x00,
    0x00,0x00,0x00,0x00,0x00,0x00,0x00,0x00,0x00,0x00,0x00,0x00,0x00,0x00,0x00,
    0x00,0x00,0x00,0x00,0x00,0x00,0x00,0x00,0x00,0x00,0x00,0x00,0x00,0x00,0x00,
    0x00,0x00,0x00,0x00,0x00,0x00,0x00,0x00,0x00,0x00,0x00,0x00,0x00,0x00,0x00,
    0x00,0x00,0x00,0x00,0x00,0x00,0x00,0x00,0x00,0x00,0x00,0x00,0x00,0x00,0x00,
    0x00,0x00,0x00,0x00,0x00,0x00,0x00,0x00,0x00,0x00,0x00,0x00,0x00,0x00,0x00,
    0x00,0x00,0x00,0x00,0x00,0x00,0x00,0x00,0x00,0x00,0x00,0x00,0x00,0x00,0x00,
    0x00,0x00,0x00,0x00,0x00,0x00,0x00,0x00,0x00,0x00,0x00,0x00,0x00,0x00,0x00,
    0x00,0x00,0x00,0x00,0x00,0x00,0x00,0x00,0x00,0x00,0x00,0x00,0x00,0x00,0x00,
    0x00,0x00,0x00,0x00,0x00,0x00,0x00,0x00,0x00,0x00,0x00,0x00,0x00,0x00,0x00,
    0x00,0x00,0x00,0x00,0x00,0x00,0x00,0x00,0x00,0x00,0x00,0x00,0x00,0x00,0x00,
    0x00,0x00,0x00,0x00,0x00,0x00,0x00,0x00,0x00,0x00,0x00,0x00,0x00,0x00,0x00,
    0x00,0x00,0x00,0x00,0x00,0x00,0x00,0x00,0x00,0x00,0x00,0x00,0x00,0x00,0x00,
    0x00,0x00,0x00,0x00,0x00,0x00,0x00,0x00,0x00,0x00,0x00,0x00,0x00,0x00,0x00,
    0x00,0x00,0x00,0x00,0x00,0x00,0x00,0x00,0x00,0x00,0x00,0x00,0x00,0x00,0x00,
    0x00,0x00,0x00,0x00,0x00,0x00,0x00,0x00,0x00,0x00,0x00,0x00,0x00,0x00,0x00,
    0x00,0x00,0x00,0x00,0x00,0x00,0x00,0x00,0x00,0x00,0x00,0x00,0x00,0x00,0x00,
    0x00,0x00,0x00,0x00,0x00,0x00,0x00,0x00,0x00,0x00,0x00,0x00,0x00,0x00,0x00,
    0x00,0x00,0x00,0x00,0x00,0x00,0x00,0x00,0x00,0x00,0x00,0x00,0x00,0x00,0x00,
    0x00,0x00,0x00,0x00,0xE9,0xE9,0xE9,0x15,0xF8,0xF8,0xF8,0x84,0xFD,0xFD,0xFD,
    0xF1,0xFF,0xFF,0xFF,0xFF,0xF8,0xFB,0xFC,0xFF,0xBE,0xE1,0xE6,0xFF,0x55,0xC8,
    0xD2,0xFF,0x35,0xC5,0xD0,0xFF,0x35,0xC5,0xD0,0xFF,0x35,0xC5,0xD0,0xFF,0x35,
    0xC5,0xD0,0xFF,0x68,0xCB,0xD4,0xFF,0xD5,0xDF,0xE1,0xFF,0x50,0x50,0x50,0xFF,
    0x2A,0x2A,0x2A,0xFF,0x2A,0x2A,0x2A,0xFF,0x2A,0x2A,0x2A,0xFF,0x2C,0x2C,0x2C,
    0xFF,0x2C,0x2C,0x2C,0xFF,0x2A,0x2A,0x2A,0xFF,0x2A,0x2A,0x2A,0xFF,0x2A,0x2A,
    0x2A,0xFF,0x4C,0x4C,0x4C,0xFF,0xD6,0xDF,0xE0,0xFF,0x71,0xCC,0xD5,0xFF,0x35,
    0xC5,0xD0,0xFF,0x35,0xC5,0xD0,0xFF,0x35,0xC5,0xD0,0xFF,0x35,0xC5,0xD0,0xFF,
    0x49,0xC6,0xD1,0xFF,0xAF,0xDC,0xE2,0xFF,0xF4,0xF9,0xF9,0xFF,0xFF,0xFF,0xFF,
    0xFE,0xFF,0xFF,0xFF,0xEE,0xFC,0xFC,0xFC,0x77,0xF4,0xF4,0xF4,0x0F,0x00,0x00,
    0x00,0x00,0x00,0x00,0x00,0x00,0x00,0x00,0x00,0x00,0x00,0x00,0x00,0x00,0x00,
    0x00,0x00,0x00,0x00,0x00,0x00,0x00,0x00,0x00,0x00,0x00,0x00,0x00,0x00,0x00,
    0x00,0x00,0x00,0x00,0x00,0x00,0x00,0x00,0x00,0x00,0x00,0x00,0x00,0x00,0x00,
    0x00,0x00,0x00,0x00,0x00,0x00,0x00,0x00,0x00,0x00,0x00,0x00,0x00,0x00,0x00,
    0x00,0x00,0x00,0x00,0x00,0x00,0x00,0x00,0x00,0x00,0x00,0x00,0x00,0x00,0x00,
    0x00,0x00,0x00,0x00,0x00,0x00,0x00,0x00,0x00,0x00,0x00,0x00,0x00,0x00,0x00,
    0x00,0x00,0x00,0x00,0x00,0x00,0x00,0x00,0x00,0x00,0x00,0x00,0x00,0x00,0x00,
    0x00,0x00,0x00,0x00,0x00,0x00,0x00,0x00,0x00,0x00,0x00,0x00,0x00,0x00,0x00,
    0x00,0x00,0x00,0x00,0x00,0x00,0x00,0x00,0x00,0x00,0x00,0x00,0x00,0x00,0x00,
    0x00,0x00,0x00,0x00,0x00,0x00,0x00,0x00,0x00,0x00,0x00,0x00,0x00,0x00,0x00,
    0x00,0x00,0x00,0x00,0x00,0x00,0x00,0x00,0x00,0x00,0x00,0x00,0x00,0x00,0x00,
    0x00,0x00,0x00,0x00,0x00,0x00,0x00,0x00,0x00,0x00,0x00,0x00,0x00,0x00,0x00,
    0x00,0x00,0x00,0x00,0x00,0x00,0x00,0x00,0x00,0x00,0x00,0x00,0x00,0x00,0x00,
    0x00,0x00,0x00,0x00,0x00,0x00,0x00,0x00,0x00,0x00,0x00,0x00,0x00,0x00,0x00,
    0x00,0x00,0x00,0x00,0x00,0x00,0x00,0x00,0x00,0x00,0x00,0x00,0x00,0x00,0x00,
    0x00,0x00,0x00,0x00,0x00,0x00,0x00,0x00,0x00,0x00,0x00,0x00,0x00,0x00,0x00,
    0x00,0x00,0x00,0x00,0x00,0x00,0x00,0x00,0x00,0x00,0x00,0x00,0x00,0x00,0x00,
    0x00,0x00,0x00,0x00,0x00,0x00,0x00,0x00,0x00,0x00,0x00,0x00,0x00,0x00,0x00,
    0x00,0x00,0x00,0x00,0x00,0x00,0x00,0x00,0x00,0x00,0x00,0x00,0x00,0x00,0x00,
    0x00,0x00,0x00,0x00,0x00,0x00,0x00,0x00,0x00,0x00,0x00,0x00,0x00,0x00,0x00,
    0x00,0x00,0x00,0x00,0x00,0x00,0x00,0x00,0x00,0x00,0x00,0x00,0x00,0x00,0x00,
    0x00,0x00,0x00,0x00,0x00,0x00,0x00,0x00,0x00,0x00,0x00,0x00,0x00,0x00,0x00,
    0x00,0x00,0x00,0x00,0x00,0x00,0x00,0x00,0x00,0x00,0x00,0x00,0x00,0x00,0x00,
    0x00,0x00,0x00,0x00,0x00,0x00,0x00,0x00,0x00,0x00,0x00,0x00,0x00,0x00,0x00,
    0x00,0x00,0x00,0x00,0x00,0x00,0x00,0x00,0x00,0x00,0x00,0x00,0x00,0x00,0xEE,
    0xEE,0xEE,0x12,0xF7,0xF7,0xF7,0x81,0xFD,0xFD,0xFD,0xF1,0xFE,0xFE,0xFE,0xFF,
    0xE6,0xF2,0xF4,0xFF,0x8B,0xD2,0xD9,0xFF,0x3B,0xC5,0xD0,0xFF,0x35,0xC5,0xD0,
    0xFF,0x35,0xC5,0xD0,0xFF,0x36,0xC5,0xD0,0xFF,0x88,0xD1,0xD8,0xFF,0xA9,0xAE,
    0xAF,0xFF,0x2E,0x2E,0x2E,0xFF,0x2A,0x2A,0x2A,0xFF,0x2B,0x2B,0x2B,0xFF,0x2B,
    0x2B,0x2B,0xFF,0x2B,0x2B,0x2B,0xFF,0x2C,0x2C,0x2C,0xFF,0x2A,0x2A,0x2A,0xFF,
    0x2E,0x2E,0x2E,0xFF,0xA7,0xAB,0xAC,0xFF,0x90,0xD2,0xDA,0xFF,0x36,0xC5,0xD0,
    0xFF,0x35,0xC5,0xD0,0xFF,0x35,0xC5,0xD0,0xFF,0x38,0xC5,0xD0,0xFF,0x7A,0xCE,
    0xD6,0xFF,0xDD,0xEE,0xF0,0xFF,0xFD,0xFE,0xFE,0xFE,0xFF,0xFF,0xFF,0xED,0xFD,
    0xFD,0xFD,0x70,0xF9,0xF9,0xF9,0x0D,0x00,0x00,0x00,0x00,0x00,0x00,0x00,0x00,
    0x00,0x00,0x00,0x00,0x00,0x00,0x00,0x00,0x00,0x00,0x00,0x00,0x00,0x00,0x00,
    0x00,0x00,0x00,0x00,0x00,0x00,0x00,0x00,0x00,0x00,0x00,0x00,0x00,0x00,0x00,
    0x00,0x00,0x00,0x00,0x00,0x00,0x00,0x00,0x00,0x00,0x00,0x00,0x00,0x00,0x00,
    0x00,0x00,0x00,0x00,0x00,0x00,0x00,0x00,0x00,0x00,0x00,0x00,0x00,0x00,0x00,
    0x00,0x00,0x00,0x00,0x00,0x00,0x00,0x00,0x00,0x00,0x00,0x00,0x00,0x00,0x00,
    0x00,0x00,0x00,0x00,0x00,0x00,0x00,0x00,0x00,0x00,0x00,0x00,0x00,0x00,0x00,
    0x00,0x00,0x00,0x00,0x00,0x00,0x00,0x00,0x00,0x00,0x00,0x00,0x00,0x00,0x00,
    0x00,0x00,0x00,0x00,0x00,0x00,0x00,0x00,0x00,0x00,0x00,0x00,0x00,0x00,0x00,
    0x00,0x00,0x00,0x00,0x00,0x00,0x00,0x00,0x00,0x00,0x00,0x00,0x00,0x00,0x00,
    0x00,0x00,0x00,0x00,0x00,0x00,0x00,0x00,0x00,0x00,0x00,0x00,0x00,0x00,0x00,
    0x00,0x00,0x00,0x00,0x00,0x00,0x00,0x00,0x00,0x00,0x00,0x00,0x00,0x00,0x00,
    0x00,0x00,0x00,0x00,0x00,0x00,0x00,0x00,0x00,0x00,0x00,0x00,0x00,0x00,0x00,
    0x00,0x00,0x00,0x00,0x00,0x00,0x00,0x00,0x00,0x00,0x00,0x00,0x00,0x00,0x00,
    0x00,0x00,0x00,0x00,0x00,0x00,0x00,0x00,0x00,0x00,0x00,0x00,0x00,0x00,0x00,
    0x00,0x00,0x00,0x00,0x00,0x00,0x00,0x00,0x00,0x00,0x00,0x00,0x00,0x00,0x00,
    0x00,0x00,0x00,0x00,0x00,0x00,0x00,0x00,0x00,0x00,0x00,0x00,0x00,0x00,0x00,
    0x00,0x00,0x00,0x00,0x00,0x00,0x00,0x00,0x00,0x00,0x00,0x00,0x00,0x00,0x00,
    0x00,0x00,0x00,0x00,0x00,0x00,0x00,0x00,0x00,0x00,0x00,0x00,0x00,0x00,0x00,
    0x00,0x00,0x00,0x00,0x00,0x00,0x00,0x00,0x00,0x00,0x00,0x00,0x00,0x00,0x00,
    0x00,0x00,0x00,0x00,0x00,0x00,0x00,0x00,0x00,0x00,0x00,0x00,0x00,0x00,0x00,
    0x00,0x00,0x00,0x00,0x00,0x00,0x00,0x00,0x00,0x00,0x00,0x00,0x00,0x00,0x00,
    0x00,0x00,0x00,0x00,0x00,0x00,0x00,0x00,0x00,0x00,0x00,0x00,0x00,0x00,0x00,
    0x00,0x00,0x00,0x00,0x00,0x00,0x00,0x00,0x00,0x00,0x00,0x00,0x00,0x00,0x00,
    0x00,0x00,0x00,0x00,0x00,0x00,0x00,0x00,0x00,0x00,0x00,0x00,0x00,0x00,0x00,
    0x00,0x00,0x00,0x00,0x00,0x00,0x00,0x00,0x00,0x00,0x00,0x00,0x00,0x00,0x00,
    0x00,0x00,0x00,0x00,0x00,0x00,0x00,0x00,0x00,0xEE,0xEE,0xEE,0x11,0xF7,0xF7,
    0xF7,0x7F,0xFC,0xFC,0xFC,0xF5,0xF8,0xFB,0xFB,0xFF,0xB7,0xDF,0xE4,0xFF,0x4B,
    0xC7,0xD1,0xFF,0x35,0xC5,0xD0,0xFF,0x35,0xC5,0xD0,0xFF,0x3A,0xC5,0xD0,0xFF,
    0x9E,0xCF,0xD4,0xFF,0x63,0x66,0x66,0xFF,0x2B,0x2B,0x2B,0xFF,0x2B,0x2B,0x2B,
    0xFF,0x2A,0x2A,0x2A,0xFF,0x2A,0x2A,0x2A,0xFF,0x2B,0x2B,0x2B,0xFF,0x2B,0x2B,
    0x2B,0xFF,0x5F,0x61,0x61,0xFF,0xA3,0xD0,0xD5,0xFF,0x3C,0xC5,0xD0,0xFF,0x35,
    0xC5,0xD0,0xFF,0x35,0xC5,0xD0,0xFF,0x43,0xC6,0xD1,0xFF,0xA9,0xDA,0xE0,0xFF,
    0xF4,0xF9,0xFA,0xFF,0xFD,0xFD,0xFD,0xF2,0xFD,0xFD,0xFD,0x71,0xFA,0xFA,0xFA,
    0x0C,0x00,0x00,0x00,0x00,0x00,0x00,0x00,0x00,0x00,0x00,0x00,0x00,0x00,0x00,
    0x00,0x00,0x00,0x00,0x00,0x00,0x00,0x00,0x00,0x00,0x00,0x00,0x00,0x00,0x00,
    0x00,0x00,0x00,0x00,0x00,0x00,0x00,0x00,0x00,0x00,0x00,0x00,0x00,0x00,0x00,
    0x00,0x00,0x00,0x00,0x00,0x00,0x00,0x00,0x00,0x00,0x00,0x00,0x00,0x00,0x00,
    0x00,0x00,0x00,0x00,0x00,0x00,0x00,0x00,0x00,0x00,0x00,0x00,0x00,0x00,0x00,
    0x00,0x00,0x00,0x00,0x00,0x00,0x00,0x00,0x00,0x00,0x00,0x00,0x00,0x00,0x00,
    0x00,0x00,0x00,0x00,0x00,0x00,0x00,0x00,0x00,0x00,0x00,0x00,0x00,0x00,0x00,
    0x00,0x00,0x00,0x00,0x00,0x00,0x00,0x00,0x00,0x00,0x00,0x00,0x00,0x00,0x00,
    0x00,0x00,0x00,0x00,0x00,0x00,0x00,0x00,0x00,0x00,0x00,0x00,0x00,0x00,0x00,
    0x00,0x00,0x00,0x00,0x00,0x00,0x00,0x00,0x00,0x00,0x00,0x00,0x00,0x00,0x00,
    0x00,0x00,0x00,0x00,0x00,0x00,0x00,0x00,0x00,0x00,0x00,0x00,0x00,0x00,0x00,
    0x00,0x00,0x00,0x00,0x00,0x00,0x00,0x00,0x00,0x00,0x00,0x00,0x00,0x00,0x00,
    0x00,0x00,0x00,0x00,0x00,0x00,0x00,0x00,0x00,0x00,0x00,0x00,0x00,0x00,0x00,
    0x00,0x00,0x00,0x00,0x00,0x00,0x00,0x00,0x00,0x00,0x00,0x00,0x00,0x00,0x00,
    0x00,0x00,0x00,0x00,0x00,0x00,0x00,0x00,0x00,0x00,0x00,0x00,0x00,0x00,0x00,
    0x00,0x00,0x00,0x00,0x00,0x00,0x00,0x00,0x00,0x00,0x00,0x00,0x00,0x00,0x00,
    0x00,0x00,0x00,0x00,0x00,0x00,0x00,0x00,0x00,0x00,0x00,0x00,0x00,0x00,0x00,
    0x00,0x00,0x00,0x00,0x00,0x00,0x00,0x00,0x00,0x00,0x00,0x00,0x00,0x00,0x00,
    0x00,0x00,0x00,0x00,0x00,0x00,0x00,0x00,0x00,0x00,0x00,0x00,0x00,0x00,0x00,
    0x00,0x00,0x00,0x00,0x00,0x00,0x00,0x00,0x00,0x00,0x00,0x00,0x00,0x00,0x00,
    0x00,0x00,0x00,0x00,0x00,0x00,0x00,0x00,0x00,0x00,0x00,0x00,0x00,0x00,0x00,
    0x00,0x00,0x00,0x00,0x00,0x00,0x00,0x00,0x00,0x00,0x00,0x00,0x00,0x00,0x00,
    0x00,0x00,0x00,0x00,0x00,0x00,0x00,0x00,0x00,0x00,0x00,0x00,0x00,0x00,0x00,
    0x00,0x00,0x00,0x00,0x00,0x00,0x00,0x00,0x00,0x00,0x00,0x00,0x00,0x00,0x00,
    0x00,0x00,0x00,0x00,0x00,0x00,0x00,0x00,0x00,0x00,0x00,0x00,0x00,0x00,0x00,
    0x00,0x00,0x00,0x00,0x00,0x00,0x00,0x00,0x00,0x00,0x00,0x00,0x00,0x00,0x00,
    0x00,0x00,0x00,0x00,0x00,0x00,0x00,0x00,0x00,0x00,0x00,0x00,0x00,0x00,0x00,
    0xA4,0xA4,0xA4,0x01,0x83,0x83,0x83,0x9C,0xC9,0xC9,0xC9,0xFF,0xF7,0xF8,0xF8,
    0xFF,0xDB,0xED,0xEF,0xFF,0x70,0xCC,0xD5,0xFF,0x37,0xC5,0xD0,0xFF,0x35,0xC5,
    0xD0,0xFF,0x44,0xC6,0xD0,0xFF,0x8F,0xB0,0xB4,0xFF,0x33,0x34,0x34,0xFF,0x2A,
    0x2A,0x2A,0xFF,0x2A,0x2A,0x2A,0xFF,0x2A,0x2A,0x2A,0xFF,0x2A,0x2A,0x2A,0xFF,
    0x33,0x33,0x33,0xFF,0x91,0xAE,0xB2,0xFF,0x49,0xC6,0xD1,0xFF,0x35,0xC5,0xD0,
    0xFF,0x36,0xC5,0xD0,0xFF,0x62,0xCA,0xD3,0xFF,0xCF,0xE8,0xEB,0xFF,0xF9,0xFA,
    0xFA,0xFF,0xD7,0xD7,0xD7,0xFF,0x90,0x90,0x90,0x96,0xA3,0xA3,0xA3,0x01,0x00,
    0x00,0x00,0x00,0x00,0x00,0x00,0x00,0x00,0x00,0x00,0x00,0x00,0x00,0x00,0x00,
    0x00,0x00,0x00,0x00,0x00,0x00,0x00,0x00,0x00,0x00,0x00,0x00,0x00,0x00,0x00,
    0x00,0x00,0x00,0x00,0x00,0x00,0x00,0x00,0x00,0x00,0x00,0x00,0x00,0x00,0x00,
    0x00,0x00,0x00,0x00,0x00,0x00,0x00,0x00,0x00,0x00,0x00,0x00,0x00,0x00,0x00,
    0x00,0x00,0x00,0x00,0x00,0x00,0x00,0x00,0x00,0x00,0x00,0x00,0x00,0x00,0x00,
    0x00,0x00,0x00,0x00,0x00,0x00,0x00,0x00,0x00,0x00,0x00,0x00,0x00,0x00,0x00,
    0x00,0x00,0x00,0x00,0x00,0x00,0x00,0x00,0x00,0x00,0x00,0x00,0x00,0x00,0x00,
    0x00,0x00,0x00,0x00,0x00,0x00,0x00,0x00,0x00,0x00,0x00,0x00,0x00,0x00,0x00,
    0x00,0x00,0x00,0x00,0x00,0x00,0x00,0x00,0x00,0x00,0x00,0x00,0x00,0x00,0x00,
    0x00,0x00,0x00,0x00,0x00,0x00,0x00,0x00,0x00,0x00,0x00,0x00,0x00,0x00,0x00,
    0x00,0x00,0x00,0x00,0x00,0x00,0x00,0x00,0x00,0x00,0x00,0x00,0x00,0x00,0x00,
    0x00,0x00,0x00,0x00,0x00,0x00,0x00,0x00,0x00,0x00,0x00,0x00,0x00,0x00,0x00,
    0x00,0x00,0x00,0x00,0x00,0x00,0x00,0x00,0x00,0x00,0x00,0x00,0x00,0x00,0x00,
    0x00,0x00,0x00,0x00,0x00,0x00,0x00,0x00,0x00,0x00,0x00,0x00,0x00,0x00,0x00,
    0x00,0x00,0x00,0x00,0x00,0x00,0x00,0x00,0x00,0x00,0x00,0x00,0x00,0x00,0x00,
    0x00,0x00,0x00,0x00,0x00,0x00,0x00,0x00,0x00,0x00,0x00,0x00,0x00,0x00,0x00,
    0x00,0x00,0x00,0x00,0x00,0x00,0x00,0x00,0x00,0x00,0x00,0x00,0x00,0x00,0x00,
    0x00,0x00,0x00,0x00,0x00,0x00,0x00,0x00,0x00,0x00,0x00,0x00,0x00,0x00,0x00,
    0x00,0x00,0x00,0x00,0x00,0x00,0x00,0x00,0x00,0x00,0x00,0x00,0x00,0x00,0x00,
    0x00,0x00,0x00,0x00,0x00,0x00,0x00,0x00,0x00,0x00,0x00,0x00,0x00,0x00,0x00,
    0x00,0x00,0x00,0x00,0x00,0x00,0x00,0x00,0x00,0x00,0x00,0x00,0x00,0x00,0x00,
    0x00,0x00,0x00,0x00,0x00,0x00,0x00,0x00,0x00,0x00,0x00,0x00,0x00,0x00,0x00,
    0x00,0x00,0x00,0x00,0x00,0x00,0x00,0x00,0x00,0x00,0x00,0x00,0x00,0x00,0x00,
    0x00,0x00,0x00,0x00,0x00,0x00,0x00,0x00,0x00,0x00,0x00,0x00,0x00,0x00,0x00,
    0x00,0x00,0x00,0x00,0x00,0x00,0x00,0x00,0x00,0x00,0x00,0x00,0x00,0x00,0x00,
    0x00,0x00,0x00,0x00,0x00,0x00,0x00,0x00,0x00,0x00,0x00,0x00,0x00,0x00,0x00,
    0x00,0x00,0x00,0x00,0x00,0x00,0x00,0x00,0x00,0x00,0x00,0x00,0x00,0x00,0x00,
    0x00,0x00,0x04,0x04,0x04,0x27,0x07,0x07,0x07,0xF6,0x50,0x50,0x50,0xFF,0x8B,
    0x8B,0x8B,0xFF,0xD2,0xD9,0xD9,0xFF,0xEB,0xF5,0xF6,0xFF,0x9A,0xD6,0xDC,0xFF,
    0x3D,0xC6,0xD0,0xFF,0x35,0xC5,0xD0,0xFF,0x52,0xAF,0xB7,0xFF,0x2F,0x36,0x37,
    0xFF,0x2A,0x2A,0x2A,0xFF,0x2A,0x2A,0x2A,0xFF,0x2A,0x2A,0x2A,0xFF,0x2A,0x2A,
    0x2A,0xFF,0x2E,0x33,0x34,0xFF,0x50,0xA7,0xAF,0xFF,0x35,0xC5,0xD0,0xFF,0x3A,
    0xC5,0xD0,0xFF,0x8C,0xD2,0xD9,0xFF,0xE8,0xF4,0xF5,0xFF,0xDE,0xE2,0xE2,0xFF,
    0x9B,0x9B,0x9B,0xFF,0x54,0x54,0x54,0xFF,0x08,0x08,0x08,0xF6,0x04,0x04,0x04,
    0x27,0x00,0x00,0x00,0x00,0x00,0x00,0x00,0x00,0x00,0x00,0x00,0x00,0x00,0x00,
    0x00,0x00,0x00,0x00,0x00,0x00,0x00,0x00,0x00,0x00,0x00,0x00,0x00,0x00,0x00,
    0x00,0x00,0x00,0x00,0x00,0x00,0x00,0x00,0x00,0x00,0x00,0x00,0x00,0x00,0x00,
    0x00,0x00,0x00,0x00,0x00,0x00,0x00,0x00,0x00,0x00,0x00,0x00,0x00,0x00,0x00,
    0x00,0x00,0x00,0x00,0x00,0x00,0x00,0x00,0x00,0x00,0x00,0x00,0x00,0x00,0x00,
    0x00,0x00,0x00,0x00,0x00,0x00,0x00,0x00,0x00,0x00,0x00,0x00,0x00,0x00,0x00,
    0x00,0x00,0x00,0x00,0x00,0x00,0x00,0x00,0x00,0x00,0x00,0x00,0x00,0x00,0x00,
    0x00,0x00,0x00,0x00,0x00,0x00,0x00,0x00,0x00,0x00,0x00,0x00,0x00,0x00,0x00,
    0x00,0x00,0x00,0x00,0x00,0x00,0x00,0x00,0x00,0x00,0x00,0x00,0x00,0x00,0x00,
    0x00,0x00,0x00,0x00,0x00,0x00,0x00,0x00,0x00,0x00,0x00,0x00,0x00,0x00,0x00,
    0x00,0x00,0x00,0x00,0x00,0x00,0x00,0x00,0x00,0x00,0x00,0x00,0x00,0x00,0x00,
    0x00,0x00,0x00,0x00,0x00,0x00,0x00,0x00,0x00,0x00,0x00,0x00,0x00,0x00,0x00,
    0x00,0x00,0x00,0x00,0x00,0x00,0x00,0x00,0x00,0x00,0x00,0x00,0x00,0x00,0x00,
    0x00,0x00,0x00,0x00,0x00,0x00,0x00,0x00,0x00,0x00,0x00,0x00,0x00,0x00,0x00,
    0x00,0x00,0x00,0x00,0x00,0x00,0x00,0x00,0x00,0x00,0x00,0x00,0x00,0x00,0x00,
    0x00,0x00,0x00,0x00,0x00,0x00,0x00,0x00,0x00,0x00,0x00,0x00,0x00,0x00,0x00,
    0x00,0x00,0x00,0x00,0x00,0x00,0x00,0x00,0x00,0x00,0x00,0x00,0x00,0x00,0x00,
    0x00,0x00,0x00,0x00,0x00,0x00,0x00,0x00,0x00,0x00,0x00,0x00,0x00,0x00,0x00,
    0x00,0x00,0x00,0x00,0x00,0x00,0x00,0x00,0x00,0x00,0x00,0x00,0x00,0x00,0x00,
    0x00,0x00,0x00,0x00,0x00,0x00,0x00,0x00,0x00,0x00,0x00,0x00,0x00,0x00,0x00,
    0x00,0x00,0x00,0x00,0x00,0x00,0x00,0x00,0x00,0x00,0x00,0x00,0x00,0x00,0x00,
    0x00,0x00,0x00,0x00,0x00,0x00,0x00,0x00,0x00,0x00,0x00,0x00,0x00,0x00,0x00,
    0x00,0x00,0x00,0x00,0x00,0x00,0x00,0x00,0x00,0x00,0x00,0x00,0x00,0x00,0x00,
    0x00,0x00,0x00,0x00,0x00,0x00,0x00,0x00,0x00,0x00,0x00,0x00,0x00,0x00,0x00,
    0x00,0x00,0x00,0x00,0x00,0x00,0x00,0x00,0x00,0x00,0x00,0x00,0x00,0x00,0x00,
    0x00,0x00,0x00,0x00,0x00,0x00,0x00,0x00,0x00,0x00,0x00,0x00,0x00,0x00,0x00,
    0x00,0x00,0x00,0x00,0x00,0x00,0x00,0x00,0x00,0x00,0x00,0x00,0x00,0x00,0x00,
    0x07,0x07,0x07,0x05,0x02,0x02,0x02,0xCB,0x35,0x35,0x35,0xFF,0x5E,0x5E,0x5E,
    0xFF,0x5F,0x65,0x65,0xFF,0x52,0xD4,0xD4,0xFF,0x82,0xFB,0xFB,0xFF,0xCF,0xF9,
    0xF9,0xFF,0xB5,0xDF,0xE4,0xFF,0x47,0xC0,0xCA,0xFF,0x2E,0x62,0x67,0xFF,0x2A,
    0x2A,0x2A,0xFF,0x2A,0x2A,0x2A,0xFF,0x2A,0x2A,0x2A,0xFF,0x2A,0x2A,0x2A,0xFF,
    0x2A,0x2A,0x2A,0xFF,0x2A,0x2A,0x2A,0xFF,0x2D,0x58,0x5C,0xFF,0x41,0xBD,0xC7,
    0xFF,0xA9,0xDB,0xE0,0xFF,0xD8,0xF7,0xF8,0xFF,0x96,0xFB,0xFB,0xFF,0x56,0xD5,
    0xD5,0xFF,0x5F,0x65,0x65,0xFF,0x5E,0x5E,0x5E,0xFF,0x35,0x35,0x35,0xFF,0x02,
    0x02,0x02,0xCB,0x07,0x07,0x07,0x05,0x00,0x00,0x00,0x00,0x00,0x00,0x00,0x00,
    0x00,0x00,0x00,0x00,0x00,0x00,0x00,0x00,0x00,0x00,0x00,0x00,0x00,0x00,0x00,
    0x00,0x00,0x00,0x00,0x00,0x00,0x00,0x00,0x00,0x00,0x00,0x00,0x00,0x00,0x00,
    0x00,0x00,0x00,0x00,0x00,0x00,0x00,0x00,0x00,0x00,0x00,0x00,0x00,0x00,0x00,
    0x00,0x00,0x00,0x00,0x00,0x00,0x00,0x00,0x00,0x00,0x00,0x00,0x00,0x00,0x00,
    0x00,0x00,0x00,0x00,0x00,0x00,0x00,0x00,0x00,0x00,0x00,0x00,0x00,0x00,0x00,
    0x00,0x00,0x00,0x00,0x00,0x00,0x00,0x00,0x00,0x00,0x00,0x00,0x00,0x00,0x00,
    0x00,0x00,0x00,0x00,0x00,0x00,0x00,0x00,0x00,0x00,0x00,0x00,0x00,0x00,0x00,
    0x00,0x00,0x00,0x00,0x00,0x00,0x00,0x00,0x00,0x00,0x00,0x00,0x00,0x00,0x00,
    0x00,0x00,0x00,0x00,0x00,0x00,0x00,0x00,0x00,0x00,0x00,0x00,0x00,0x00,0x00,
    0x00,0x00,0x00,0x00,0x00,0x00,0x00,0x00,0x00,0x00,0x00,0x00,0x00,0x00,0x00,
    0x00,0x00,0x00,0x00,0x00,0x00,0x00,0x00,0x00,0x00,0x00,0x00,0x00,0x00,0x00,
    0x00,0x00,0x00,0x00,0x00,0x00,0x00,0x00,0x00,0x00,0x00,0x00,0x00,0x00,0x00,
    0x00,0x00,0x00,0x00,0x00,0x00,0x00,0x00,0x00,0x00,0x00,0x00,0x00,0x00,0x00,
    0x00,0x00,0x00,0x00,0x00,0x00,0x00,0x00,0x00,0x00,0x00,0x00,0x00,0x00,0x00,
    0x00,0x00,0x00,0x00,0x00,0x00,0x00,0x00,0x00,0x00,0x00,0x00,0x00,0x00,0x00,
    0x00,0x00,0x00,0x00,0x00,0x00,0x00,0x00,0x00,0x00,0x00,0x00,0x00,0x00,0x00,
    0x00,0x00,0x00,0x00,0x00,0x00,0x00,0x00,0x00,0x00,0x00,0x00,0x00,0x00,0x00,
    0x00,0x00,0x00,0x00,0x00,0x00,0x00,0x00,0x00,0x00,0x00,0x00,0x00,0x00,0x00,
    0x00,0x00,0x00,0x00,0x00,0x00,0x00,0x00,0x00,0x00,0x00,0x00,0x00,0x00,0x00,
    0x00,0x00,0x00,0x00,0x00,0x00,0x00,0x00,0x00,0x00,0x00,0x00,0x00,0x00,0x00,
    0x00,0x00,0x00,0x00,0x00,0x00,0x00,0x00,0x00,0x00,0x00,0x00,0x00,0x00,0x00,
    0x00,0x00,0x00,0x00,0x00,0x00,0x00,0x00,0x00,0x00,0x00,0x00,0x00,0x00,0x00,
    0x00,0x00,0x00,0x00,0x00,0x00,0x00,0x00,0x00,0x00,0x00,0x00,0x00,0x00,0x00,
    0x00,0x00,0x00,0x00,0x00,0x00,0x00,0x00,0x00,0x00,0x00,0x00,0x00,0x00,0x00,
    0x00,0x00,0x00,0x00,0x00,0x00,0x00,0x00,0x00,0x00,0x00,0x00,0x00,0x00,0x00,
    0x00,0x00,0x00,0x00,0x00,0x00,0x00,0x00,0x00,0x00,0x00,0x00,0x00,0x00,0x00,
    0x00,0x00,0x02,0x02,0x02,0x6E,0x1A,0x1A,0x1A,0xFE,0x57,0x57,0x57,0xFF,0x5F,
    0x60,0x60,0xFF,0x56,0xA6,0xA6,0xFF,0x3D,0xFC,0xFC,0xFF,0x3C,0xFF,0xFF,0xFF,
    0x47,0xFF,0xFF,0xFF,0x89,0xF7,0xF7,0xFF,0x80,0x9B,0x9D,0xFF,0x2A,0x2D,0x2D,
    0xFF,0x2A,0x2A,0x2A,0xFF,0x2A,0x2A,0x2A,0xFF,0x2A,0x2A,0x2A,0xFF,0x2A,0x2A,
    0x2A,0xFF,0x2A,0x2A,0x2A,0xFF,0x2A,0x2A,0x2A,0xFF,0x2A,0x2C,0x2C,0xFF,0x79,
    0x93,0x95,0xFF,0x9B,0xF7,0xF7,0xFF,0x4D,0xFE,0xFE,0xFF,0x3C,0xFF,0xFF,0xFF,
    0x3D,0xFC,0xFC,0xFF,0x56,0xA6,0xA6,0xFF,0x5F,0x60,0x60,0xFF,0x57,0x57,0x57,
    0xFF,0x1A,0x1A,0x1A,0xFE,0x02,0x02,0x02,0x6E,0x00,0x00,0x00,0x00,0x00,0x00,
    0x00,0x00,0x00,0x00,0x00,0x00,0x00,0x00,0x00,0x00,0x00,0x00,0x00,0x00,0x00,
    0x00,0x00,0x00,0x00,0x00,0x00,0x00,0x00,0x00,0x00,0x00,0x00,0x00,0x00,0x00,
    0x00,0x00,0x00,0x00,0x00,0x00,0x00,0x00,0x00,0x00,0x00,0x00,0x00,0x00,0x00,
    0x00,0x00,0x00,0x00,0x00,0x00,0x00,0x00,0x00,0x00,0x00,0x00,0x00,0x00,0x00,
    0x00,0x00,0x00,0x00,0x00,0x00,0x00,0x00,0x00,0x00,0x00,0x00,0x00,0x00,0x00,
    0x00,0x00,0x00,0x00,0x00,0x00,0x00,0x00,0x00,0x00,0x00,0x00,0x00,0x00,0x00,
    0x00,0x00,0x00,0x00,0x00,0x00,0x00,0x00,0x00,0x00,0x00,0x00,0x00,0x00,0x00,
    0x00,0x00,0x00,0x00,0x00,0x00,0x00,0x00,0x00,0x00,0x00,0x00,0x00,0x00,0x00,
    0x00,0x00,0x00,0x00,0x00,0x00,0x00,0x00,0x00,0x00,0x00,0x00,0x00,0x00,0x00,
    0x00,0x00,0x00,0x00,0x00,0x00,0x00,0x00,0x00,0x00,0x00,0x00,0x00,0x00,0x00,
    0x00,0x00,0x00,0x00,0x00,0x00,0x00,0x00,0x00,0x00,0x00,0x00,0x00,0x00,0x00,
    0x00,0x00,0x00,0x00,0x00,0x00,0x00,0x00,0x00,0x00,0x00,0x00,0x00,0x00,0x00,
    0x00,0x00,0x00,0x00,0x00,0x00,0x00,0x00,0x00,0x00,0x00,0x00,0x00,0x00,0x00,
    0x00,0x00,0x00,0x00,0x00,0x00,0x00,0x00,0x00,0x00,0x00,0x00,0x00,0x00,0x00,
    0x00,0x00,0x00,0x00,0x00,0x00,0x00,0x00,0x00,0x00,0x00,0x00,0x00,0x00,0x00,
    0x00,0x00,0x00,0x00,0x00,0x00,0x00,0x00,0x00,0x00,0x00,0x00,0x00,0x00,0x00,
    0x00,0x00,0x00,0x00,0x00,0x00,0x00,0x00,0x00,0x00,0x00,0x00,0x00,0x00,0x00,
    0x00,0x00,0x00,0x00,0x00,0x00,0x00,0x00,0x00,0x00,0x00,0x00,0x00,0x00,0x00,
    0x00,0x00,0x00,0x00,0x00,0x00,0x00,0x00,0x00,0x00,0x00,0x00,0x00,0x00,0x00,
    0x00,0x00,0x00,0x00,0x00,0x00,0x00,0x00,0x00,0x00,0x00,0x00,0x00,0x00,0x00,
    0x00,0x00,0x00,0x00,0x00,0x00,0x00,0x00,0x00,0x00,0x00,0x00,0x00,0x00,0x00,
    0x00,0x00,0x00,0x00,0x00,0x00,0x00,0x00,0x00,0x00,0x00,0x00,0x00,0x00,0x00,
    0x00,0x00,0x00,0x00,0x00,0x00,0x00,0x00,0x00,0x00,0x00,0x00,0x00,0x00,0x00,
    0x00,0x00,0x00,0x00,0x00,0x00,0x00,0x00,0x00,0x00,0x00,0x00,0x00,0x00,0x00,
    0x00,0x00,0x00,0x00,0x00,0x00,0x00,0x00,0x00,0x00,0x00,0x00,0x00,0x00,0x00,
    0x00,0x00,0x00,0x00,0x00,0x00,0x00,0x00,0x00,0x00,0x00,0x00,0x00,0x00,0x00,
    0x04,0x04,0x04,0x1F,0x06,0x06,0x06,0xF4,0x48,0x48,0x48,0xFF,0x5F,0x5F,0x5F,
    0xFF,0x5D,0x79,0x79,0xFF,0x43,0xEE,0xEE,0xFF,0x3C,0xFF,0xFF,0xFF,0x3C,0xFF,
    0xFF,0xFF,0x3C,0xFE,0xFE,0xFF,0x37,0xC4,0xC4,0xFF,0x2D,0x38,0x38,0xFF,0x2A,
    0x2A,0x2A,0xFF,0x2A,0x2A,0x2A,0xFF,0x2A,0x2A,0x2A,0xFF,0x2A,0x2A,0x2A,0xFF,
    0x2A,0x2A,0x2A,0xFF,0x2A,0x2A,0x2A,0xFF,0x2A,0x2A,0x2A,0xFF,0x2A,0x2A,0x2A,
    0xFF,0x2F,0x38,0x38,0xFF,0x37,0xC4,0xC4,0xFF,0x3C,0xFE,0xFE,0xFF,0x3C,0xFF,
    0xFF,0xFF,0x3C,0xFF,0xFF,0xFF,0x43,0xEE,0xEE,0xFF,0x5D,0x79,0x79,0xFF,0x5F,
    0x5F,0x5F,0xFF,0x48,0x48,0x48,0xFF,0x06,0x06,0x06,0xF4,0x04,0x04,0x04,0x1F,
    0x00,0x00,0x00,0x00,0x00,0x00,0x00,0x00,0x00,0x00,0x00,0x00,0x00,0x00,0x00,
    0x00,0x00,0x00,0x00,0x00,0x00,0x00,0x00,0x00,0x00,0x00,0x00,0x00,0x00,0x00,
    0x00,0x00,0x00,0x00,0x00,0x00,0x00,0x00,0x00,0x00,0x00,0x00,0x00,0x00,0x00,
    0x00,0x00,0x00,0x00,0x00,0x00,0x00,0x00,0x00,0x00,0x00,0x00,0x00,0x00,0x00,
    0x00,0x00,0x00,0x00,0x00,0x00,0x00,0x00,0x00,0x00,0x00,0x00,0x00,0x00,0x00,
    0x00,0x00,0x00,0x00,0x00,0x00,0x00,0x00,0x00,0x00,0x00,0x00,0x00,0x00,0x00,
    0x00,0x00,0x00,0x00,0x00,0x00,0x00,0x00,0x00,0x00,0x00,0x00,0x00,0x00,0x00,
    0x00,0x00,0x00,0x00,0x00,0x00,0x00,0x00,0x00,0x00,0x00,0x00,0x00,0x00,0x00,
    0x00,0x00,0x00,0x00,0x00,0x00,0x00,0x00,0x00,0x00,0x00,0x00,0x00,0x00,0x00,
    0x00,0x00,0x00,0x00,0x00,0x00,0x00,0x00,0x00,0x00,0x00,0x00,0x00,0x00,0x00,
    0x00,0x00,0x00,0x00,0x00,0x00,0x00,0x00,0x00,0x00,0x00,0x00,0x00,0x00,0x00,
    0x00,0x00,0x00,0x00,0x00,0x00,0x00,0x00,0x00,0x00,0x00,0x00,0x00,0x00,0x00,
    0x00,0x00,0x00,0x00,0x00,0x00,0x00,0x00,0x00,0x00,0x00,0x00,0x00,0x00,0x00,
    0x00,0x00,0x00,0x00,0x00,0x00,0x00,0x00,0x00,0x00,0x00,0x00,0x00,0x00,0x00,
    0x00,0x00,0x00,0x00,0x00,0x00,0x00,0x00,0x00,0x00,0x00,0x00,0x00,0x00,0x00,
    0x00,0x00,0x00,0x00,0x00,0x00,0x00,0x00,0x00,0x00,0x00,0x00,0x00,0x00,0x00,
    0x00,0x00,0x00,0x00,0x00,0x00,0x00,0x00,0x00,0x00,0x00,0x00,0x00,0x00,0x00,
    0x00,0x00,0x00,0x00,0x00,0x00,0x00,0x00,0x00,0x00,0x00,0x00,0x00,0x00,0x00,
    0x00,0x00,0x00,0x00,0x00,0x00,0x00,0x00,0x00,0x00,0x00,0x00,0x00,0x00,0x00,
    0x00,0x00,0x00,0x00,0x00,0x00,0x00,0x00,0x00,0x00,0x00,0x00,0x00,0x00,0x00,
    0x00,0x00,0x00,0x00,0x00,0x00,0x00,0x00,0x00,0x00,0x00,0x00,0x00,0x00,0x00,
    0x00,0x00,0x00,0x00,0x00,0x00,0x00,0x00,0x00,0x00,0x00,0x00,0x00,0x00,0x00,
    0x00,0x00,0x00,0x00,0x00,0x00,0x00,0x00,0x00,0x00,0x00,0x00,0x00,0x00,0x00,
    0x00,0x00,0x00,0x00,0x00,0x00,0x00,0x00,0x00,0x00,0x00,0x00,0x00,0x00,0x00,
    0x00,0x00,0x00,0x00,0x00,0x00,0x00,0x00,0x00,0x00,0x00,0x00,0x00,0x00,0x00,
    0x00,0x00,0x00,0x00,0x00,0x00,0x00,0x00,0x00,0x00,0x00,0x00,0x00,0x07,0x07,
    0x07,0x03,0x02,0x02,0x02,0xC1,0x31,0x31,0x31,0xFF,0x5D,0x5D,0x5D,0xFF,0x5F,
    0x64,0x64,0xFF,0x4D,0xCE,0xCE,0xFF,0x3C,0xFE,0xFE,0xFF,0x3C,0xFF,0xFF,0xFF,
    0x3C,0xFF,0xFF,0xFF,0x39,0xE0,0xE0,0xFF,0x2D,0x50,0x50,0xFF,0x2A,0x2A,0x2A,
    0xFF,0x2A,0x2A,0x2A,0xFF,0x2A,0x2A,0x2A,0xFF,0x2A,0x2A,0x2A,0xFF,0x36,0x37,
    0x37,0xFF,0x35,0x35,0x36,0xFF,0x2A,0x2A,0x2A,0xFF,0x2A,0x2A,0x2A,0xFF,0x2A,
    0x2A,0x2A,0xFF,0x2A,0x2A,0x2A,0xFF,0x2D,0x50,0x50,0xFF,0x39,0xE0,0xE0,0xFF,
    0x3C,0xFF,0xFF,0xFF,0x3C,0xFF,0xFF,0xFF,0x3C,0xFE,0xFE,0xFF,0x4D,0xCE,0xCE,
    0xFF,0x5F,0x64,0x64,0xFF,0x5D,0x5D,0x5D,0xFF,0x31,0x31,0x31,0xFF,0x02,0x02,
    0x02,0xC1,0x08,0x08,0x08,0x03,0x00,0x00,0x00,0x00,0x00,0x00,0x00,0x00,0x00,
    0x00,0x00,0x00,0x00,0x00,0x00,0x00,0x00,0x00,0x00,0x00,0x00,0x00,0x00,0x00,
    0x00,0x00,0x00,0x00,0x00,0x00,0x00,0x00,0x00,0x00,0x00,0x00,0x00,0x00,0x00,
    0x00,0x00,0x00,0x00,0x00,0x00,0x00,0x00,0x00,0x00,0x00,0x00,0x00,0x00,0x00,
    0x00,0x00,0x00,0x00,0x00,0x00,0x00,0x00,0x00,0x00,0x00,0x00,0x00,0x00,0x00,
    0x00,0x00,0x00,0x00,0x00,0x00,0x00,0x00,0x00,0x00,0x00,0x00,0x00,0x00,0x00,
    0x00,0x00,0x00,0x00,0x00,0x00,0x00,0x00,0x00,0x00,0x00,0x00,0x00,0x00,0x00,
    0x00,0x00,0x00,0x00,0x00,0x00,0x00,0x00,0x00,0x00,0x00,0x00,0x00,0x00,0x00,
    0x00,0x00,0x00,0x00,0x00,0x00,0x00,0x00,0x00,0x00,0x00,0x00,0x00,0x00,0x00,
    0x00,0x00,0x00,0x00,0x00,0x00,0x00,0x00,0x00,0x00,0x00,0x00,0x00,0x00,0x00,
    0x00,0x00,0x00,0x00,0x00,0x00,0x00,0x00,0x00,0x00,0x00,0x00,0x00,0x00,0x00,
    0x00,0x00,0x00,0x00,0x00,0x00,0x00,0x00,0x00,0x00,0x00,0x00,0x00,0x00,0x00,
    0x00,0x00,0x00,0x00,0x00,0x00,0x00,0x00,0x00,0x00,0x00,0x00,0x00,0x00,0x00,
    0x00,0x00,0x00,0x00,0x00,0x00,0x00,0x00,0x00,0x00,0x00,0x00,0x00,0x00,0x00,
    0x00,0x00,0x00,0x00,0x00,0x00,0x00,0x00,0x00,0x00,0x00,0x00,0x00,0x00,0x00,
    0x00,0x00,0x00,0x00,0x00,0x00,0x00,0x00,0x00,0x00,0x00,0x00,0x00,0x00,0x00,
    0x00,0x00,0x00,0x00,0x00,0x00,0x00,0x00,0x00,0x00,0x00,0x00,0x00,0x00,0x00,
    0x00,0x00,0x00,0x00,0x00,0x00,0x00,0x00,0x00,0x00,0x00,0x00,0x00,0x00,0x00,
    0x00,0x00,0x00,0x00,0x00,0x00,0x00,0x00,0x00,0x00,0x00,0x00,0x00,0x00,0x00,
    0x00,0x00,0x00,0x00,0x00,0x00,0x00,0x00,0x00,0x00,0x00,0x00,0x00,0x00,0x00,
    0x00,0x00,0x00,0x00,0x00,0x00,0x00,0x00,0x00,0x00,0x00,0x00,0x00,0x00,0x00,
    0x00,0x00,0x00,0x00,0x00,0x00,0x00,0x00,0x00,0x00,0x00,0x00,0x00,0x00,0x00,
    0x00,0x00,0x00,0x00,0x00,0x00,0x00,0x00,0x00,0x00,0x00,0x00,0x00,0x00,0x00,
    0x00,0x00,0x00,0x00,0x00,0x00,0x00,0x00,0x00,0x00,0x00,0x00,0x00,0x00,0x00,
    0x00,0x00,0x00,0x00,0x00,0x00,0x00,0x00,0x00,0x00,0x00,0x00,0x00,0x00,0x00,
    0x00,0x00,0x00,0x00,0x00,0x00,0x00,0x00,0x00,0x00,0x00,0x00,0x00,0x00,0x00,
    0x03,0x03,0x03,0x61,0x16,0x16,0x16,0xFD,0x56,0x56,0x56,0xFF,0x5F,0x5F,0x5F,
    0xFF,0x57,0x9F,0x9F,0xFF,0x3E,0xFB,0xFB,0xFF,0x3C,0xFF,0xFF,0xFF,0x3C,0xFF,
    0xFF,0xFF,0x3B,0xF0,0xF0,0xFF,0x30,0x71,0x71,0xFF,0x2A,0x2B,0x2B,0xFF,0x2A,
    0x2A,0x2A,0xFF,0x2A,0x2A,0x2A,0xFF,0x2A,0x2A,0x2A,0xFF,0x30,0x30,0x30,0xFF,
    0x89,0x95,0xA3,0xFF,0x89,0x95,0xA3,0xFF,0x30,0x30,0x30,0xFF,0x2A,0x2A,0x2A,
    0xFF,0x2A,0x2A,0x2A,0xFF,0x2A,0x2A,0x2A,0xFF,0x2A,0x2B,0x2B,0xFF,0x30,0x70,
    0x70,0xFF,0x3B,0xF0,0xF0,0xFF,0x3C,0xFF,0xFF,0xFF,0x3C,0xFF,0xFF,0xFF,0x3E,
    0xFB,0xFB,0xFF,0x57,0x9F,0x9F,0xFF,0x5F,0x5F,0x5F,0xFF,0x56,0x56,0x56,0xFF,
    0x16,0x16,0x16,0xFD,0x03,0x03,0x03,0x62,0x00,0x00,0x00,0x00,0x00,0x00,0x00,
    0x00,0x00,0x00,0x00,0x00,0x00,0x00,0x00,0x00,0x00,0x00,0x00,0x00,0x00,0x00,
    0x00,0x00,0x00,0x00,0x00,0x00,0x00,0x00,0x00,0x00,0x00,0x00,0x00,0x00,0x00,
    0x00,0x00,0x00,0x00,0x00,0x00,0x00,0x00,0x00,0x00,0x00,0x00,0x00,0x00,0x00,
    0x00,0x00,0x00,0x00,0x00,0x00,0x00,0x00,0x00,0x00,0x00,0x00,0x00,0x00,0x00,
    0x00,0x00,0x00,0x00,0x00,0x00,0x00,0x00,0x00,0x00,0x00,0x00,0x00,0x00,0x00,
    0x00,0x00,0x00,0x00,0x00,0x00,0x00,0x00,0x00,0x00,0x00,0x00,0x00,0x00,0x00,
    0x00,0x00,0x00,0x00,0x00,0x00,0x00,0x00,0x00,0x00,0x00,0x00,0x00,0x00,0x00,
    0x00,0x00,0x00,0x00,0x00,0x00,0x00,0x00,0x00,0x00,0x00,0x00,0x00,0x00,0x00,
    0x00,0x00,0x00,0x00,0x00,0x00,0x00,0x00,0x00,0x00,0x00,0x00,0x00,0x00,0x00,
    0x00,0x00,0x00,0x00,0x00,0x00,0x00,0x00,0x00,0x00,0x00,0x00,0x00,0x00,0x00,
    0x00,0x00,0x00,0x00,0x00,0x00,0x00,0x00,0x00,0x00,0x00,0x00,0x00,0x00,0x00,
    0x00,0x00,0x00,0x00,0x00,0x00,0x00,0x00,0x00,0x00,0x00,0x00,0x00,0x00,0x00,
    0x00,0x00,0x00,0x00,0x00,0x00,0x00,0x00,0x00,0x00,0x00,0x00,0x00,0x00,0x00,
    0x00,0x00,0x00,0x00,0x00,0x00,0x00,0x00,0x00,0x00,0x00,0x00,0x00,0x00,0x00,
    0x00,0x00,0x00,0x00,0x00,0x00,0x00,0x00,0x00,0x00,0x00,0x00,0x00,0x00,0x00,
    0x00,0x00,0x00,0x00,0x00,0x00,0x00,0x00,0x00,0x00,0x00,0x00,0x00,0x00,0x00,
    0x00,0x00,0x00,0x00,0x00,0x00,0x00,0x00,0x00,0x00,0x00,0x00,0x00,0x00,0x00,
    0x00,0x00,0x00,0x00,0x00,0x00,0x00,0x00,0x00,0x00,0x00,0x00,0x00,0x00,0x00,
    0x00,0x00,0x00,0x00,0x00,0x00,0x00,0x00,0x00,0x00,0x00,0x00,0x00,0x00,0x00,
    0x00,0x00,0x00,0x00,0x00,0x00,0x00,0x00,0x00,0x00,0x00,0x00,0x00,0x00,0x00,
    0x00,0x00,0x00,0x00,0x00,0x00,0x00,0x00,0x00,0x00,0x00,0x00,0x00,0x00,0x00,
    0x00,0x00,0x00,0x00,0x00,0x00,0x00,0x00,0x00,0x00,0x00,0x00,0x00,0x00,0x00,
    0x00,0x00,0x00,0x00,0x00,0x00,0x00,0x00,0x00,0x00,0x00,0x00,0x00,0x00,0x00,
    0x00,0x00,0x00,0x00,0x00,0x00,0x00,0x00,0x00,0x00,0x00,0x00,0x00,0x00,0x00,
    0x00,0x00,0x00,0x00,0x00,0x00,0x00,0x00,0x00,0x00,0x00,0x00,0x00,0x05,0x05,
    0x05,0x19,0x05,0x05,0x05,0xF2,0x46,0x46,0x46,0xFF,0x5F,0x5F,0x5F,0xFF,0x5D,
    0x79,0x79,0xFF,0x44,0xED,0xED,0xFF,0x3C,0xFF,0xFF,0xFF,0x3C,0xFF,0xFF,0xFF,
    0x3B,0xF8,0xF8,0xFF,0x31,0x91,0x91,0xFF,0x2B,0x2D,0x2D,0xFF,0x2A,0x2A,0x2A,
    0xFF,0x2A,0x2A,0x2A,0xFF,0x2A,0x2A,0x2A,0xFF,0x2B,0x2B,0x2B,0xFF,0x78,0x7B,
    0x7E,0xFF,0x96,0xBA,0xDD,0xFF,0x96,0xBA,0xDD,0xFF,0x79,0x7B,0x7E,0xFF,0x2B,
    0x2B,0x2B,0xFF,0x2A,0x2A,0x2A,0xFF,0x2A,0x2A,0x2A,0xFF,0x2A,0x2A,0x2A,0xFF,
    0x2B,0x2D,0x2D,0xFF,0x31,0x90,0x90,0xFF,0x3B,0xF8,0xF8,0xFF,0x3C,0xFF,0xFF,
    0xFF,0x3C,0xFF,0xFF,0xFF,0x44,0xED,0xED,0xFF,0x5D,0x79,0x79,0xFF,0x5F,0x5F,
    0x5F,0xFF,0x45,0x45,0x45,0xFF,0x05,0x05,0x05,0xF2,0x06,0x06,0x06,0x19,0x00,
    0x00,0x00,0x00,0x00,0x00,0x00,0x00,0x00,0x00,0x00,0x00,0x00,0x00,0x00,0x00,
    0x00,0x00,0x00,0x00,0x00,0x00,0x00,0x00,0x00,0x00,0x00,0x00,0x00,0x00,0x00,
    0x00,0x00,0x00,0x00,0x00,0x00,0x00,0x00,0x00,0x00,0x00,0x00,0x00,0x00,0x00,
    0x00,0x00,0x00,0x00,0x00,0x00,0x00,0x00,0x00,0x00,0x00,0x00,0x00,0x00,0x00,
    0x00,0x00,0x00,0x00,0x00,0x00,0x00,0x00,0x00,0x00,0x00,0x00,0x00,0x00,0x00,
    0x00,0x00,0x00,0x00,0x00,0x00,0x00,0x00,0x00,0x00,0x00,0x00,0x00,0x00,0x00,
    0x00,0x00,0x00,0x00,0x00,0x00,0x00,0x00,0x00,0x00,0x00,0x00,0x00,0x00,0x00,
    0x00,0x00,0x00,0x00,0x00,0x00,0x00,0x00,0x00,0x00,0x00,0x00,0x00,0x00,0x00,
    0x00,0x00,0x00,0x00,0x00,0x00,0x00,0x00,0x00,0x00,0x00,0x00,0x00,0x00,0x00,
    0x00,0x00,0x00,0x00,0x00,0x00,0x00,0x00,0x00,0x00,0x00,0x00,0x00,0x00,0x00,
    0x00,0x00,0x00,0x00,0x00,0x00,0x00,0x00,0x00,0x00,0x00,0x00,0x00,0x00,0x00,
    0x00,0x00,0x00,0x00,0x00,0x00,0x00,0x00,0x00,0x00,0x00,0x00,0x00,0x00,0x00,
    0x00,0x00,0x00,0x00,0x00,0x00,0x00,0x00,0x00,0x00,0x00,0x00,0x00,0x00,0x00,
    0x00,0x00,0x00,0x00,0x00,0x00,0x00,0x00,0x00,0x00,0x00,0x00,0x00,0x00,0x00,
    0x00,0x00,0x00,0x00,0x00,0x00,0x00,0x00,0x00,0x00,0x00,0x00,0x00,0x00,0x00,
    0x00,0x00,0x00,0x00,0x00,0x00,0x00,0x00,0x00,0x00,0x00,0x00,0x00,0x00,0x00,
    0x00,0x00,0x00,0x00,0x00,0x00,0x00,0x00,0x00,0x00,0x00,0x00,0x00,0x00,0x00,
    0x00,0x00,0x00,0x00,0x00,0x00,0x00,0x00,0x00,0x00,0x00,0x00,0x00,0x00,0x00,
    0x00,0x00,0x00,0x00,0x00,0x00,0x00,0x00,0x00,0x00,0x00,0x00,0x00,0x00,0x00,
    0x00,0x00,0x00,0x00,0x00,0x00,0x00,0x00,0x00,0x00,0x00,0x00,0x00,0x00,0x00,
    0x00,0x00,0x00,0x00,0x00,0x00,0x00,0x00,0x00,0x00,0x00,0x00,0x00,0x00,0x00,
    0x00,0x00,0x00,0x00,0x00,0x00,0x00,0x00,0x00,0x00,0x00,0x00,0x00,0x00,0x00,
    0x00,0x00,0x00,0x00,0x00,0x00,0x00,0x00,0x00,0x00,0x00,0x00,0x00,0x00,0x00,
    0x00,0x00,0x00,0x00,0x00,0x00,0x00,0x00,0x00,0x00,0x00,0x00,0x00,0x00,0x00,
    0x00,0x00,0x00,0x00,0x00,0x00,0x00,0x00,0x00,0x00,0x00,0x09,0x09,0x09,0x02,
    0x02,0x02,0x02,0xB5,0x2D,0x2D,0x2D,0xFF,0x5D,0x5D,0x5D,0xFF,0x5F,0x64,0x64,
    0xFF,0x4D,0xCE,0xCE,0xFF,0x3C,0xFE,0xFE,0xFF,0x3C,0xFF,0xFF,0xFF,0x3C,0xFC,
    0xFC,0xFF,0x33,0xA9,0xA9,0xFF,0x2C,0x32,0x32,0xFF,0x2A,0x2A,0x2A,0xFF,0x2A,
    0x2A,0x2A,0xFF,0x2A,0x2A,0x2A,0xFF,0x2A,0x2A,0x2A,0xFF,0x56,0x56,0x56,0xFF,
    0xB5,0xC4,0xD5,0xFF,0x7F,0xB4,0xE1,0xFF,0x7F,0xB4,0xE1,0xFF,0xB5,0xC5,0xD6,
    0xFF,0x56,0x56,0x56,0xFF,0x2A,0x2A,0x2A,0xFF,0x2A,0x2A,0x2A,0xFF,0x2A,0x2A,
    0x2A,0xFF,0x2A,0x2A,0x2A,0xFF,0x2C,0x32,0x32,0xFF,0x33,0xA9,0xA9,0xFF,0x3C,
    0xFC,0xFC,0xFF,0x3C,0xFF,0xFF,0xFF,0x3C,0xFE,0xFE,0xFF,0x4D,0xCE,0xCE,0xFF,
    0x5F,0x64,0x64,0xFF,0x5D,0x5D,0x5D,0xFF,0x2D,0x2D,0x2D,0xFF,0x02,0x02,0x02,
    0xB7,0x0C,0x0C,0x0C,0x02,0x00,0x00,0x00,0x00,0x00,0x00,0x00,0x00,0x00,0x00,
    0x00,0x00,0x00,0x00,0x00,0x00,0x00,0x00,0x00,0x00,0x00,0x00,0x00,0x00,0x00,
    0x00,0x00,0x00,0x00,0x00,0x00,0x00,0x00,0x00,0x00,0x00,0x00,0x00,0x00,0x00,
    0x00,0x00,0x00,0x00,0x00,0x00,0x00,0x00,0x00,0x00,0x00,0x00,0x00,0x00,0x00,
    0x00,0x00,0x00,0x00,0x00,0x00,0x00,0x00,0x00,0x00,0x00,0x00,0x00,0x00,0x00,
    0x00,0x00,0x00,0x00,0x00,0x00,0x00,0x00,0x00,0x00,0x00,0x00,0x00,0x00,0x00,
    0x00,0x00,0x00,0x00,0x00,0x00,0x00,0x00,0x00,0x00,0x00,0x00,0x00,0x00,0x00,
    0x00,0x00,0x00,0x00,0x00,0x00,0x00,0x00,0x00,0x00,0x00,0x00,0x00,0x00,0x00,
    0x00,0x00,0x00,0x00,0x00,0x00,0x00,0x00,0x00,0x00,0x00,0x00,0x00,0x00,0x00,
    0x00,0x00,0x00,0x00,0x00,0x00,0x00,0x00,0x00,0x00,0x00,0x00,0x00,0x00,0x00,
    0x00,0x00,0x00,0x00,0x00,0x00,0x00,0x00,0x00,0x00,0x00,0x00,0x00,0x00,0x00,
    0x00,0x00,0x00,0x00,0x00,0x00,0x00,0x00,0x00,0x00,0x00,0x00,0x00,0x00,0x00,
    0x00,0x00,0x00,0x00,0x00,0x00,0x00,0x00,0x00,0x00,0x00,0x00,0x00,0x00,0x00,
    0x00,0x00,0x00,0x00,0x00,0x00,0x00,0x00,0x00,0x00,0x00,0x00,0x00,0x00,0x00,
    0x00,0x00,0x00,0x00,0x00,0x00,0x00,0x00,0x00,0x00,0x00,0x00,0x00,0x00,0x00,
    0x00,0x00,0x00,0x00,0x00,0x00,0x00,0x00,0x00,0x00,0x00,0x00,0x00,0x00,0x00,
    0x00,0x00,0x00,0x00,0x00,0x00,0x00,0x00,0x00,0x00,0x00,0x00,0x00,0x00,0x00,
    0x00,0x00,0x00,0x00,0x00,0x00,0x00,0x00,0x00,0x00,0x00,0x00,0x00,0x00,0x00,
    0x00,0x00,0x00,0x00,0x00,0x00,0x00,0x00,0x00,0x00,0x00,0x00,0x00,0x00,0x00,
    0x00,0x00,0x00,0x00,0x00,0x00,0x00,0x00,0x00,0x00,0x00,0x00,0x00,0x00,0x00,
    0x00,0x00,0x00,0x00,0x00,0x00,0x00,0x00,0x00,0x00,0x00,0x00,0x00,0x00,0x00,
    0x00,0x00,0x00,0x00,0x00,0x00,0x00,0x00,0x00,0x00,0x00,0x00,0x00,0x00,0x00,
    0x00,0x00,0x00,0x00,0x00,0x00,0x00,0x00,0x00,0x00,0x00,0x00,0x00,0x00,0x00,
    0x00,0x00,0x00,0x00,0x00,0x00,0x00,0x00,0x00,0x00,0x00,0x00,0x00,0x00,0x00,
    0x00,0x00,0x00,0x00,0x00,0x00,0x00,0x00,0x00,0x00,0x00,0x00,0x00,0x09,0x09,
    0x09,0x54,0x12,0x12,0x12,0xFC,0x54,0x54,0x54,0xFF,0x5F,0x5F,0x5F,0xFF,0x57,
    0xA0,0xA0,0xFF,0x3E,0xFB,0xFB,0xFF,0x3C,0xFF,0xFF,0xFF,0x3C,0xFD,0xFD,0xFF,
    0x35,0xBC,0xBC,0xFF,0x2C,0x38,0x38,0xFF,0x2B,0x2B,0x2B,0xFF,0x2A,0x2A,0x2A,
    0xFF,0x2A,0x2A,0x2A,0xFF,0x2A,0x2A,0x2A,0xFF,0x3A,0x3A,0x3A,0xFF,0xBF,0xC2,
    0xC6,0xFF,0x93,0xBC,0xE2,0xFF,0x7C,0xB3,0xE1,0xFF,0x7C,0xB3,0xE1,0xFF,0x94,
    0xBD,0xE2,0xFF,0xC0,0xC3,0xC6,0xFF,0x3A,0x3A,0x3A,0xFF,0x2A,0x2A,0x2A,0xFF,
    0x2A,0x2A,0x2A,0xFF,0x2A,0x2A,0x2A,0xFF,0x2B,0x2B,0x2B,0xFF,0x2C,0x38,0x38,
    0xFF,0x35,0xBB,0xBB,0xFF,0x3C,0xFD,0xFD,0xFF,0x3C,0xFF,0xFF,0xFF,0x3E,0xFB,
    0xFB,0xFF,0x57,0x9F,0x9F,0xFF,0x5F,0x5F,0x5F,0xFF,0x54,0x54,0x54,0xFF,0x12,
    0x12,0x12,0xFD,0x0C,0x0C,0x0C,0x56,0x00,0x00,0x00,0x00,0x00,0x00,0x00,0x00,
    0x00,0x00,0x00,0x00,0x00,0x00,0x00,0x00,0x00,0x00,0x00,0x00,0x00,0x00,0x00,
    0x00,0x00,0x00,0x00,0x00,0x00,0x00,0x00,0x00,0x00,0x00,0x00,0x00,0x00,0x00,
    0x00,0x00,0x00,0x00,0x00,0x00,0x00,0x00,0x00,0x00,0x00,0x00,0x00,0x00,0x00,
    0x00,0x00,0x00,0x00,0x00,0x00,0x00,0x00,0x00,0x00,0x00,0x00,0x00,0x00,0x00,
    0x00,0x00,0x00,0x00,0x00,0x00,0x00,0x00,0x00,0x00,0x00,0x00,0x00,0x00,0x00,
    0x00,0x00,0x00,0x00,0x00,0x00,0x00,0x00,0x00,0x00,0x00,0x00,0x00,0x00,0x00,
    0x00,0x00,0x00,0x00,0x00,0x00,0x00,0x00,0x00,0x00,0x00,0x00,0x00,0x00,0x00,
    0x00,0x00,0x00,0x00,0x00,0x00,0x00,0x00,0x00,0x00,0x00,0x00,0x00,0x00,0x00,
    0x00,0x00,0x00,0x00,0x00,0x00,0x00,0x00,0x00,0x00,0x00,0x00,0x00,0x00,0x00,
    0x00,0x00,0x00,0x00,0x00,0x00,0x00,0x00,0x00,0x00,0x00,0x00,0x00,0x00,0x00,
    0x00,0x00,0x00,0x00,0x00,0x00,0x00,0x00,0x00,0x00,0x00,0x00,0x00,0x00,0x00,
    0x00,0x00,0x00,0x00,0x00,0x00,0x00,0x00,0x00,0x00,0x00,0x00,0x00,0x00,0x00,
    0x00,0x00,0x00,0x00,0x00,0x00,0x00,0x00,0x00,0x00,0x00,0x00,0x00,0x00,0x00,
    0x00,0x00,0x00,0x00,0x00,0x00,0x00,0x00,0x00,0x00,0x00,0x00,0x00,0x00,0x00,
    0x00,0x00,0x00,0x00,0x00,0x00,0x00,0x00,0x00,0x00,0x00,0x00,0x00,0x00,0x00,
    0x00,0x00,0x00,0x00,0x00,0x00,0x00,0x00,0x00,0x00,0x00,0x00,0x00,0x00,0x00,
    0x00,0x00,0x00,0x00,0x00,0x00,0x00,0x00,0x00,0x00,0x00,0x00,0x00,0x00,0x00,
    0x00,0x00,0x00,0x00,0x00,0x00,0x00,0x00,0x00,0x00,0x00,0x00,0x00,0x00,0x00,
    0x00,0x00,0x00,0x00,0x00,0x00,0x00,0x00,0x00,0x00,0x00,0x00,0x00,0x00,0x00,
    0x00,0x00,0x00,0x00,0x00,0x00,0x00,0x00,0x00,0x00,0x00,0x00,0x00,0x00,0x00,
    0x00,0x00,0x00,0x00,0x00,0x00,0x00,0x00,0x00,0x00,0x00,0x00,0x00,0x00,0x00,
    0x00,0x00,0x00,0x00,0x00,0x00,0x00,0x00,0x00,0x00,0x00,0x00,0x00,0x00,0x00,
    0x00,0x00,0x00,0x00,0x00,0x00,0x00,0x00,0x00,0x00,0x00,0x00,0x00,0x00,0x00,
    0x00,0x00,0x00,0x00,0x00,0x00,0x00,0x00,0x00,0x00,0x00,0x0E,0x0E,0x0E,0x12,
    0x05,0x05,0x05,0xED,0x43,0x43,0x43,0xFF,0x5F,0x5F,0x5F,0xFF,0x5D,0x75,0x75,
    0xFF,0x44,0xEB,0xEB,0xFF,0x3C,0xFF,0xFF,0xFF,0x3C,0xFE,0xFE,0xFF,0x36,0xC8,
    0xC8,0xFF,0x2B,0x3E,0x3E,0xFF,0x2C,0x2C,0x2C,0xFF,0x2A,0x2A,0x2A,0xFF,0x2A,
    0x2A,0x2A,0xFF,0x2A,0x2A,0x2A,0xFF,0x2F,0x2F,0x2F,0xFF,0xA8,0xA8,0xA8,0xFF,
    0xC6,0xD8,0xEA,0xFF,0x7D,0xB3,0xE1,0xFF,0x7C,0xB3,0xE1,0xFF,0x7C,0xB3,0xE1,
    0xFF,0x7D,0xB4,0xE1,0xFF,0xC7,0xD8,0xEB,0xFF,0xA8,0xA8,0xA9,0xFF,0x2F,0x2F,
    0x2F,0xFF,0x2A,0x2A,0x2A,0xFF,0x2A,0x2A,0x2A,0xFF,0x2A,0x2A,0x2A,0xFF,0x2C,
    0x2C,0x2C,0xFF,0x2B,0x3D,0x3D,0xFF,0x36,0xC7,0xC7,0xFF,0x3C,0xFD,0xFD,0xFF,
    0x3C,0xFF,0xFF,0xFF,0x44,0xEB,0xEB,0xFF,0x5D,0x74,0x74,0xFF,0x5F,0x5F,0x5F,
    0xFF,0x43,0x43,0x43,0xFF,0x05,0x05,0x05,0xED,0x14,0x14,0x14,0x13,0x00,0x00,
    0x00,0x00,0x00,0x00,0x00,0x00,0x00,0x00,0x00,0x00,0x00,0x00,0x00,0x00,0x00,
    0x00,0x00,0x00,0x00,0x00,0x00,0x00,0x00,0x00,0x00,0x00,0x00,0x00,0x00,0x00,
    0x00,0x00,0x00,0x00,0x00,0x00,0x00,0x00,0x00,0x00,0x00,0x00,0x00,0x00,0x00,
    0x00,0x00,0x00,0x00,0x00,0x00,0x00,0x00,0x00,0x00,0x00,0x00,0x00,0x00,0x00,
    0x00,0x00,0x00,0x00,0x00,0x00,0x00,0x00,0x00,0x00,0x00,0x00,0x00,0x00,0x00,
    0x00,0x00,0x00,0x00,0x00,0x00,0x00,0x00,0x00,0x00,0x00,0x00,0x00,0x00,0x00,
    0x00,0x00,0x00,0x00,0x00,0x00,0x00,0x00,0x00,0x00,0x00,0x00,0x00,0x00,0x00,
    0x00,0x00,0x00,0x00,0x00,0x00,0x00,0x00,0x00,0x00,0x00,0x00,0x00,0x00,0x00,
    0x00,0x00,0x00,0x00,0x00,0x00,0x00,0x00,0x00,0x00,0x00,0x00,0x00,0x00,0x00,
    0x00,0x00,0x00,0x00,0x00,0x00,0x00,0x00,0x00,0x00,0x00,0x00,0x00,0x00,0x00,
    0x00,0x00,0x00,0x00,0x00,0x00,0x00,0x00,0x00,0x00,0x00,0x00,0x00,0x00,0x00,
    0x00,0x00,0x00,0x00,0x00,0x00,0x00,0x00,0x00,0x00,0x00,0x00,0x00,0x00,0x00,
    0x00,0x00,0x00,0x00,0x00,0x00,0x00,0x00,0x00,0x00,0x00,0x00,0x00,0x00,0x00,
    0x00,0x00,0x00,0x00,0x00,0x00,0x00,0x00,0x00,0x00,0x00,0x00,0x00,0x00,0x00,
    0x00,0x00,0x00,0x00,0x00,0x00,0x00,0x00,0x00,0x00,0x00,0x00,0x00,0x00,0x00,
    0x00,0x00,0x00,0x00,0x00,0x00,0x00,0x00,0x00,0x00,0x00,0x00,0x00,0x00,0x00,
    0x00,0x00,0x00,0x00,0x00,0x00,0x00,0x00,0x00,0x00,0x00,0x00,0x00,0x00,0x00,
    0x00,0x00,0x00,0x00,0x00,0x00,0x00,0x00,0x00,0x00,0x00,0x00,0x00,0x00,0x00,
    0x00,0x00,0x00,0x00,0x00,0x00,0x00,0x00,0x00,0x00,0x00,0x00,0x00,0x00,0x00,
    0x00,0x00,0x00,0x00,0x00,0x00,0x00,0x00,0x00,0x00,0x00,0x00,0x00,0x00,0x00,
    0x00,0x00,0x00,0x00,0x00,0x00,0x00,0x00,0x00,0x00,0x00,0x00,0x00,0x00,0x00,
    0x00,0x00,0x00,0x00,0x00,0x00,0x00,0x00,0x00,0x00,0x00,0x00,0x00,0x00,0x00,
    0x00,0x00,0x00,0x00,0x00,0x00,0x00,0x00,0x00,0x00,0x00,0x00,0x00,0x00,0x00,
    0x00,0x00,0x00,0x00,0x00,0x00,0x00,0x00,0x00,0x17,0x17,0x17,0x01,0x06,0x06,
    0x06,0xAA,0x29,0x29,0x29,0xFF,0x5C,0x5C,0x5C,0xFF,0x5F,0x64,0x64,0xFF,0x4E,
    0xCC,0xCC,0xFF,0x3C,0xFE,0xFE,0xFF,0x3C,0xFE,0xFE,0xFF,0x37,0xCF,0xCF,0xFF,
    0x2B,0x45,0x45,0xFF,0x2C,0x2C,0x2C,0xFF,0x2A,0x2A,0x2A,0xFF,0x2A,0x2A,0x2A,
    0xFF,0x2A,0x2A,0x2A,0xFF,0x2B,0x2B,0x2B,0xFF,0x85,0x85,0x85,0xFF,0xEA,0xED,
    0xF1,0xFF,0x8E,0xBA,0xE2,0xFF,0x7C,0xB3,0xE1,0xFF,0x7C,0xB3,0xE1,0xFF,0x7C,
    0xB3,0xE1,0xFF,0x7C,0xB3,0xE1,0xFF,0x8E,0xBA,0xE2,0xFF,0xEB,0xEE,0xF1,0xFF,
    0x86,0x86,0x86,0xFF,0x2B,0x2B,0x2B,0xFF,0x2A,0x2A,0x2A,0xFF,0x2A,0x2A,0x2A,
    0xFF,0x2A,0x2A,0x2A,0xFF,0x2C,0x2C,0x2C,0xFF,0x2B,0x44,0x44,0xFF,0x37,0xCE,
    0xCE,0xFF,0x3C,0xFE,0xFE,0xFF,0x3C,0xFE,0xFE,0xFF,0x4E,0xCC,0xCC,0xFF,0x5F,
    0x64,0x64,0xFF,0x5C,0x5C,0x5C,0xFF,0x29,0x29,0x29,0xFF,0x07,0x07,0x07,0xAB,
    0x1A,0x1A,0x1A,0x01,0x00,0x00,0x00,0x00,0x00,0x00,0x00,0x00,0x00,0x00,0x00,
    0x00,0x00,0x00,0x00,0x00,0x00,0x00,0x00,0x00,0x00,0x00,0x00,0x00,0x00,0x00,
    0x00,0x00,0x00,0x00,0x00,0x00,0x00,0x00,0x00,0x00,0x00,0x00,0x00,0x00,0x00,
    0x00,0x00,0x00,0x00,0x00,0x00,0x00,0x00,0x00,0x00,0x00,0x00,0x00,0x00,0x00,
    0x00,0x00,0x00,0x00,0x00,0x00,0x00,0x00,0x00,0x00,0x00,0x00,0x00,0x00,0x00,
    0x00,0x00,0x00,0x00,0x00,0x00,0x00,0x00,0x00,0x00,0x00,0x00,0x00,0x00,0x00,
    0x00,0x00,0x00,0x00,0x00,0x00,0x00,0x00,0x00,0x00,0x00,0x00,0x00,0x00,0x00,
    0x00,0x00,0x00,0x00,0x00,0x00,0x00,0x00,0x00,0x00,0x00,0x00,0x00,0x00,0x00,
    0x00,0x00,0x00,0x00,0x00,0x00,0x00,0x00,0x00,0x00,0x00,0x00,0x00,0x00,0x00,
    0x00,0x00,0x00,0x00,0x00,0x00,0x00,0x00,0x00,0x00,0x00,0x00,0x00,0x00,0x00,
    0x00,0x00,0x00,0x00,0x00,0x00,0x00,0x00,0x00,0x00,0x00,0x00,0x00,0x00,0x00,
    0x00,0x00,0x00,0x00,0x00,0x00,0x00,0x00,0x00,0x00,0x00,0x00,0x00,0x00,0x00,
    0x00,0x00,0x00,0x00,0x00,0x00,0x00,0x00,0x00,0x00,0x00,0x00,0x00,0x00,0x00,
    0x00,0x00,0x00,0x00,0x00,0x00,0x00,0x00,0x00,0x00,0x00,0x00,0x00,0x00,0x00,
    0x00,0x00,0x00,0x00,0x00,0x00,0x00,0x00,0x00,0x00,0x00,0x00,0x00,0x00,0x00,
    0x00,0x00,0x00,0x00,0x00,0x00,0x00,0x00,0x00,0x00,0x00,0x00,0x00,0x00,0x00,
    0x00,0x00,0x00,0x00,0x00,0x00,0x00,0x00,0x00,0x00,0x00,0x00,0x00,0x00,0x00,
    0x00,0x00,0x00,0x00,0x00,0x00,0x00,0x00,0x00,0x00,0x00,0x00,0x00,0x00,0x00,
    0x00,0x00,0x00,0x00,0x00,0x00,0x00,0x00,0x00,0x00,0x00,0x00,0x00,0x00,0x00,
    0x00,0x00,0x00,0x00,0x00,0x00,0x00,0x00,0x00,0x00,0x00,0x00,0x00,0x00,0x00,
    0x00,0x00,0x00,0x00,0x00,0x00,0x00,0x00,0x00,0x00,0x00,0x00,0x00,0x00,0x00,
    0x00,0x00,0x00,0x00,0x00,0x00,0x00,0x00,0x00,0x00,0x00,0x00,0x00,0x00,0x00,
    0x00,0x00,0x00,0x00,0x00,0x00,0x00,0x00,0x00,0x00,0x00,0x00,0x00,0x00,0x00,
    0x00,0x00,0x00,0x00,0x00,0x00,0x00,0x00,0x00,0x00,0x00,0x0A,0x0A,0x0A,0x47,
    0x0F,0x0F,0x0F,0xFB,0x52,0x52,0x52,0xFF,0x5F,0x5F,0x5F,0xFF,0x57,0xA0,0xA0,
    0xFF,0x3E,0xFB,0xFB,0xFF,0x3C,0xFE,0xFE,0xFF,0x37,0xD1,0xD1,0xFF,0x2B,0x48,
    0x48,0xFF,0x2B,0x2B,0x2B,0xFF,0x2B,0x2B,0x2B,0xFF,0x2A,0x2A,0x2A,0xFF,0x2A,
    0x2A,0x2A,0xFF,0x2A,0x2A,0x2A,0xFF,0x66,0x66,0x66,0xFF,0xEA,0xEA,0xEB,0xFF,
    0xC6,0xD8,0xEC,0xFF,0x7D,0xB3,0xE1,0xFF,0x7C,0xB3,0xE1,0xFF,0x7C,0xB3,0xE1,
    0xFF,0x7C,0xB3,0xE1,0xFF,0x7C,0xB3,0xE1,0xFF,0x7D,0xB3,0xE1,0xFF,0xC7,0xD9,
    0xED,0xFF,0xEB,0xEB,0xEB,0xFF,0x66,0x66,0x66,0xFF,0x2A,0x2A,0x2A,0xFF,0x2A,
    0x2A,0x2A,0xFF,0x2A,0x2A,0x2A,0xFF,0x2B,0x2B,0x2B,0xFF,0x2B,0x2B,0x2B,0xFF,
    0x2B,0x46,0x46,0xFF,0x37,0xD0,0xD0,0xFF,0x3C,0xFE,0xFE,0xFF,0x3E,0xFB,0xFB,
    0xFF,0x57,0xA0,0xA0,0xFF,0x5F,0x5F,0x5F,0xFF,0x52,0x52,0x52,0xFF,0x0F,0x0F,
    0x0F,0xFC,0x0D,0x0D,0x0D,0x49,0x00,0x00,0x00,0x00,0x00,0x00,0x00,0x00,0x00,
    0x00,0x00,0x00,0x00,0x00,0x00,0x00,0x00,0x00,0x00,0x00,0x00,0x00,0x00,0x00,
    0x00,0x00,0x00,0x00,0x00,0x00,0x00,0x00,0x00,0x00,0x00,0x00,0x00,0x00,0x00,
    0x00,0x00,0x00,0x00,0x00,0x00,0x00,0x00,0x00,0x00,0x00,0x00,0x00,0x00,0x00,
    0x00,0x00,0x00,0x00,0x00,0x00,0x00,0x00,0x00,0x00,0x00,0x00,0x00,0x00,0x00,
    0x00,0x00,0x00,0x00,0x00,0x00,0x00,0x00,0x00,0x00,0x00,0x00,0x00,0x00,0x00,
    0x00,0x00,0x00,0x00,0x00,0x00,0x00,0x00,0x00,0x00,0x00,0x00,0x00,0x00,0x00,
    0x00,0x00,0x00,0x00,0x00,0x00,0x00,0x00,0x00,0x00,0x00,0x00,0x00,0x00,0x00,
    0x00,0x00,0x00,0x00,0x00,0x00,0x00,0x00,0x00,0x00,0x00,0x00,0x00,0x00,0x00,
    0x00,0x00,0x00,0x00,0x00,0x00,0x00,0x00,0x00,0x00,0x00,0x00,0x00,0x00,0x00,
    0x00,0x00,0x00,0x00,0x00,0x00,0x00,0x00,0x00,0x00,0x00,0x00,0x00,0x00,0x00,
    0x00,0x00,0x00,0x00,0x00,0x00,0x00,0x00,0x00,0x00,0x00,0x00,0x00,0x00,0x00,
    0x00,0x00,0x00,0x00,0x00,0x00,0x00,0x00,0x00,0x00,0x00,0x00,0x00,0x00,0x00,
    0x00,0x00,0x00,0x00,0x00,0x00,0x00,0x00,0x00,0x00,0x00,0x00,0x00,0x00,0x00,
    0x00,0x00,0x00,0x00,0x00,0x00,0x00,0x00,0x00,0x00,0x00,0x00,0x00,0x00,0x00,
    0x00,0x00,0x00,0x00,0x00,0x00,0x00,0x00,0x00,0x00,0x00,0x00,0x00,0x00,0x00,
    0x00,0x00,0x00,0x00,0x00,0x00,0x00,0x00,0x00,0x00,0x00,0x00,0x00,0x00,0x00,
    0x00,0x00,0x00,0x00,0x00,0x00,0x00,0x00,0x00,0x00,0x00,0x00,0x00,0x00,0x00,
    0x00,0x00,0x00,0x00,0x00,0x00,0x00,0x00,0x00,0x00,0x00,0x00,0x00,0x00,0x00,
    0x00,0x00,0x00,0x00,0x00,0x00,0x00,0x00,0x00,0x00,0x00,0x00,0x00,0x00,0x00,
    0x00,0x00,0x00,0x00,0x00,0x00,0x00,0x00,0x00,0x00,0x00,0x00,0x00,0x00,0x00,
    0x00,0x00,0x00,0x00,0x00,0x00,0x00,0x00,0x00,0x00,0x00,0x00,0x00,0x00,0x00,
    0x00,0x00,0x00,0x00,0x00,0x00,0x00,0x00,0x00,0x00,0x00,0x00,0x00,0x00,0x00,
    0x00,0x00,0x00,0x00,0x00,0x00,0x00,0x00,0x00,0x13,0x13,0x13,0x0E,0x05,0x05,
    0x05,0xE8,0x3F,0x3F,0x3F,0xFF,0x5E,0x5E,0x5E,0xFF,0x5D,0x76,0x76,0xFF,0x44,
    0xEC,0xEC,0xFF,0x3C,0xFE,0xFE,0xFF,0x37,0xCE,0xCE,0xFF,0x2B,0x47,0x47,0xFF,
    0x2A,0x2A,0x2A,0xFF,0x2C,0x2C,0x2C,0xFF,0x2A,0x2A,0x2A,0xFF,0x2A,0x2A,0x2A,
    0xFF,0x2A,0x2A,0x2A,0xFF,0x4C,0x4C,0x4C,0xFF,0xDC,0xDC,0xDC,0xFF,0xF4,0xF6,
    0xFA,0xFF,0x8D,0xBA,0xE2,0xFF,0x7C,0xB3,0xE1,0xFF,0x7C,0xB3,0xE1,0xFF,0x7C,
    0xB3,0xE1,0xFF,0x7C,0xB3,0xE1,0xFF,0x7C,0xB3,0xE1,0xFF,0x7C,0xB3,0xE1,0xFF,
    0x8E,0xBA,0xE2,0xFF,0xF4,0xF7,0xFA,0xFF,0xDC,0xDC,0xDC,0xFF,0x4D,0x4D,0x4D,
    0xFF,0x2A,0x2A,0x2A,0xFF,0x2A,0x2A,0x2A,0xFF,0x2A,0x2A,0x2A,0xFF,0x2C,0x2C,
    0x2C,0xFF,0x2A,0x2A,0x2A,0xFF,0x2B,0x46,0x46,0xFF,0x37,0xCD,0xCD,0xFF,0x3C,
    0xFD,0xFD,0xFF,0x44,0xEB,0xEB,0xFF,0x5D,0x76,0x76,0xFF,0x5E,0x5E,0x5E,0xFF,
    0x3F,0x3F,0x3F,0xFF,0x05,0x05,0x05,0xE9,0x15,0x15,0x15,0x0E,0x00,0x00,0x00,
    0x00,0x00,0x00,0x00,0x00,0x00,0x00,0x00,0x00,0x00,0x00,0x00,0x00,0x00,0x00,
    0x00,0x00,0x00,0x00,0x00,0x00,0x00,0x00,0x00,0x00,0x00,0x00,0x00,0x00,0x00,
    0x00,0x00,0x00,0x00,0x00,0x00,0x00,0x00,0x00,0x00,0x00,0x00,0x00,0x00,0x00,
    0x00,0x00,0x00,0x00,0x00,0x00,0x00,0x00,0x00,0x00,0x00,0x00,0x00,0x00,0x00,
    0x00,0x00,0x00,0x00,0x00,0x00,0x00,0x00,0x00,0x00,0x00,0x00,0x00,0x00,0x00,
    0x00,0x00,0x00,0x00,0x00,0x00,0x00,0x00,0x00,0x00,0x00,0x00,0x00,0x00,0x00,
    0x00,0x00,0x00,0x00,0x00,0x00,0x00,0x00,0x00,0x00,0x00,0x00,0x00,0x00,0x00,
    0x00,0x00,0x00,0x00,0x00,0x00,0x00,0x00,0x00,0x00,0x00,0x00,0x00,0x00,0x00,
    0x00,0x00,0x00,0x00,0x00,0x00,0x00,0x00,0x00,0x00,0x00,0x00,0x00,0x00,0x00,
    0x00,0x00,0x00,0x00,0x00,0x00,0x00,0x00,0x00,0x00,0x00,0x00,0x00,0x00,0x00,
    0x00,0x00,0x00,0x00,0x00,0x00,0x00,0x00,0x00,0x00,0x00,0x00,0x00,0x00,0x00,
    0x00,0x00,0x00,0x00,0x00,0x00,0x00,0x00,0x00,0x00,0x00,0x00,0x00,0x00,0x00,
    0x00,0x00,0x00,0x00,0x00,0x00,0x00,0x00,0x00,0x00,0x00,0x00,0x00,0x00,0x00,
    0x00,0x00,0x00,0x00,0x00,0x00,0x00,0x00,0x00,0x00,0x00,0x00,0x00,0x00,0x00,
    0x00,0x00,0x00,0x00,0x00,0x00,0x00,0x00,0x00,0x00,0x00,0x00,0x00,0x00,0x00,
    0x00,0x00,0x00,0x00,0x00,0x00,0x00,0x00,0x00,0x00,0x00,0x00,0x00,0x00,0x00,
    0x00,0x00,0x00,0x00,0x00,0x00,0x00,0x00,0x00,0x00,0x00,0x00,0x00,0x00,0x00,
    0x00,0x00,0x00,0x00,0x00,0x00,0x00,0x00,0x00,0x00,0x00,0x00,0x00,0x00,0x00,
    0x00,0x00,0x00,0x00,0x00,0x00,0x00,0x00,0x00,0x00,0x00,0x00,0x00,0x00,0x00,
    0x00,0x00,0x00,0x00,0x00,0x00,0x00,0x00,0x00,0x00,0x00,0x00,0x00,0x00,0x00,
    0x00,0x00,0x00,0x00,0x00,0x00,0x00,0x00,0x00,0x00,0x00,0x00,0x00,0x00,0x00,
    0x00,0x00,0x00,0x00,0x00,0x00,0x00,0x00,0x00,0x00,0x00,0x00,0x00,0x00,0x00,
    0x00,0x00,0x00,0x00,0x00,0x00,0x00,0x1F,0x1F,0x1F,0x01,0x05,0x05,0x05,0x9B,
    0x25,0x25,0x25,0xFF,0x5B,0x5B,0x5B,0xFF,0x5F,0x64,0x64,0xFF,0x4D,0xCF,0xCF,
    0xFF,0x3C,0xFC,0xFC,0xFF,0x36,0xC7,0xC7,0xFF,0x2B,0x43,0x43,0xFF,0x2A,0x2A,
    0x2A,0xFF,0x2B,0x2B,0x2B,0xFF,0x2B,0x2B,0x2B,0xFF,0x2A,0x2A,0x2A,0xFF,0x2A,
    0x2A,0x2A,0xFF,0x3D,0x3D,0x3D,0xFF,0xCA,0xCA,0xCA,0xFF,0xFD,0xFE,0xFE,0xFF,
    0xCA,0xDB,0xED,0xFF,0x7D,0xB3,0xE1,0xFF,0x7C,0xB3,0xE1,0xFF,0x7C,0xB3,0xE1,
    0xFF,0x7C,0xB3,0xE1,0xFF,0x7C,0xB3,0xE1,0xFF,0x7C,0xB3,0xE1,0xFF,0x7C,0xB3,
    0xE1,0xFF,0x7D,0xB3,0xE1,0xFF,0xCB,0xDB,0xED,0xFF,0xFD,0xFE,0xFE,0xFF,0xCB,
    0xCB,0xCB,0xFF,0x3D,0x3D,0x3D,0xFF,0x2A,0x2A,0x2A,0xFF,0x2A,0x2A,0x2A,0xFF,
    0x2B,0x2B,0x2B,0xFF,0x2B,0x2B,0x2B,0xFF,0x2A,0x2A,0x2A,0xFF,0x2B,0x42,0x42,
    0xFF,0x36,0xC5,0xC5,0xFF,0x3C,0xFC,0xFC,0xFF,0x4D,0xCF,0xCF,0xFF,0x5F,0x64,
    0x64,0xFF,0x5B,0x5B,0x5B,0xFF,0x25,0x25,0x25,0xFF,0x08,0x08,0x08,0x9E,0x21,
    0x21,0x21,0x01,0x00,0x00,0x00,0x00,0x00,0x00,0x00,0x00,0x00,0x00,0x00,0x00,
    0x00,0x00,0x00,0x00,0x00,0x00,0x00,0x00,0x00,0x00,0x00,0x00,0x00,0x00,0x00,
    0x00,0x00,0x00,0x00,0x00,0x00,0x00,0x00,0x00,0x00,0x00,0x00,0x00,0x00,0x00,
    0x00,0x00,0x00,0x00,0x00,0x00,0x00,0x00,0x00,0x00,0x00,0x00,0x00,0x00,0x00,
    0x00,0x00,0x00,0x00,0x00,0x00,0x00,0x00,0x00,0x00,0x00,0x00,0x00,0x00,0x00,
    0x00,0x00,0x00,0x00,0x00,0x00,0x00,0x00,0x00,0x00,0x00,0x00,0x00,0x00,0x00,
    0x00,0x00,0x00,0x00,0x00,0x00,0x00,0x00,0x00,0x00,0x00,0x00,0x00,0x00,0x00,
    0x00,0x00,0x00,0x00,0x00,0x00,0x00,0x00,0x00,0x00,0x00,0x00,0x00,0x00,0x00,
    0x00,0x00,0x00,0x00,0x00,0x00,0x00,0x00,0x00,0x00,0x00,0x00,0x00,0x00,0x00,
    0x00,0x00,0x00,0x00,0x00,0x00,0x00,0x00,0x00,0x00,0x00,0x00,0x00,0x00,0x00,
    0x00,0x00,0x00,0x00,0x00,0x00,0x00,0x00,0x00,0x00,0x00,0x00,0x00,0x00,0x00,
    0x00,0x00,0x00,0x00,0x00,0x00,0x00,0x00,0x00,0x00,0x00,0x00,0x00,0x00,0x00,
    0x00,0x00,0x00,0x00,0x00,0x00,0x00,0x00,0x00,0x00,0x00,0x00,0x00,0x00,0x00,
    0x00,0x00,0x00,0x00,0x00,0x00,0x00,0x00,0x00,0x00,0x00,0x00,0x00,0x00,0x00,
    0x00,0x00,0x00,0x00,0x00,0x00,0x00,0x00,0x00,0x00,0x00,0x00,0x00,0x00,0x00,
    0x00,0x00,0x00,0x00,0x00,0x00,0x00,0x00,0x00,0x00,0x00,0x00,0x00,0x00,0x00,
    0x00,0x00,0x00,0x00,0x00,0x00,0x00,0x00,0x00,0x00,0x00,0x00,0x00,0x00,0x00,
    0x00,0x00,0x00,0x00,0x00,0x00,0x00,0x00,0x00,0x00,0x00,0x00,0x00,0x00,0x00,
    0x00,0x00,0x00,0x00,0x00,0x00,0x00,0x00,0x00,0x00,0x00,0x00,0x00,0x00,0x00,
    0x00,0x00,0x00,0x00,0x00,0x00,0x00,0x00,0x00,0x00,0x00,0x00,0x00,0x00,0x00,
    0x00,0x00,0x00,0x00,0x00,0x00,0x00,0x00,0x00,0x00,0x00,0x00,0x00,0x00,0x00,
    0x00,0x00,0x00,0x00,0x00,0x00,0x00,0x00,0x00,0x00,0x00,0x00,0x00,0x00,0x00,
    0x00,0x00,0x00,0x00,0x00,0x00,0x00,0x00,0x00,0x05,0x05,0x05,0x34,0x0B,0x0B,
    0x0B,0xF9,0x50,0x50,0x50,0xFF,0x5F,0x5F,0x5F,0xFF,0x57,0xA0,0xA0,0xFF,0x3D,
    0xF8,0xF8,0xFF,0x35,0xBA,0xBA,0xFF,0x2B,0x3C,0x3C,0xFF,0x2A,0x2A,0x2A,0xFF,
    0x2A,0x2A,0x2A,0xFF,0x2C,0x2C,0x2C,0xFF,0x2A,0x2A,0x2A,0xFF,0x2A,0x2A,0x2A,
    0xFF,0x36,0x36,0x36,0xFF,0xB8,0xB8,0xB8,0xFF,0xFD,0xFD,0xFD,0xFF,0xF7,0xF9,
    0xFB,0xFF,0x92,0xBC,0xE2,0xFF,0x7C,0xB3,0xE1,0xFF,0x7C,0xB3,0xE1,0xFF,0x7C,
    0xB3,0xE1,0xFF,0x7C,0xB3,0xE1,0xFF,0x7C,0xB3,0xE1,0xFF,0x7C,0xB3,0xE1,0xFF,
    0x7C,0xB3,0xE1,0xFF,0x7C,0xB3,0xE1,0xFF,0x93,0xBC,0xE2,0xFF,0xF8,0xF9,0xFB,
    0xFF,0xFD,0xFD,0xFD,0xFF,0xB8,0xB8,0xB8,0xFF,0x36,0x36,0x36,0xFF,0x2A,0x2A,
    0x2A,0xFF,0x2A,0x2A,0x2A,0xFF,0x2C,0x2C,0x2C,0xFF,0x2A,0x2A,0x2A,0xFF,0x2A,
    0x2A,0x2A,0xFF,0x2B,0x3C,0x3C,0xFF,0x35,0xB7,0xB7,0xFF,0x3D,0xF7,0xF7,0xFF,
    0x57,0xA0,0xA0,0xFF,0x5F,0x5F,0x5F,0xFF,0x50,0x50,0x50,0xFF,0x0B,0x0B,0x0B,
    0xFA,0x07,0x07,0x07,0x36,0x00,0x00,0x00,0x00,0x00,0x00,0x00,0x00,0x00,0x00,
    0x00,0x00,0x00,0x00,0x00,0x00,0x00,0x00,0x00,0x00,0x00,0x00,0x00,0x00,0x00,
    0x00,0x00,0x00,0x00,0x00,0x00,0x00,0x00,0x00,0x00,0x00,0x00,0x00,0x00,0x00,
    0x00,0x00,0x00,0x00,0x00,0x00,0x00,0x00,0x00,0x00,0x00,0x00,0x00,0x00,0x00,
    0x00,0x00,0x00,0x00,0x00,0x00,0x00,0x00,0x00,0x00,0x00,0x00,0x00,0x00,0x00,
    0x00,0x00,0x00,0x00,0x00,0x00,0x00,0x00,0x00,0x00,0x00,0x00,0x00,0x00,0x00,
    0x00,0x00,0x00,0x00,0x00,0x00,0x00,0x00,0x00,0x00,0x00,0x00,0x00,0x00,0x00,
    0x00,0x00,0x00,0x00,0x00,0x00,0x00,0x00,0x00,0x00,0x00,0x00,0x00,0x00,0x00,
    0x00,0x00,0x00,0x00,0x00,0x00,0x00,0x00,0x00,0x00,0x00,0x00,0x00,0x00,0x00,
    0x00,0x00,0x00,0x00,0x00,0x00,0x00,0x00,0x00,0x00,0x00,0x00,0x00,0x00,0x00,
    0x00,0x00,0x00,0x00,0x00,0x00,0x00,0x00,0x00,0x00,0x00,0x00,0x00,0x00,0x00,
    0x00,0x00,0x00,0x00,0x00,0x00,0x00,0x00,0x00,0x00,0x00,0x00,0x00,0x00,0x00,
    0x00,0x00,0x00,0x00,0x00,0x00,0x00,0x00,0x00,0x00,0x00,0x00,0x00,0x00,0x00,
    0x00,0x00,0x00,0x00,0x00,0x00,0x00,0x00,0x00,0x00,0x00,0x00,0x00,0x00,0x00,
    0x00,0x00,0x00,0x00,0x00,0x00,0x00,0x00,0x00,0x00,0x00,0x00,0x00,0x00,0x00,
    0x00,0x00,0x00,0x00,0x00,0x00,0x00,0x00,0x00,0x00,0x00,0x00,0x00,0x00,0x00,
    0x00,0x00,0x00,0x00,0x00,0x00,0x00,0x00,0x00,0x00,0x00,0x00,0x00,0x00,0x00,
    0x00,0x00,0x00,0x00,0x00,0x00,0x00,0x00,0x00,0x00,0x00,0x00,0x00,0x00,0x00,
    0x00,0x00,0x00,0x00,0x00,0x00,0x00,0x00,0x00,0x00,0x00,0x00,0x00,0x00,0x00,
    0x00,0x00,0x00,0x00,0x00,0x00,0x00,0x00,0x00,0x00,0x00,0x00,0x00,0x00,0x00,
    0x00,0x00,0x00,0x00,0x00,0x00,0x00,0x00,0x00,0x00,0x00,0x00,0x00,0x00,0x00,
    0x00,0x00,0x00,0x00,0x00,0x00,0x00,0x00,0x00,0x00,0x00,0x00,0x00,0x00,0x00,
    0x00,0x00,0x00,0x00,0x00,0x00,0x00,0x06,0x06,0x06,0x07,0x02,0x02,0x02,0xD8,
    0x3C,0x3C,0x3C,0xFF,0x5E,0x5E,0x5E,0xFF,0x5C,0x7A,0x7A,0xFF,0x43,0xE4,0xE4,
    0xFF,0x33,0xA5,0xA5,0xFF,0x2A,0x36,0x36,0xFF,0x2A,0x2A,0x2A,0xFF,0x2A,0x2A,
    0x2A,0xFF,0x2B,0x2B,0x2B,0xFF,0x2B,0x2B,0x2B,0xFF,0x2A,0x2A,0x2A,0xFF,0x31,
    0x31,0x31,0xFF,0xA7,0xA7,0xA7,0xFF,0xFB,0xFB,0xFB,0xFF,0xFF,0xFF,0xFF,0xFF,
    0xD4,0xE1,0xF0,0xFF,0x7E,0xB4,0xE1,0xFF,0x7C,0xB3,0xE1,0xFF,0x7C,0xB3,0xE1,
    0xFF,0x7C,0xB3,0xE1,0xFF,0x7C,0xB3,0xE0,0xFF,0x7C,0xB3,0xE1,0xFF,0x7C,0xB3,
    0xE1,0xFF,0x7C,0xB3,0xE1,0xFF,0x7C,0xB3,0xE1,0xFF,0x7E,0xB4,0xE1,0xFF,0xD5,
    0xE2,0xF0,0xFF,0xFF,0xFF,0xFF,0xFF,0xFB,0xFB,0xFB,0xFF,0xA8,0xA8,0xA8,0xFF,
    0x31,0x31,0x31,0xFF,0x2A,0x2A,0x2A,0xFF,0x2B,0x2B,0x2B,0xFF,0x2B,0x2B,0x2B,
    0xFF,0x2A,0x2A,0x2A,0xFF,0x2A,0x2A,0x2A,0xFF,0x2A,0x35,0x35,0xFF,0x33,0xA4,
    0xA4,0xFF,0x43,0xE3,0xE3,0xFF,0x5D,0x79,0x79,0xFF,0x5E,0x5E,0x5E,0xFF,0x3C,
    0x3C,0x3C,0xFF,0x02,0x02,0x02,0xD8,0x08,0x08,0x08,0x08,0x00,0x00,0x00,0x00,
    0x00,0x00,0x00,0x00,0x00,0x00,0x00,0x00,0x00,0x00,0x00,0x00,0x00,0x00,0x00,
    0x00,0x00,0x00,0x00,0x00,0x00,0x00,0x00,0x00,0x00,0x00,0x00,0x00,0x00,0x00,
    0x00,0x00,0x00,0x00,0x00,0x00,0x00,0x00,0x00,0x00,0x00,0x00,0x00,0x00,0x00,
    0x00,0x00,0x00,0x00,0x00,0x00,0x00,0x00,0x00,0x00,0x00,0x00,0x00,0x00,0x00,
    0x00,0x00,0x00,0x00,0x00,0x00,0x00,0x00,0x00,0x00,0x00,0x00,0x00,0x00,0x00,
    0x00,0x00,0x00,0x00,0x00,0x00,0x00,0x00,0x00,0x00,0x00,0x00,0x00,0x00,0x00,
    0x00,0x00,0x00,0x00,0x00,0x00,0x00,0x00,0x00,0x00,0x00,0x00,0x00,0x00,0x00,
    0x00,0x00,0x00,0x00,0x00,0x00,0x00,0x00,0x00,0x00,0x00,0x00,0x00,0x00,0x00,
    0x00,0x00,0x00,0x00,0x00,0x00,0x00,0x00,0x00,0x00,0x00,0x00,0x00,0x00,0x00,
    0x00,0x00,0x00,0x00,0x00,0x00,0x00,0x00,0x00,0x00,0x00,0x00,0x00,0x00,0x00,
    0x00,0x00,0x00,0x00,0x00,0x00,0x00,0x00,0x00,0x00,0x00,0x00,0x00,0x00,0x00,
    0x00,0x00,0x00,0x00,0x00,0x00,0x00,0x00,0x00,0x00,0x00,0x00,0x00,0x00,0x00,
    0x00,0x00,0x00,0x00,0x00,0x00,0x00,0x00,0x00,0x00,0x00,0x00,0x00,0x00,0x00,
    0x00,0x00,0x00,0x00,0x00,0x00,0x00,0x00,0x00,0x00,0x00,0x00,0x00,0x00,0x00,
    0x00,0x00,0x00,0x00,0x00,0x00,0x00,0x00,0x00,0x00,0x00,0x00,0x00,0x00,0x00,
    0x00,0x00,0x00,0x00,0x00,0x00,0x00,0x00,0x00,0x00,0x00,0x00,0x00,0x00,0x00,
    0x00,0x00,0x00,0x00,0x00,0x00,0x00,0x00,0x00,0x00,0x00,0x00,0x00,0x00,0x00,
    0x00,0x00,0x00,0x00,0x00,0x00,0x00,0x00,0x00,0x00,0x00,0x00,0x00,0x00,0x00,
    0x00,0x00,0x00,0x00,0x00,0x00,0x00,0x00,0x00,0x00,0x00,0x00,0x00,0x00,0x00,
    0x00,0x00,0x00,0x00,0x00,0x00,0x00,0x00,0x00,0x00,0x00,0x00,0x00,0x00,0x00,
    0x00,0x00,0x00,0x00,0x00,0x00,0x00,0x00,0x00,0x00,0x00,0x00,0x00,0x00,0x00,
    0x00,0x00,0x00,0x00,0x00,0x00,0x00,0x00,0x00,0x02,0x02,0x02,0x7F,0x1E,0x1E,
    0x1E,0xFE,0x59,0x59,0x59,0xFF,0x5F,0x63,0x63,0xFF,0x4C,0xB8,0xB8,0xFF,0x31,
    0x8A,0x8A,0xFF,0x2A,0x2F,0x2F,0xFF,0x2A,0x2A,0x2A,0xFF,0x2A,0x2A,0x2A,0xFF,
    0x2A,0x2A,0x2A,0xFF,0x2C,0x2C,0x2C,0xFF,0x2A,0x2A,0x2A,0xFF,0x2E,0x2E,0x2E,
    0xFF,0x9A,0x9A,0x9A,0xFF,0xF9,0xF9,0xF9,0xFF,0xFF,0xFF,0xFF,0xFF,0xFC,0xFC,
    0xFD,0xFF,0x9F,0xC2,0xE4,0xFF,0x7C,0xB3,0xE1,0xFF,0x7C,0xB3,0xE1,0xFF,0x7C,
    0xB3,0xE1,0xFF,0x7C,0xB3,0xE1,0xFF,0x8C,0xB8,0xE0,0xFF,0x89,0xB7,0xE0,0xFF,
    0x7C,0xB3,0xE1,0xFF,0x7C,0xB3,0xE1,0xFF,0x7C,0xB3,0xE1,0xFF,0x7C,0xB3,0xE1,
    0xFF,0xA1,0xC3,0xE4,0xFF,0xFC,0xFD,0xFE,0xFF,0xFF,0xFF,0xFF,0xFF,0xF9,0xF9,
    0xF9,0xFF,0x9B,0x9B,0x9B,0xFF,0x2F,0x2F,0x2F,0xFF,0x2A,0x2A,0x2A,0xFF,0x2C,
    0x2C,0x2C,0xFF,0x2A,0x2A,0x2A,0xFF,0x2A,0x2A,0x2A,0xFF,0x2A,0x2A,0x2A,0xFF,
    0x2A,0x2F,0x2F,0xFF,0x30,0x89,0x89,0xFF,0x4C,0xB7,0xB7,0xFF,0x5F,0x63,0x63,
    0xFF,0x59,0x59,0x59,0xFF,0x1E,0x1E,0x1E,0xFE,0x03,0x03,0x03,0x82,0x00,0x00,
    0x00,0x00,0x00,0x00,0x00,0x00,0x00,0x00,0x00,0x00,0x00,0x00,0x00,0x00,0x00,
    0x00,0x00,0x00,0x00,0x00,0x00,0x00,0x00,0x00,0x00,0x00,0x00,0x00,0x00,0x00,
    0x00,0x00,0x00,0x00,0x00,0x00,0x00,0x00,0x00,0x00,0x00,0x00,0x00,0x00,0x00,
    0x00,0x00,0x00,0x00,0x00,0x00,0x00,0x00,0x00,0x00,0x00,0x00,0x00,0x00,0x00,
    0x00,0x00,0x00,0x00,0x00,0x00,0x00,0x00,0x00,0x00,0x00,0x00,0x00,0x00,0x00,
    0x00,0x00,0x00,0x00,0x00,0x00,0x00,0x00,0x00,0x00,0x00,0x00,0x00,0x00,0x00,
    0x00,0x00,0x00,0x00,0x00,0x00,0x00,0x00,0x00,0x00,0x00,0x00,0x00,0x00,0x00,
    0x00,0x00,0x00,0x00,0x00,0x00,0x00,0x00,0x00,0x00,0x00,0x00,0x00,0x00,0x00,
    0x00,0x00,0x00,0x00,0x00,0x00,0x00,0x00,0x00,0x00,0x00,0x00,0x00,0x00,0x00,
    0x00,0x00,0x00,0x00,0x00,0x00,0x00,0x00,0x00,0x00,0x00,0x00,0x00,0x00,0x00,
    0x00,0x00,0x00,0x00,0x00,0x00,0x00,0x00,0x00,0x00,0x00,0x00,0x00,0x00,0x00,
    0x00,0x00,0x00,0x00,0x00,0x00,0x00,0x00,0x00,0x00,0x00,0x00,0x00,0x00,0x00,
    0x00,0x00,0x00,0x00,0x00,0x00,0x00,0x00,0x00,0x00,0x00,0x00,0x00,0x00,0x00,
    0x00,0x00,0x00,0x00,0x00,0x00,0x00,0x00,0x00,0x00,0x00,0x00,0x00,0x00,0x00,
    0x00,0x00,0x00,0x00,0x00,0x00,0x00,0x00,0x00,0x00,0x00,0x00,0x00,0x00,0x00,
    0x00,0x00,0x00,0x00,0x00,0x00,0x00,0x00,0x00,0x00,0x00,0x00,0x00,0x00,0x00,
    0x00,0x00,0x00,0x00,0x00,0x00,0x00,0x00,0x00,0x00,0x00,0x00,0x00,0x00,0x00,
    0x00,0x00,0x00,0x00,0x00,0x00,0x00,0x00,0x00,0x00,0x00,0x00,0x00,0x00,0x00,
    0x00,0x00,0x00,0x00,0x00,0x00,0x00,0x00,0x00,0x00,0x00,0x00,0x00,0x00,0x00,
    0x00,0x00,0x00,0x00,0x00,0x00,0x00,0x00,0x00,0x00,0x00,0x00,0x00,0x00,0x00,
    0x00,0x00,0x00,0x00,0x00,0x00,0x00,0x00,0x00,0x00,0x00,0x00,0x00,0x00,0x00,
    0x00,0x00,0x00,0x00,0x00,0x00,0x00,0x04,0x04,0x04,0x2A,0x08,0x08,0x08,0xF6,
    0x4B,0x4B,0x4B,0xFF,0x5F,0x5F,0x5F,0xFF,0x54,0x64,0x64,0xFF,0x30,0x60,0x60,
    0xFF,0x2A,0x2B,0x2B,0xFF,0x2A,0x2A,0x2A,0xFF,0x2A,0x2A,0x2A,0xFF,0x2A,0x2A,
    0x2A,0xFF,0x2C,0x2C,0x2C,0xFF,0x2B,0x2B,0x2B,0xFF,0x2D,0x2D,0x2D,0xFF,0x90,
    0x90,0x90,0xFF,0xF6,0xF6,0xF6,0xFF,0xFF,0xFF,0xFF,0xFF,0xFF,0xFF,0xFF,0xFF,
    0xE3,0xEB,0xF4,0xFF,0x81,0xB5,0xE1,0xFF,0x7C,0xB3,0xE1,0xFF,0x7C,0xB3,0xE1,
    0xFF,0x7C,0xB3,0xE1,0xFF,0x7C,0xB3,0xE1,0xFF,0xA8,0xC7,0xE6,0xFF,0xA5,0xC5,
    0xE5,0xFF,0x7C,0xB3,0xE1,0xFF,0x7C,0xB3,0xE1,0xFF,0x7C,0xB3,0xE1,0xFF,0x7C,
    0xB3,0xE1,0xFF,0x81,0xB5,0xE1,0xFF,0xE4,0xEC,0xF4,0xFF,0xFF,0xFF,0xFF,0xFF,
    0xFF,0xFF,0xFF,0xFF,0xF6,0xF6,0xF6,0xFF,0x91,0x91,0x91,0xFF,0x2D,0x2D,0x2D,
    0xFF,0x2A,0x2A,0x2A,0xFF,0x2C,0x2C,0x2C,0xFF,0x2A,0x2A,0x2A,0xFF,0x2A,0x2A,
    0x2A,0xFF,0x2A,0x2A,0x2A,0xFF,0x2A,0x2B,0x2B,0xFF,0x30,0x5C,0x5C,0xFF,0x54,
    0x62,0x62,0xFF,0x5F,0x5F,0x5F,0xFF,0x4B,0x4B,0x4B,0xFF,0x08,0x08,0x08,0xF7,
    0x05,0x05,0x05,0x2B,0x00,0x00,0x00,0x00,0x00,0x00,0x00,0x00,0x00,0x00,0x00,
    0x00,0x00,0x00,0x00,0x00,0x00,0x00,0x00,0x00,0x00,0x00,0x00,0x00,0x00,0x00,
    0x00,0x00,0x00,0x00,0x00,0x00,0x00,0x00,0x00,0x00,0x00,0x00,0x00,0x00,0x00,
    0x00,0x00,0x00,0x00,0x00,0x00,0x00,0x00,0x00,0x00,0x00,0x00,0x00,0x00,0x00,
    0x00,0x00,0x00,0x00,0x00,0x00,0x00,0x00,0x00,0x00,0x00,0x00,0x00,0x00,0x00,
    0x00,0x00,0x00,0x00,0x00,0x00,0x00,0x00,0x00,0x00,0x00,0x00,0x00,0x00,0x00,
    0x00,0x00,0x00,0x00,0x00,0x00,0x00,0x00,0x00,0x00,0x00,0x00,0x00,0x00,0x00,
    0x00,0x00,0x00,0x00,0x00,0x00,0x00,0x00,0x00,0x00,0x00,0x00,0x00,0x00,0x00,
    0x00,0x00,0x00,0x00,0x00,0x00,0x00,0x00,0x00,0x00,0x00,0x00,0x00,0x00,0x00,
    0x00,0x00,0x00,0x00,0x00,0x00,0x00,0x00,0x00,0x00,0x00,0x00,0x00,0x00,0x00,
    0x00,0x00,0x00,0x00,0x00,0x00,0x00,0x00,0x00,0x00,0x00,0x00,0x00,0x00,0x00,
    0x00,0x00,0x00,0x00,0x00,0x00,0x00,0x00,0x00,0x00,0x00,0x00,0x00,0x00,0x00,
    0x00,0x00,0x00,0x00,0x00,0x00,0x00,0x00,0x00,0x00,0x00,0x00,0x00,0x00,0x00,
    0x00,0x00,0x00,0x00,0x00,0x00,0x00,0x00,0x00,0x00,0x00,0x00,0x00,0x00,0x00,
    0x00,0x00,0x00,0x00,0x00,0x00,0x00,0x00,0x00,0x00,0x00,0x00,0x00,0x00,0x00,
    0x00,0x00,0x00,0x00,0x00,0x00,0x00,0x00,0x00,0x00,0x00,0x00,0x00,0x00,0x00,
    0x00,0x00,0x00,0x00,0x00,0x00,0x00,0x00,0x00,0x00,0x00,0x00,0x00,0x00,0x00,
    0x00,0x00,0x00,0x00,0x00,0x00,0x00,0x00,0x00,0x00,0x00,0x00,0x00,0x00,0x00,
    0x00,0x00,0x00,0x00,0x00,0x00,0x00,0x00,0x00,0x00,0x00,0x00,0x00,0x00,0x00,
    0x00,0x00,0x00,0x00,0x00,0x00,0x00,0x00,0x00,0x00,0x00,0x00,0x00,0x00,0x00,
    0x00,0x00,0x00,0x00,0x00,0x00,0x00,0x00,0x00,0x00,0x00,0x00,0x00,0x00,0x00,
    0x00,0x00,0x00,0x00,0x00,0x12,0x12,0x12,0x05,0x02,0x02,0x02,0xCC,0x35,0x35,
    0x35,0xFF,0x5E,0x5E,0x5E,0xFF,0x5C,0x5C,0x5C,0xFF,0x37,0x37,0x37,0xFF,0x2A,
    0x2A,0x2A,0xFF,0x2A,0x2A,0x2A,0xFF,0x2A,0x2A,0x2A,0xFF,0x2A,0x2A,0x2A,0xFF,
    0x2A,0x2A,0x2A,0xFF,0x2C,0x2C,0x2C,0xFF,0x2C,0x2C,0x2C,0xFF,0x8B,0x8B,0x8B,
    0xFF,0xF4,0xF4,0xF4,0xFF,0xFF,0xFF,0xFF,0xFF,0xFF,0xFF,0xFF,0xFF,0xFE,0xFE,
    0xFE,0xFF,0xB8,0xD0,0xE9,0xFF,0x7C,0xB3,0xE1,0xFF,0x7C,0xB3,0xE1,0xFF,0x7C,
    0xB3,0xE1,0xFF,0x7C,0xB3,0xE1,0xFF,0x7C,0xB3,0xE1,0xFF,0xBE,0xD4,0xEA,0xFF,
    0xBC,0xD2,0xEA,0xFF,0x7C,0xB3,0xE1,0xFF,0x7C,0xB3,0xE1,0xFF,0x7C,0xB3,0xE1,
    0xFF,0x7C,0xB3,0xE1,0xFF,0x7C,0xB3,0xE1,0xFF,0xB9,0xD1,0xE9,0xFF,0xFE,0xFE,
    0xFE,0xFF,0xFF,0xFF,0xFF,0xFF,0xFF,0xFF,0xFF,0xFF,0xF4,0xF4,0xF4,0xFF,0x8C,
    0x8C,0x8C,0xFF,0x2D,0x2D,0x2D,0xFF,0x2C,0x2C,0x2C,0xFF,0x2A,0x2A,0x2A,0xFF,
    0x2A,0x2A,0x2A,0xFF,0x2A,0x2A,0x2A,0xFF,0x2A,0x2A,0x2A,0xFF,0x2A,0x2A,0x2A,
    0xFF,0x37,0x37,0x37,0xFF,0x5C,0x5C,0x5C,0xFF,0x5E,0x5E,0x5E,0xFF,0x35,0x35,
    0x35,0xFF,0x02,0x02,0x02,0xCF,0x15,0x15,0x15,0x05,0x00,0x00,0x00,0x00,0x00,
    0x00,0x00,0x00,0x00,0x00,0x00,0x00,0x00,0x00,0x00,0x00,0x00,0x00,0x00,0x00,
    0x00,0x00,0x00,0x00,0x00,0x00,0x00,0x00,0x00,0x00,0x00,0x00,0x00,0x00,0x00,
    0x00,0x00,0x00,0x00,0x00,0x00,0x00,0x00,0x00,0x00,0x00,0x00,0x00,0x00,0x00,
    0x00,0x00,0x00,0x00,0x00,0x00,0x00,0x00,0x00,0x00,0x00,0x00,0x00,0x00,0x00,
    0x00,0x00,0x00,0x00,0x00,0x00,0x00,0x00,0x00,0x00,0x00,0x00,0x00,0x00,0x00,
    0x00,0x00,0x00,0x00,0x00,0x00,0x00,0x00,0x00,0x00,0x00,0x00,0x00,0x00,0x00,
    0x00,0x00,0x00,0x00,0x00,0x00,0x00,0x00,0x00,0x00,0x00,0x00,0x00,0x00,0x00,
    0x00,0x00,0x00,0x00,0x00,0x00,0x00,0x00,0x00,0x00,0x00,0x00,0x00,0x00,0x00,
    0x00,0x00,0x00,0x00,0x00,0x00,0x00,0x00,0x00,0x00,0x00,0x00,0x00,0x00,0x00,
    0x00,0x00,0x00,0x00,0x00,0x00,0x00,0x00,0x00,0x00,0x00,0x00,0x00,0x00,0x00,
    0x00,0x00,0x00,0x00,0x00,0x00,0x00,0x00,0x00,0x00,0x00,0x00,0x00,0x00,0x00,
    0x00,0x00,0x00,0x00,0x00,0x00,0x00,0x00,0x00,0x00,0x00,0x00,0x00,0x00,0x00,
    0x00,0x00,0x00,0x00,0x00,0x00,0x00,0x00,0x00,0x00,0x00,0x00,0x00,0x00,0x00,
    0x00,0x00,0x00,0x00,0x00,0x00,0x00,0x00,0x00,0x00,0x00,0x00,0x00,0x00,0x00,
    0x00,0x00,0x00,0x00,0x00,0x00,0x00,0x00,0x00,0x00,0x00,0x00,0x00,0x00,0x00,
    0x00,0x00,0x00,0x00,0x00,0x00,0x00,0x00,0x00,0x00,0x00,0x00,0x00,0x00,0x00,
    0x00,0x00,0x00,0x00,0x00,0x00,0x00,0x00,0x00,0x00,0x00,0x00,0x00,0x00,0x00,
    0x00,0x00,0x00,0x00,0x00,0x00,0x00,0x00,0x00,0x00,0x00,0x00,0x00,0x00,0x00,
    0x00,0x00,0x00,0x00,0x00,0x00,0x00,0x00,0x00,0x00,0x00,0x00,0x00,0x00,0x00,
    0x00,0x00,0x00,0x00,0x00,0x00,0x00,0x00,0x00,0x00,0x00,0x00,0x00,0x00,0x00,
    0x00,0x00,0x00,0x00,0x00,0x00,0x00,0x08,0x08,0x08,0x72,0x1B,0x1B,0x1B,0xFE,
    0x58,0x58,0x58,0xFF,0x5E,0x5E,0x5E,0xFF,0x45,0x45,0x45,0xFF,0x2A,0x2A,0x2A,
    0xFF,0x2A,0x2A,0x2A,0xFF,0x2A,0x2A,0x2A,0xFF,0x2A,0x2A,0x2A,0xFF,0x2A,0x2A,
    0x2A,0xFF,0x2C,0x2C,0x2C,0xFF,0x2D,0x2D,0x2D,0xFF,0x89,0x89,0x89,0xFF,0xF3,
    0xF3,0xF3,0xFF,0xFF,0xFF,0xFF,0xFF,0xFF,0xFF,0xFF,0xFF,0xFF,0xFF,0xFF,0xFF,
    0xF4,0xF7,0xFA,0xFF,0x89,0xB8,0xE2,0xFF,0x7C,0xB3,0xE1,0xFF,0x7C,0xB3,0xE1,
    0xFF,0x7C,0xB3,0xE1,0xFF,0x7C,0xB3,0xE1,0xFF,0x7D,0xB3,0xE1,0xFF,0xCE,0xDE,
    0xEF,0xFF,0xCC,0xDC,0xEE,0xFF,0x7C,0xB3,0xE1,0xFF,0x7C,0xB3,0xE1,0xFF,0x7C,
    0xB3,0xE1,0xFF,0x7C,0xB3,0xE1,0xFF,0x7C,0xB3,0xE1,0xFF,0x8A,0xB9,0xE2,0xFF,
    0xF5,0xF7,0xFA,0xFF,0xFF,0xFF,0xFF,0xFF,0xFF,0xFF,0xFF,0xFF,0xFF,0xFF,0xFF,
    0xFF,0xF4,0xF4,0xF4,0xFF,0x8B,0x8B,0x8B,0xFF,0x2D,0x2D,0x2D,0xFF,0x2C,0x2C,
    0x2C,0xFF,0x2A,0x2A,0x2A,0xFF,0x2A,0x2A,0x2A,0xFF,0x2A,0x2A,0x2A,0xFF,0x2A,
    0x2A,0x2A,0xFF,0x2A,0x2A,0x2A,0xFF,0x45,0x45,0x45,0xFF,0x5E,0x5E,0x5E,0xFF,
    0x58,0x58,0x58,0xFF,0x1A,0x1A,0x1A,0xFE,0x0A,0x0A,0x0A,0x73,0x00,0x00,0x00,
    0x00,0x00,0x00,0x00,0x00,0x00,0x00,0x00,0x00,0x00,0x00,0x00,0x00,0x00,0x00,
    0x00,0x00,0x00,0x00,0x00,0x00,0x00,0x00,0x00,0x00,0x00,0x00,0x00,0x00,0x00,
    0x00,0x00,0x00,0x00,0x00,0x00,0x00,0x00,0x00,0x00,0x00,0x00,0x00,0x00,0x00,
    0x00,0x00,0x00,0x00,0x00,0x00,0x00,0x00,0x00,0x00,0x00,0x00,0x00,0x00,0x00,
    0x00,0x00,0x00,0x00,0x00,0x00,0x00,0x00,0x00,0x00,0x00,0x00,0x00,0x00,0x00,
    0x00,0x00,0x00,0x00,0x00,0x00,0x00,0x00,0x00,0x00,0x00,0x00,0x00,0x00,0x00,
    0x00,0x00,0x00,0x00,0x00,0x00,0x00,0x00,0x00,0x00,0x00,0x00,0x00,0x00,0x00,
    0x00,0x00,0x00,0x00,0x00,0x00,0x00,0x00,0x00,0x00,0x00,0x00,0x00,0x00,0x00,
    0x00,0x00,0x00,0x00,0x00,0x00,0x00,0x00,0x00,0x00,0x00,0x00,0x00,0x00,0x00,
    0x00,0x00,0x00,0x00,0x00,0x00,0x00,0x00,0x00,0x00,0x00,0x00,0x00,0x00,0x00,
    0x00,0x00,0x00,0x00,0x00,0x00,0x00,0x00,0x00,0x00,0x00,0x00,0x00,0x00,0x00,
    0x00,0x00,0x00,0x00,0x00,0x00,0x00,0x00,0x00,0x00,0x00,0x00,0x00,0x00,0x00,
    0x00,0x00,0x00,0x00,0x00,0x00,0x00,0x00,0x00,0x00,0x00,0x00,0x00,0x00,0x00,
    0x00,0x00,0x00,0x00,0x00,0x00,0x00,0x00,0x00,0x00,0x00,0x00,0x00,0x00,0x00,
    0x00,0x00,0x00,0x00,0x00,0x00,0x00,0x00,0x00,0x00,0x00,0x00,0x00,0x00,0x00,
    0x00,0x00,0x00,0x00,0x00,0x00,0x00,0x00,0x00,0x00,0x00,0x00,0x00,0x00,0x00,
    0x00,0x00,0x00,0x00,0x00,0x00,0x00,0x00,0x00,0x00,0x00,0x00,0x00,0x00,0x00,
    0x00,0x00,0x00,0x00,0x00,0x00,0x00,0x00,0x00,0x00,0x00,0x00,0x00,0x00,0x00,
    0x00,0x00,0x00,0x00,0x00,0x00,0x00,0x00,0x00,0x00,0x00,0x00,0x00,0x00,0x00,
    0x00,0x00,0x00,0x00,0x00,0x00,0x00,0x00,0x00,0x00,0x00,0x00,0x00,0x00,0x00,
    0x00,0x00,0x00,0x00,0x00,0x10,0x10,0x10,0x21,0x06,0x06,0x06,0xF4,0x49,0x49,
    0x49,0xFF,0x5F,0x5F,0x5F,0xFF,0x53,0x53,0x53,0xFF,0x2C,0x2C,0x2C,0xFF,0x2A,
    0x2A,0x2A,0xFF,0x2A,0x2A,0x2A,0xFF,0x2A,0x2A,0x2A,0xFF,0x2A,0x2A,0x2A,0xFF,
    0x2A,0x2A,0x2A,0xFF,0x2F,0x2F,0x2F,0xFF,0x8B,0x8B,0x8B,0xFF,0xF3,0xF3,0xF3,
    0xFF,0xFF,0xFF,0xFF,0xFF,0xFF,0xFF,0xFF,0xFF,0xFF,0xFF,0xFF,0xFF,0xFF,0xFF,
    0xFF,0xFF,0xD3,0xE1,0xF0,0xFF,0x7E,0xB4,0xE1,0xFF,0x7C,0xB3,0xE1,0xFF,0x7C,
    0xB3,0xE1,0xFF,0x7C,0xB3,0xE1,0xFF,0x7C,0xB3,0xE1,0xFF,0x7F,0xB4,0xE1,0xFF,
    0xDA,0xE5,0xF1,0xFF,0xD7,0xE3,0xF0,0xFF,0x7E,0xB4,0xE1,0xFF,0x7C,0xB3,0xE1,
    0xFF,0x7C,0xB3,0xE1,0xFF,0x7C,0xB3,0xE1,0xFF,0x7C,0xB3,0xE1,0xFF,0x7E,0xB4,
    0xE1,0xFF,0xD5,0xE2,0xF0,0xFF,0xFF,0xFF,0xFF,0xFF,0xFF,0xFF,0xFF,0xFF,0xFF,
    0xFF,0xFF,0xFF,0xFF,0xFF,0xFF,0xFF,0xF4,0xF4,0xF4,0xFF,0x8D,0x8D,0x8D,0xFF,
    0x2F,0x2F,0x2F,0xFF,0x2A,0x2A,0x2A,0xFF,0x2A,0x2A,0x2A,0xFF,0x2A,0x2A,0x2A,
    0xFF,0x2A,0x2A,0x2A,0xFF,0x2A,0x2A,0x2A,0xFF,0x2C,0x2C,0x2C,0xFF,0x53,0x53,
    0x53,0xFF,0x5F,0x5F,0x5F,0xFF,0x49,0x49,0x49,0xFF,0x06,0x06,0x06,0xF5,0x12,
    0x12,0x12,0x22,0x00,0x00,0x00,0x00,0x00,0x00,0x00,0x00,0x00,0x00,0x00,0x00,
    0x00,0x00,0x00,0x00,0x00,0x00,0x00,0x00,0x00,0x00,0x00,0x00,0x00,0x00,0x00,
    0x00,0x00,0x00,0x00,0x00,0x00,0x00,0x00,0x00,0x00,0x00,0x00,0x00,0x00,0x00,
    0x00,0x00,0x00,0x00,0x00,0x00,0x00,0x00,0x00,0x00,0x00,0x00,0x00,0x00,0x00,
    0x00,0x00,0x00,0x00,0x00,0x00,0x00,0x00,0x00,0x00,0x00,0x00,0x00,0x00,0x00,
    0x00,0x00,0x00,0x00,0x00,0x00,0x00,0x00,0x00,0x00,0x00,0x00,0x00,0x00,0x00,
    0x00,0x00,0x00,0x00,0x00,0x00,0x00,0x00,0x00,0x00,0x00,0x00,0x00,0x00,0x00,
    0x00,0x00,0x00,0x00,0x00,0x00,0x00,0x00,0x00,0x00,0x00,0x00,0x00,0x00,0x00,
    0x00,0x00,0x00,0x00,0x00,0x00,0x00,0x00,0x00,0x00,0x00,0x00,0x00,0x00,0x00,
    0x00,0x00,0x00,0x00,0x00,0x00,0x00,0x00,0x00,0x00,0x00,0x00,0x00,0x00,0x00,
    0x00,0x00,0x00,0x00,0x00,0x00,0x00,0x00,0x00,0x00,0x00,0x00,0x00,0x00,0x00,
    0x00,0x00,0x00,0x00,0x00,0x00,0x00,0x00,0x00,0x00,0x00,0x00,0x00,0x00,0x00,
    0x00,0x00,0x00,0x00,0x00,0x00,0x00,0x00,0x00,0x00,0x00,0x00,0x00,0x00,0x00,
    0x00,0x00,0x00,0x00,0x00,0x00,0x00,0x00,0x00,0x00,0x00,0x00,0x00,0x00,0x00,
    0x00,0x00,0x00,0x00,0x00,0x00,0x00,0x00,0x00,0x00,0x00,0x00,0x00,0x00,0x00,
    0x00,0x00,0x00,0x00,0x00,0x00,0x00,0x00,0x00,0x00,0x00,0x00,0x00,0x00,0x00,
    0x00,0x00,0x00,0x00,0x00,0x00,0x00,0x00,0x00,0x00,0x00,0x00,0x00,0x00,0x00,
    0x00,0x00,0x00,0x00,0x00,0x00,0x00,0x00,0x00,0x00,0x00,0x00,0x00,0x00,0x00,
    0x00,0x00,0x00,0x00,0x00,0x00,0x00,0x00,0x00,0x00,0x00,0x00,0x00,0x00,0x00,
    0x00,0x00,0x00,0x00,0x00,0x00,0x00,0x00,0x00,0x00,0x00,0x00,0x00,0x00,0x00,
    0x00,0x00,0x00,0x16,0x16,0x16,0x03,0x05,0x05,0x05,0xC4,0x31,0x31,0x31,0xFF,
    0x5D,0x5D,0x5D,0xFF,0x5B,0x5B,0x5B,0xFF,0x35,0x35,0x35,0xFF,0x2A,0x2A,0x2A,
    0xFF,0x2A,0x2A,0x2A,0xFF,0x2A,0x2A,0x2A,0xFF,0x2A,0x2A,0x2A,0xFF,0x2A,0x2A,
    0x2A,0xFF,0x31,0x31,0x31,0xFF,0x92,0x92,0x92,0xFF,0xF4,0xF4,0xF4,0xFF,0xFF,
    0xFF,0xFF,0xFF,0xFF,0xFF,0xFF,0xFF,0xFF,0xFF,0xFF,0xFF,0xFF,0xFF,0xFF,0xFF,
    0xFD,0xFD,0xFE,0xFF,0xA8,0xC7,0xE6,0xFF,0x7C,0xB3,0xE1,0xFF,0x7C,0xB3,0xE1,
    0xFF,0x7C,0xB3,0xE1,0xFF,0x7C,0xB3,0xE1,0xFF,0x7C,0xB3,0xE1,0xFF,0x81,0xB5,
    0xE1,0xFF,0xE5,0xEC,0xF4,0xFF,0xE3,0xEA,0xF3,0xFF,0x80,0xB5,0xE1,0xFF,0x7C,
    0xB3,0xE1,0xFF,0x7C,0xB3,0xE1,0xFF,0x7C,0xB3,0xE1,0xFF,0x7C,0xB3,0xE1,0xFF,
    0x7C,0xB3,0xE1,0xFF,0xAA,0xC8,0xE6,0xFF,0xFD,0xFD,0xFE,0xFF,0xFF,0xFF,0xFF,
    0xFF,0xFF,0xFF,0xFF,0xFF,0xFF,0xFF,0xFF,0xFF,0xFF,0xFF,0xFF,0xFF,0xF5,0xF5,
    0xF5,0xFF,0x94,0x94,0x94,0xFF,0x31,0x31,0x31,0xFF,0x2A,0x2A,0x2A,0xFF,0x2A,
    0x2A,0x2A,0xFF,0x2A,0x2A,0x2A,0xFF,0x2A,0x2A,0x2A,0xFF,0x2A,0x2A,0x2A,0xFF,
    0x35,0x35,0x35,0xFF,0x5B,0x5B,0x5B,0xFF,0x5D,0x5D,0x5D,0xFF,0x31,0x31,0x31,
    0xFF,0x06,0x06,0x06,0xC5,0x19,0x19,0x19,0x04,0x00,0x00,0x00,0x00,0x00,0x00,
    0x00,0x00,0x00,0x00,0x00,0x00,0x00,0x00,0x00,0x00,0x00,0x00,0x00,0x00,0x00,
    0x00,0x00,0x00,0x00,0x00,0x00,0x00,0x00,0x00,0x00,0x00,0x00,0x00,0x00,0x00,
    0x00,0x00,0x00,0x00,0x00,0x00,0x00,0x00,0x00,0x00,0x00,0x00,0x00,0x00,0x00,
    0x00,0x00,0x00,0x00,0x00,0x00,0x00,0x00,0x00,0x00,0x00,0x00,0x00,0x00,0x00,
    0x00,0x00,0x00,0x00,0x00,0x00,0x00,0x00,0x00,0x00,0x00,0x00,0x00,0x00,0x00,
    0x00,0x00,0x00,0x00,0x00,0x00,0x00,0x00,0x00,0x00,0x00,0x00,0x00,0x00,0x00,
    0x00,0x00,0x00,0x00,0x00,0x00,0x00,0x00,0x00,0x00,0x00,0x00,0x00,0x00,0x00,
    0x00,0x00,0x00,0x00,0x00,0x00,0x00,0x00,0x00,0x00,0x00,0x00,0x00,0x00,0x00,
    0x00,0x00,0x00,0x00,0x00,0x00,0x00,0x00,0x00,0x00,0x00,0x00,0x00,0x00,0x00,
    0x00,0x00,0x00,0x00,0x00,0x00,0x00,0x00,0x00,0x00,0x00,0x00,0x00,0x00,0x00,
    0x00,0x00,0x00,0x00,0x00,0x00,0x00,0x00,0x00,0x00,0x00,0x00,0x00,0x00,0x00,
    0x00,0x00,0x00,0x00,0x00,0x00,0x00,0x00,0x00,0x00,0x00,0x00,0x00,0x00,0x00,
    0x00,0x00,0x00,0x00,0x00,0x00,0x00,0x00,0x00,0x00,0x00,0x00,0x00,0x00,0x00,
    0x00,0x00,0x00,0x00,0x00,0x00,0x00,0x00,0x00,0x00,0x00,0x00,0x00,0x00,0x00,
    0x00,0x00,0x00,0x00,0x00,0x00,0x00,0x00,0x00,0x00,0x00,0x00,0x00,0x00,0x00,
    0x00,0x00,0x00,0x00,0x00,0x00,0x00,0x00,0x00,0x00,0x00,0x00,0x00,0x00,0x00,
    0x00,0x00,0x00,0x00,0x00,0x00,0x00,0x00,0x00,0x00,0x00,0x00,0x00,0x00,0x00,
    0x00,0x00,0x00,0x00,0x00,0x00,0x00,0x00,0x00,0x00,0x00,0x00,0x00,0x00,0x00,
    0x00,0x00,0x00,0x00,0x00,0x00,0x00,0x00,0x00,0x00,0x00,0x00,0x00,0x00,0x00,
    0x00,0x00,0x00,0x00,0x00,0x07,0x07,0x07,0x5E,0x16,0x16,0x16,0xFD,0x56,0x56,
    0x56,0xFF,0x5E,0x5E,0x5E,0xFF,0x43,0x43,0x43,0xFF,0x2A,0x2A,0x2A,0xFF,0x2A,
    0x2A,0x2A,0xFF,0x2A,0x2A,0x2A,0xFF,0x2A,0x2A,0x2A,0xFF,0x2A,0x2A,0x2A,0xFF,
    0x32,0x32,0x32,0xFF,0x9D,0x9D,0x9D,0xFF,0xF7,0xF7,0xF7,0xFF,0xFF,0xFF,0xFF,
    0xFF,0xFF,0xFF,0xFF,0xFF,0xFF,0xFF,0xFF,0xFF,0xFF,0xFF,0xFF,0xFF,0xFF,0xFF,
    0xFF,0xFF,0xEF,0xF3,0xF8,0xFF,0x84,0xB6,0xE1,0xFF,0x7C,0xB3,0xE1,0xFF,0x7C,
    0xB3,0xE1,0xFF,0x7C,0xB3,0xE1,0xFF,0x7C,0xB3,0xE1,0xFF,0x7C,0xB3,0xE1,0xFF,
    0x83,0xB6,0xE2,0xFF,0xE4,0xE8,0xEC,0xFF,0xE2,0xE7,0xEC,0xFF,0x82,0xB5,0xE2,
    0xFF,0x7C,0xB3,0xE1,0xFF,0x7C,0xB3,0xE1,0xFF,0x7C,0xB3,0xE1,0xFF,0x7C,0xB3,
    0xE1,0xFF,0x7C,0xB3,0xE1,0xFF,0x85,0xB6,0xE1,0xFF,0xF0,0xF4,0xF9,0xFF,0xFF,
    0xFF,0xFF,0xFF,0xFF,0xFF,0xFF,0xFF,0xFF,0xFF,0xFF,0xFF,0xFF,0xFF,0xFF,0xFF,
    0xFF,0xFF,0xFF,0xFF,0xF7,0xF7,0xF7,0xFF,0x9E,0x9E,0x9E,0xFF,0x33,0x33,0x33,
    0xFF,0x2A,0x2A,0x2A,0xFF,0x2A,0x2A,0x2A,0xFF,0x2A,0x2A,0x2A,0xFF,0x2A,0x2A,
    0x2A,0xFF,0x2A,0x2A,0x2A,0xFF,0x43,0x43,0x43,0xFF,0x5E,0x5E,0x5E,0xFF,0x56,
    0x56,0x56,0xFF,0x16,0x16,0x16,0xFD,0x09,0x09,0x09,0x60,0x00,0x00,0x00,0x00,
    0x00,0x00,0x00,0x00,0x00,0x00,0x00,0x00,0x00,0x00,0x00,0x00,0x00,0x00,0x00,
    0x00,0x00,0x00,0x00,0x00,0x00,0x00,0x00,0x00,0x00,0x00,0x00,0x00,0x00,0x00,
    0x00,0x00,0x00,0x00,0x00,0x00,0x00,0x00,0x00,0x00,0x00,0x00,0x00,0x00,0x00,
    0x00,0x00,0x00,0x00,0x00,0x00,0x00,0x00,0x00,0x00,0x00,0x00,0x00,0x00,0x00,
    0x00,0x00,0x00,0x00,0x00,0x00,0x00,0x00,0x00,0x00,0x00,0x00,0x00,0x00,0x00,
    0x00,0x00,0x00,0x00,0x00,0x00,0x00,0x00,0x00,0x00,0x00,0x00,0x00,0x00,0x00,
    0x00,0x00,0x00,0x00,0x00,0x00,0x00,0x00,0x00,0x00,0x00,0x00,0x00,0x00,0x00,
    0x00,0x00,0x00,0x00,0x00,0x00,0x00,0x00,0x00,0x00,0x00,0x00,0x00,0x00,0x00,
    0x00,0x00,0x00,0x00,0x00,0x00,0x00,0x00,0x00,0x00,0x00,0x00,0x00,0x00,0x00,
    0x00,0x00,0x00,0x00,0x00,0x00,0x00,0x00,0x00,0x00,0x00,0x00,0x00,0x00,0x00,
    0x00,0x00,0x00,0x00,0x00,0x00,0x00,0x00,0x00,0x00,0x00,0x00,0x00,0x00,0x00,
    0x00,0x00,0x00,0x00,0x00,0x00,0x00,0x00,0x00,0x00,0x00,0x00,0x00,0x00,0x00,
    0x00,0x00,0x00,0x00,0x00,0x00,0x00,0x00,0x00,0x00,0x00,0x00,0x00,0x00,0x00,
    0x00,0x00,0x00,0x00,0x00,0x00,0x00,0x00,0x00,0x00,0x00,0x00,0x00,0x00,0x00,
    0x00,0x00,0x00,0x00,0x00,0x00,0x00,0x00,0x00,0x00,0x00,0x00,0x00,0x00,0x00,
    0x00,0x00,0x00,0x00,0x00,0x00,0x00,0x00,0x00,0x00,0x00,0x00,0x00,0x00,0x00,
    0x00,0x00,0x00,0x00,0x00,0x00,0x00,0x00,0x00,0x00,0x00,0x00,0x00,0x00,0x00,
    0x00,0x00,0x00,0x00,0x00,0x00,0x00,0x00,0x00,0x00,0x00,0x00,0x00,0x00,0x00,
    0x00,0x00,0x00,0x00,0x00,0x00,0x00,0x00,0x00,0x00,0x00,0x00,0x00,0x00,0x00,
    0x00,0x00,0x00,0x04,0x04,0x04,0x13,0x05,0x05,0x05,0xEE,0x46,0x46,0x46,0xFF,
    0x5F,0x5F,0x5F,0xFF,0x51,0x51,0x51,0xFF,0x2C,0x2C,0x2C,0xFF,0x2A,0x2A,0x2A,
    0xFF,0x2A,0x2A,0x2A,0xFF,0x2A,0x2A,0x2A,0xFF,0x2A,0x2A,0x2A,0xFF,0x32,0x32,
    0x32,0xFF,0xA2,0xA2,0xA2,0xFF,0xF9,0xF9,0xF9,0xFF,0xFF,0xFF,0xFF,0xFF,0xFF,
    0xFF,0xFF,0xFF,0xFF,0xFF,0xFF,0xFF,0xFF,0xFF,0xFF,0xFF,0xFF,0xFF,0xFF,0xFF,
    0xFF,0xFF,0xFF,0xFF,0xD0,0xDF,0xEF,0xFF,0x7D,0xB3,0xE1,0xFF,0x7C,0xB3,0xE1,
    0xFF,0x7C,0xB3,0xE1,0xFF,0x7C,0xB3,0xE1,0xFF,0x7C,0xB3,0xE1,0xFF,0x7C,0xB3,
    0xE1,0xFF,0x7B,0xB3,0xD9,0xFF,0xCA,0xCC,0xCD,0xFF,0xC8,0xCA,0xCC,0xFF,0x79,
    0xB3,0xDA,0xFF,0x7C,0xB3,0xE1,0xFF,0x7C,0xB3,0xE1,0xFF,0x7C,0xB3,0xE1,0xFF,
    0x7C,0xB3,0xE1,0xFF,0x7C,0xB3,0xE1,0xFF,0x7D,0xB3,0xE1,0xFF,0xD1,0xDF,0xEF,
    0xFF,0xFF,0xFF,0xFF,0xFF,0xFF,0xFF,0xFF,0xFF,0xFF,0xFF,0xFF,0xFF,0xFF,0xFF,
    0xFF,0xFF,0xFF,0xFF,0xFF,0xFF,0xFF,0xFF,0xFF,0xFF,0xFA,0xFA,0xFA,0xFF,0xA3,
    0xA3,0xA3,0xFF,0x33,0x33,0x33,0xFF,0x2A,0x2A,0x2A,0xFF,0x2A,0x2A,0x2A,0xFF,
    0x2A,0x2A,0x2A,0xFF,0x2A,0x2A,0x2A,0xFF,0x2C,0x2C,0x2C,0xFF,0x51,0x51,0x51,
    0xFF,0x5F,0x5F,0x5F,0xFF,0x46,0x46,0x46,0xFF,0x05,0x05,0x05,0xEE,0x07,0x07,
    0x07,0x14,0x00,0x00,0x00,0x00,0x00,0x00,0x00,0x00,0x00,0x00,0x00,0x00,0x00,
    0x00,0x00,0x00,0x00,0x00,0x00,0x00,0x00,0x00,0x00,0x00,0x00,0x00,0x00,0x00,
    0x00,0x00,0x00,0x00,0x00,0x00,0x00,0x00,0x00,0x00,0x00,0x00,0x00,0x00,0x00,
    0x00,0x00,0x00,0x00,0x00,0x00,0x00,0x00,0x00,0x00,0x00,0x00,0x00,0x00,0x00,
    0x00,0x00,0x00,0x00,0x00,0x00,0x00,0x00,0x00,0x00,0x00,0x00,0x00,0x00,0x00,
    0x00,0x00,0x00,0x00,0x00,0x00,0x00,0x00,0x00,0x00,0x00,0x00,0x00,0x00,0x00,
    0x00,0x00,0x00,0x00,0x00,0x00,0x00,0x00,0x00,0x00,0x00,0x00,0x00,0x00,0x00,
    0x00,0x00,0x00,0x00,0x00,0x00,0x00,0x00,0x00,0x00,0x00,0x00,0x00,0x00,0x00,
    0x00,0x00,0x00,0x00,0x00,0x00,0x00,0x00,0x00,0x00,0x00,0x00,0x00,0x00,0x00,
    0x00,0x00,0x00,0x00,0x00,0x00,0x00,0x00,0x00,0x00,0x00,0x00,0x00,0x00,0x00,
    0x00,0x00,0x00,0x00,0x00,0x00,0x00,0x00,0x00,0x00,0x00,0x00,0x00,0x00,0x00,
    0x00,0x00,0x00,0x00,0x00,0x00,0x00,0x00,0x00,0x00,0x00,0x00,0x00,0x00,0x00,
    0x00,0x00,0x00,0x00,0x00,0x00,0x00,0x00,0x00,0x00,0x00,0x00,0x00,0x00,0x00,
    0x00,0x00,0x00,0x00,0x00,0x00,0x00,0x00,0x00,0x00,0x00,0x00,0x00,0x00,0x00,
    0x00,0x00,0x00,0x00,0x00,0x00,0x00,0x00,0x00,0x00,0x00,0x00,0x00,0x00,0x00,
    0x00,0x00,0x00,0x00,0x00,0x00,0x00,0x00,0x00,0x00,0x00,0x00,0x00,0x00,0x00,
    0x00,0x00,0x00,0x00,0x00,0x00,0x00,0x00,0x00,0x00,0x00,0x00,0x00,0x00,0x00,
    0x00,0x00,0x00,0x00,0x00,0x00,0x00,0x00,0x00,0x00,0x00,0x00,0x00,0x00,0x00,
    0x00,0x00,0x00,0x00,0x00,0x00,0x00,0x00,0x00,0x00,0x00,0x00,0x00,0x00,0x00,
    0x00,0x07,0x07,0x07,0x01,0x02,0x02,0x02,0xAC,0x2A,0x2A,0x2A,0xFF,0x5D,0x5D,
    0x5D,0xFF,0x5A,0x5A,0x5A,0xFF,0x33,0x33,0x33,0xFF,0x2A,0x2A,0x2A,0xFF,0x2A,
    0x2A,0x2A,0xFF,0x2A,0x2A,0x2A,0xFF,0x2A,0x2A,0x2A,0xFF,0x38,0x38,0x38,0xFF,
    0x98,0x98,0x98,0xFF,0xF2,0xF2,0xF2,0xFF,0xFF,0xFF,0xFF,0xFF,0xFF,0xFF,0xFF,
    0xFF,0xFF,0xFF,0xFF,0xFF,0xFF,0xFF,0xFF,0xFF,0xFF,0xFF,0xFF,0xFF,0xFF,0xFF,
    0xFF,0xFF,0xFD,0xFD,0xFE,0xFF,0xA9,0xC8,0xE6,0xFF,0x7C,0xB3,0xE1,0xFF,0x7C,
    0xB3,0xE1,0xFF,0x7C,0xB3,0xE1,0xFF,0x7C,0xB3,0xE1,0xFF,0x7C,0xB3,0xE1,0xFF,
    0x72,0xB4,0xDB,0xFF,0x5F,0xBE,0xCC,0xFF,0xC8,0xCA,0xCB,0xFF,0xC8,0xCA,0xCB,
    0xFF,0x59,0xBD,0xCC,0xFF,0x72,0xB5,0xDB,0xFF,0x7C,0xB3,0xE1,0xFF,0x7C,0xB3,
    0xE1,0xFF,0x7C,0xB3,0xE1,0xFF,0x7C,0xB3,0xE1,0xFF,0x7C,0xB3,0xE1,0xFF,0xAB,
    0xC9,0xE6,0xFF,0xFD,0xFD,0xFE,0xFF,0xFF,0xFF,0xFF,0xFF,0xFF,0xFF,0xFF,0xFF,
    0xFF,0xFF,0xFF,0xFF,0xFF,0xFF,0xFF,0xFF,0xFF,0xFF,0xFF,0xFF,0xFF,0xFF,0xFF,
    0xFF,0xF2,0xF2,0xF2,0xFF,0x9A,0x9A,0x9A,0xFF,0x39,0x39,0x39,0xFF,0x2A,0x2A,
    0x2A,0xFF,0x2A,0x2A,0x2A,0xFF,0x2A,0x2A,0x2A,0xFF,0x2A,0x2A,0x2A,0xFF,0x33,
    0x33,0x33,0xFF,0x5A,0x5A,0x5A,0xFF,0x5C,0x5C,0x5C,0xFF,0x2A,0x2A,0x2A,0xFF,
    0x02,0x02,0x02,0xAD,0x0A,0x0A,0x0A,0x01,0x00,0x00,0x00,0x00,0x00,0x00,0x00,
    0x00,0x00,0x00,0x00,0x00,0x00,0x00,0x00,0x00,0x00,0x00,0x00,0x00,0x00,0x00,
    0x00,0x00,0x00,0x00,0x00,0x00,0x00,0x00,0x00,0x00,0x00,0x00,0x00,0x00,0x00,
    0x00,0x00,0x00,0x00,0x00,0x00,0x00,0x00,0x00,0x00,0x00,0x00,0x00,0x00,0x00,
    0x00,0x00,0x00,0x00,0x00,0x00,0x00,0x00,0x00,0x00,0x00,0x00,0x00,0x00,0x00,
    0x00,0x00,0x00,0x00,0x00,0x00,0x00,0x00,0x00,0x00,0x00,0x00,0x00,0x00,0x00,
    0x00,0x00,0x00,0x00,0x00,0x00,0x00,0x00,0x00,0x00,0x00,0x00,0x00,0x00,0x00,
    0x00,0x00,0x00,0x00,0x00,0x00,0x00,0x00,0x00,0x00,0x00,0x00,0x00,0x00,0x00,
    0x00,0x00,0x00,0x00,0x00,0x00,0x00,0x00,0x00,0x00,0x00,0x00,0x00,0x00,0x00,
    0x00,0x00,0x00,0x00,0x00,0x00,0x00,0x00,0x00,0x00,0x00,0x00,0x00,0x00,0x00,
    0x00,0x00,0x00,0x00,0x00,0x00,0x00,0x00,0x00,0x00,0x00,0x00,0x00,0x00,0x00,
    0x00,0x00,0x00,0x00,0x00,0x00,0x00,0x00,0x00,0x00,0x00,0x00,0x00,0x00,0x00,
    0x00,0x00,0x00,0x00,0x00,0x00,0x00,0x00,0x00,0x00,0x00,0x00,0x00,0x00,0x00,
    0x00,0x00,0x00,0x00,0x00,0x00,0x00,0x00,0x00,0x00,0x00,0x00,0x00,0x00,0x00,
    0x00,0x00,0x00,0x00,0x00,0x00,0x00,0x00,0x00,0x00,0x00,0x00,0x00,0x00,0x00,
    0x00,0x00,0x00,0x00,0x00,0x00,0x00,0x00,0x00,0x00,0x00,0x00,0x00,0x00,0x00,
    0x00,0x00,0x00,0x00,0x00,0x00,0x00,0x00,0x00,0x00,0x00,0x00,0x00,0x00,0x00,
    0x00,0x00,0x00,0x00,0x00,0x00,0x00,0x00,0x00,0x00,0x00,0x00,0x00,0x00,0x00,
    0x00,0x00,0x00,0x00,0x00,0x00,0x00,0x00,0x00,0x00,0x00,0x00,0x00,0x00,0x00,
    0x00,0x00,0x00,0x03,0x03,0x03,0x49,0x10,0x10,0x10,0xFC,0x53,0x53,0x53,0xFF,
    0x5E,0x5E,0x5E,0xFF,0x40,0x40,0x40,0xFF,0x2A,0x2A,0x2A,0xFF,0x2A,0x2A,0x2A,
    0xFF,0x2A,0x2A,0x2A,0xFF,0x2A,0x2A,0x2A,0xFF,0x45,0x45,0x45,0xFF,0xA5,0xA5,
    0xA5,0xFF,0xDB,0xDB,0xDB,0xFF,0xFE,0xFE,0xFE,0xFF,0xFF,0xFF,0xFF,0xFF,0xFF,
    0xFF,0xFF,0xFF,0xFF,0xFF,0xFF,0xFF,0xFF,0xFF,0xFF,0xFF,0xFF,0xFF,0xFF,0xFF,
    0xFF,0xFF,0xFF,0xFF,0xF3,0xF6,0xF9,0xFF,0x86,0xB7,0xE1,0xFF,0x7C,0xB3,0xE1,
    0xFF,0x7C,0xB3,0xE1,0xFF,0x7C,0xB3,0xE1,0xFF,0x7C,0xB3,0xE1,0xFF,0x70,0xB4,
    0xDA,0xFF,0x42,0xC1,0xD0,0xFF,0x64,0xC2,0xCB,0xFF,0xC8,0xCA,0xCB,0xFF,0xC8,
    0xCB,0xCB,0xFF,0x5F,0xC2,0xCC,0xFF,0x42,0xC1,0xD0,0xFF,0x6F,0xB5,0xDA,0xFF,
    0x7C,0xB3,0xE1,0xFF,0x7C,0xB3,0xE1,0xFF,0x7C,0xB3,0xE1,0xFF,0x7C,0xB3,0xE1,
    0xFF,0x87,0xB7,0xE1,0xFF,0xF4,0xF7,0xFA,0xFF,0xFF,0xFF,0xFF,0xFF,0xFF,0xFF,
    0xFF,0xFF,0xFF,0xFF,0xFF,0xFF,0xFF,0xFF,0xFF,0xFF,0xFF,0xFF,0xFF,0xFF,0xFF,
    0xFF,0xFF,0xFF,0xFE,0xFE,0xFE,0xFF,0xDB,0xDB,0xDB,0xFF,0xA6,0xA6,0xA6,0xFF,
    0x46,0x46,0x46,0xFF,0x2A,0x2A,0x2A,0xFF,0x2A,0x2A,0x2A,0xFF,0x2A,0x2A,0x2A,
    0xFF,0x2A,0x2A,0x2A,0xFF,0x41,0x41,0x41,0xFF,0x5E,0x5E,0x5E,0xFF,0x53,0x53,
    0x53,0xFF,0x0F,0x0F,0x0F,0xFC,0x04,0x04,0x04,0x4B,0x00,0x00,0x00,0x00,0x00,
    0x00,0x00,0x00,0x00,0x00,0x00,0x00,0x00,0x00,0x00,0x00,0x00,0x00,0x00,0x00,
    0x00,0x00,0x00,0x00,0x00,0x00,0x00,0x00,0x00,0x00,0x00,0x00,0x00,0x00,0x00,
    0x00,0x00,0x00,0x00,0x00,0x00,0x00,0x00,0x00,0x00,0x00,0x00,0x00,0x00,0x00,
    0x00,0x00,0x00,0x00,0x00,0x00,0x00,0x00,0x00,0x00,0x00,0x00,0x00,0x00,0x00,
    0x00,0x00,0x00,0x00,0x00,0x00,0x00,0x00,0x00,0x00,0x00,0x00,0x00,0x00,0x00,
    0x00,0x00,0x00,0x00,0x00,0x00,0x00,0x00,0x00,0x00,0x00,0x00,0x00,0x00,0x00,
    0x00,0x00,0x00,0x00,0x00,0x00,0x00,0x00,0x00,0x00,0x00,0x00,0x00,0x00,0x00,
    0x00,0x00,0x00,0x00,0x00,0x00,0x00,0x00,0x00,0x00,0x00,0x00,0x00,0x00,0x00,
    0x00,0x00,0x00,0x00,0x00,0x00,0x00,0x00,0x00,0x00,0x00,0x00,0x00,0x00,0x00,
    0x00,0x00,0x00,0x00,0x00,0x00,0x00,0x00,0x00,0x00,0x00,0x00,0x00,0x00,0x00,
    0x00,0x00,0x00,0x00,0x00,0x00,0x00,0x00,0x00,0x00,0x00,0x00,0x00,0x00,0x00,
    0x00,0x00,0x00,0x00,0x00,0x00,0x00,0x00,0x00,0x00,0x00,0x00,0x00,0x00,0x00,
    0x00,0x00,0x00,0x00,0x00,0x00,0x00,0x00,0x00,0x00,0x00,0x00,0x00,0x00,0x00,
    0x00,0x00,0x00,0x00,0x00,0x00,0x00,0x00,0x00,0x00,0x00,0x00,0x00,0x00,0x00,
    0x00,0x00,0x00,0x00,0x00,0x00,0x00,0x00,0x00,0x00,0x00,0x00,0x00,0x00,0x00,
    0x00,0x00,0x00,0x00,0x00,0x00,0x00,0x00,0x00,0x00,0x00,0x00,0x00,0x00,0x00,
    0x00,0x00,0x00,0x00,0x00,0x00,0x00,0x00,0x00,0x00,0x00,0x00,0x00,0x00,0x00,
    0x00,0x00,0x00,0x00,0x00,0x00,0x00,0x00,0x00,0x00,0x00,0x00,0x00,0x00,0x00,
    0x00,0x12,0x12,0x12,0x0F,0x04,0x04,0x04,0xE9,0x40,0x40,0x40,0xFF,0x5E,0x5E,
    0x5E,0xFF,0x4E,0x4E,0x4E,0xFF,0x2C,0x2C,0x2C,0xFF,0x2A,0x2A,0x2A,0xFF,0x2A,
    0x2A,0x2A,0xFF,0x2B,0x2B,0x2B,0xFF,0x59,0x59,0x59,0xFF,0xB2,0xB2,0xB2,0xFF,
    0xCC,0xCC,0xCC,0xFF,0xF3,0xF3,0xF3,0xFF,0xFF,0xFF,0xFF,0xFF,0xFF,0xFF,0xFF,
    0xFF,0xFF,0xFF,0xFF,0xFF,0xFF,0xFF,0xFF,0xFF,0xFF,0xFF,0xFF,0xFF,0xFF,0xFF,
    0xFF,0xFF,0xFF,0xFF,0xFF,0xFF,0xD8,0xE4,0xF1,0xFF,0x7E,0xB4,0xE1,0xFF,0x7C,
    0xB3,0xE1,0xFF,0x7C,0xB3,0xE1,0xFF,0x7C,0xB3,0xE1,0xFF,0x6C,0xB6,0xD9,0xFF,
    0x3F,0xC2,0xD0,0xFF,0x35,0xC5,0xD0,0xFF,0x70,0xC3,0xCB,0xFF,0xC9,0xCB,0xCB,
    0xFF,0xC9,0xCB,0xCB,0xFF,0x6C,0xC3,0xCC,0xFF,0x35,0xC5,0xD0,0xFF,0x3F,0xC2,
    0xD0,0xFF,0x6C,0xB6,0xD9,0xFF,0x7C,0xB3,0xE1,0xFF,0x7C,0xB3,0xE1,0xFF,0x7C,
    0xB3,0xE1,0xFF,0x7F,0xB4,0xE1,0xFF,0xDA,0xE5,0xF2,0xFF,0xFF,0xFF,0xFF,0xFF,
    0xFF,0xFF,0xFF,0xFF,0xFF,0xFF,0xFF,0xFF,0xFF,0xFF,0xFF,0xFF,0xFF,0xFF,0xFF,
    0xFF,0xFF,0xFF,0xFF,0xFF,0xFF,0xFF,0xFF,0xFF,0xF3,0xF3,0xF3,0xFF,0xCC,0xCC,
    0xCC,0xFF,0xB3,0xB3,0xB3,0xFF,0x5B,0x5B,0x5B,0xFF,0x2B,0x2B,0x2B,0xFF,0x2A,
    0x2A,0x2A,0xFF,0x2A,0x2A,0x2A,0xFF,0x2C,0x2C,0x2C,0xFF,0x4F,0x4F,0x4F,0xFF,
    0x5E,0x5E,0x5E,0xFF,0x40,0x40,0x40,0xFF,0x05,0x05,0x05,0xE9,0x15,0x15,0x15,
    0x0F,0x00,0x00,0x00,0x00,0x00,0x00,0x00,0x00,0x00,0x00,0x00,0x00,0x00,0x00,
    0x00,0x00,0x00,0x00,0x00,0x00,0x00,0x00,0x00,0x00,0x00,0x00,0x00,0x00,0x00,
    0x00,0x00,0x00,0x00,0x00,0x00,0x00,0x00,0x00,0x00,0x00,0x00,0x00,0x00,0x00,
    0x00,0x00,0x00,0x00,0x00,0x00,0x00,0x00,0x00,0x00,0x00,0x00,0x00,0x00,0x00,
    0x00,0x00,0x00,0x00,0x00,0x00,0x00,0x00,0x00,0x00,0x00,0x00,0x00,0x00,0x00,
    0x00,0x00,0x00,0x00,0x00,0x00,0x00,0x00,0x00,0x00,0x00,0x00,0x00,0x00,0x00,
    0x00,0x00,0x00,0x00,0x00,0x00,0x00,0x00,0x00,0x00,0x00,0x00,0x00,0x00,0x00,
    0x00,0x00,0x00,0x00,0x00,0x00,0x00,0x00,0x00,0x00,0x00,0x00,0x00,0x00,0x00,
    0x00,0x00,0x00,0x00,0x00,0x00,0x00,0x00,0x00,0x00,0x00,0x00,0x00,0x00,0x00,
    0x00,0x00,0x00,0x00,0x00,0x00,0x00,0x00,0x00,0x00,0x00,0x00,0x00,0x00,0x00,
    0x00,0x00,0x00,0x00,0x00,0x00,0x00,0x00,0x00,0x00,0x00,0x00,0x00,0x00,0x00,
    0x00,0x00,0x00,0x00,0x00,0x00,0x00,0x00,0x00,0x00,0x00,0x00,0x00,0x00,0x00,
    0x00,0x00,0x00,0x00,0x00,0x00,0x00,0x00,0x00,0x00,0x00,0x00,0x00,0x00,0x00,
    0x00,0x00,0x00,0x00,0x00,0x00,0x00,0x00,0x00,0x00,0x00,0x00,0x00,0x00,0x00,
    0x00,0x00,0x00,0x00,0x00,0x00,0x00,0x00,0x00,0x00,0x00,0x00,0x00,0x00,0x00,
    0x00,0x00,0x00,0x00,0x00,0x00,0x00,0x00,0x00,0x00,0x00,0x00,0x00,0x00,0x00,
    0x00,0x00,0x00,0x00,0x00,0x00,0x00,0x00,0x00,0x00,0x00,0x00,0x00,0x00,0x00,
    0x00,0x00,0x00,0x00,0x00,0x00,0x00,0x00,0x00,0x00,0x00,0x00,0x00,0x00,0x1F,
    0x1F,0x1F,0x01,0x06,0x06,0x06,0x9E,0x26,0x26,0x26,0xFF,0x5B,0x5B,0x5B,0xFF,
    0x58,0x58,0x58,0xFF,0x31,0x31,0x31,0xFF,0x2A,0x2A,0x2A,0xFF,0x2A,0x2A,0x2A,
    0xFF,0x2E,0x2E,0x2E,0xFF,0x71,0x71,0x71,0xFF,0xBE,0xBE,0xBE,0xFF,0xCB,0xCB,
    0xCB,0xFF,0xDB,0xDB,0xDB,0xFF,0xFE,0xFE,0xFE,0xFF,0xFF,0xFF,0xFF,0xFF,0xFF,
    0xFF,0xFF,0xFF,0xFF,0xFF,0xFF,0xFF,0xFF,0xFF,0xFF,0xFF,0xFF,0xFF,0xFF,0xFF,
    0xFF,0xFF,0xFF,0xFF,0xFE,0xFE,0xFE,0xFF,0xB9,0xD1,0xEA,0xFF,0x7C,0xB3,0xE1,
    0xFF,0x7C,0xB3,0xE1,0xFF,0x7B,0xB3,0xE0,0xFF,0x67,0xB7,0xD7,0xFF,0x3B,0xC3,
    0xD0,0xFF,0x35,0xC5,0xD0,0xFF,0x35,0xC5,0xD0,0xFF,0x7B,0xC4,0xCB,0xFF,0xC9,
    0xCB,0xCB,0xFF,0xC9,0xCB,0xCB,0xFF,0x77,0xC3,0xCB,0xFF,0x35,0xC5,0xD0,0xFF,
    0x35,0xC5,0xD0,0xFF,0x3B,0xC3,0xD0,0xFF,0x66,0xB7,0xD7,0xFF,0x7B,0xB3,0xE0,
    0xFF,0x7C,0xB3,0xE1,0xFF,0x7C,0xB3,0xE1,0xFF,0xBC,0xD2,0xEA,0xFF,0xFE,0xFE,
    0xFE,0xFF,0xFF,0xFF,0xFF,0xFF,0xFF,0xFF,0xFF,0xFF,0xFF,0xFF,0xFF,0xFF,0xFF,
    0xFF,0xFF,0xFF,0xFF,0xFF,0xFF,0xFF,0xFF,0xFF,0xFF,0xFF,0xFE,0xFE,0xFE,0xFF,
    0xDA,0xDA,0xDA,0xFF,0xCB,0xCB,0xCB,0xFF,0xBF,0xBF,0xBF,0xFF,0x73,0x73,0x73,
    0xFF,0x2F,0x2F,0x2F,0xFF,0x2A,0x2A,0x2A,0xFF,0x2A,0x2A,0x2A,0xFF,0x31,0x31,
    0x31,0xFF,0x58,0x58,0x58,0xFF,0x5B,0x5B,0x5B,0xFF,0x26,0x26,0x26,0xFF,0x07,
    0x07,0x07,0x9F,0x22,0x22,0x22,0x01,0x00,0x00,0x00,0x00,0x00,0x00,0x00,0x00,
    0x00,0x00,0x00,0x00,0x00,0x00,0x00,0x00,0x00,0x00,0x00,0x00,0x00,0x00,0x00,
    0x00,0x00,0x00,0x00,0x00,0x00,0x00,0x00,0x00,0x00,0x00,0x00,0x00,0x00,0x00,
    0x00,0x00,0x00,0x00,0x00,0x00,0x00,0x00,0x00,0x00,0x00,0x00,0x00,0x00,0x00,
    0x00,0x00,0x00,0x00,0x00,0x00,0x00,0x00,0x00,0x00,0x00,0x00,0x00,0x00,0x00,
    0x00,0x00,0x00,0x00,0x00,0x00,0x00,0x00,0x00,0x00,0x00,0x00,0x00,0x00,0x00,
    0x00,0x00,0x00,0x00,0x00,0x00,0x00,0x00,0x00,0x00,0x00,0x00,0x00,0x00,0x00,
    0x00,0x00,0x00,0x00,0x00,0x00,0x00,0x00,0x00,0x00,0x00,0x00,0x00,0x00,0x00,
    0x00,0x00,0x00,0x00,0x00,0x00,0x00,0x00,0x00,0x00,0x00,0x00,0x00,0x00,0x00,
    0x00,0x00,0x00,0x00,0x00,0x00,0x00,0x00,0x00,0x00,0x00,0x00,0x00,0x00,0x00,
    0x00,0x00,0x00,0x00,0x00,0x00,0x00,0x00,0x00,0x00,0x00,0x00,0x00,0x00,0x00,
    0x00,0x00,0x00,0x00,0x00,0x00,0x00,0x00,0x00,0x00,0x00,0x00,0x00,0x00,0x00,
    0x00,0x00,0x00,0x00,0x00,0x00,0x00,0x00,0x00,0x00,0x00,0x00,0x00,0x00,0x00,
    0x00,0x00,0x00,0x00,0x00,0x00,0x00,0x00,0x00,0x00,0x00,0x00,0x00,0x00,0x00,
    0x00,0x00,0x00,0x00,0x00,0x00,0x00,0x00,0x00,0x00,0x00,0x00,0x00,0x00,0x00,
    0x00,0x00,0x00,0x00,0x00,0x00,0x00,0x00,0x00,0x00,0x00,0x00,0x00,0x00,0x00,
    0x00,0x00,0x00,0x00,0x00,0x00,0x00,0x00,0x00,0x00,0x00,0x00,0x00,0x00,0x00,
    0x00,0x00,0x00,0x00,0x00,0x00,0x00,0x00,0x00,0x00,0x00,0x00,0x00,0x00,0x00,
    0x00,0x0A,0x0A,0x0A,0x3E,0x0C,0x0C,0x0C,0xFA,0x50,0x50,0x50,0xFF,0x5D,0x5D,
    0x5D,0xFF,0x3D,0x3D,0x3D,0xFF,0x2A,0x2A,0x2A,0xFF,0x2A,0x2A,0x2A,0xFF,0x37,
    0x37,0x37,0xFF,0x8E,0x8E,0x8E,0xFF,0xC6,0xC6,0xC6,0xFF,0xCB,0xCB,0xCB,0xFF,
    0xCC,0xCC,0xCC,0xFF,0xF1,0xF1,0xF1,0xFF,0xFF,0xFF,0xFF,0xFF,0xFF,0xFF,0xFF,
    0xFF,0xFF,0xFF,0xFF,0xFF,0xFF,0xFF,0xFF,0xFF,0xFF,0xFF,0xFF,0xFF,0xFF,0xFF,
    0xFF,0xFF,0xFF,0xFF,0xFF,0xFF,0xFB,0xFC,0xFD,0xFF,0x95,0xBD,0xE3,0xFF,0x7C,
    0xB3,0xE1,0xFF,0x7A,0xB3,0xDF,0xFF,0x5E,0xB9,0xD4,0xFF,0x38,0xC4,0xD0,0xFF,
    0x35,0xC5,0xD0,0xFF,0x35,0xC5,0xD0,0xFF,0x35,0xC5,0xD0,0xFF,0x83,0xC3,0xCA,
    0xFF,0xCA,0xCB,0xCB,0xFF,0xCA,0xCB,0xCB,0xFF,0x80,0xC3,0xCA,0xFF,0x35,0xC5,
    0xD0,0xFF,0x35,0xC5,0xD0,0xFF,0x35,0xC5,0xD0,0xFF,0x38,0xC4,0xD0,0xFF,0x5D,
    0xB9,0xD4,0xFF,0x7A,0xB3,0xDF,0xFF,0x7C,0xB3,0xE1,0xFF,0x97,0xBE,0xE3,0xFF,
    0xFC,0xFC,0xFE,0xFF,0xFF,0xFF,0xFF,0xFF,0xFF,0xFF,0xFF,0xFF,0xFF,0xFF,0xFF,
    0xFF,0xFF,0xFF,0xFF,0xFF,0xFF,0xFF,0xFF,0xFF,0xFF,0xFF,0xFF,0xFF,0xFF,0xFF,
    0xFF,0xFF,0xF1,0xF1,0xF1,0xFF,0xCC,0xCC,0xCC,0xFF,0xCB,0xCB,0xCB,0xFF,0xC6,
    0xC6,0xC6,0xFF,0x8F,0x8F,0x8F,0xFF,0x38,0x38,0x38,0xFF,0x2A,0x2A,0x2A,0xFF,
    0x2A,0x2A,0x2A,0xFF,0x3E,0x3E,0x3E,0xFF,0x5D,0x5D,0x5D,0xFF,0x50,0x50,0x50,
    0xFF,0x0C,0x0C,0x0C,0xFA,0x0D,0x0D,0x0D,0x3F,0x00,0x00,0x00,0x00,0x00,0x00,
    0x00,0x00,0x00,0x00,0x00,0x00,0x00,0x00,0x00,0x00,0x00,0x00,0x00,0x00,0x00,
    0x00,0x00,0x00,0x00,0x00,0x00,0x00,0x00,0x00,0x00,0x00,0x00,0x00,0x00,0x00,
    0x00,0x00,0x00,0x00,0x00,0x00,0x00,0x00,0x00,0x00,0x00,0x00,0x00,0x00,0x00,
    0x00,0x00,0x00,0x00,0x00,0x00,0x00,0x00,0x00,0x00,0x00,0x00,0x00,0x00,0x00,
    0x00,0x00,0x00,0x00,0x00,0x00,0x00,0x00,0x00,0x00,0x00,0x00,0x00,0x00,0x00,
    0x00,0x00,0x00,0x00,0x00,0x00,0x00,0x00,0x00,0x00,0x00,0x00,0x00,0x00,0x00,
    0x00,0x00,0x00,0x00,0x00,0x00,0x00,0x00,0x00,0x00,0x00,0x00,0x00,0x00,0x00,
    0x00,0x00,0x00,0x00,0x00,0x00,0x00,0x00,0x00,0x00,0x00,0x00,0x00,0x00,0x00,
    0x00,0x00,0x00,0x00,0x00,0x00,0x00,0x00,0x00,0x00,0x00,0x00,0x00,0x00,0x00,
    0x00,0x00,0x00,0x00,0x00,0x00,0x00,0x00,0x00,0x00,0x00,0x00,0x00,0x00,0x00,
    0x00,0x00,0x00,0x00,0x00,0x00,0x00,0x00,0x00,0x00,0x00,0x00,0x00,0x00,0x00,
    0x00,0x00,0x00,0x00,0x00,0x00,0x00,0x00,0x00,0x00,0x00,0x00,0x00,0x00,0x00,
    0x00,0x00,0x00,0x00,0x00,0x00,0x00,0x00,0x00,0x00,0x00,0x00,0x00,0x00,0x00,
    0x00,0x00,0x00,0x00,0x00,0x00,0x00,0x00,0x00,0x00,0x00,0x00,0x00,0x00,0x00,
    0x00,0x00,0x00,0x00,0x00,0x00,0x00,0x00,0x00,0x00,0x00,0x00,0x00,0x00,0x00,
    0x00,0x00,0x00,0x00,0x00,0x00,0x00,0x00,0x00,0x00,0x00,0x00,0x00,0x00,0x00,
    0x00,0x00,0x00,0x00,0x00,0x00,0x00,0x00,0x00,0x00,0x00,0x00,0x00,0x00,0x06,
    0x06,0x06,0x08,0x02,0x02,0x02,0xDA,0x3C,0x3C,0x3C,0xFF,0x5E,0x5E,0x5E,0xFF,
    0x4B,0x4B,0x4B,0xFF,0x2B,0x2B,0x2B,0xFF,0x2B,0x2B,0x2B,0xFF,0x50,0x50,0x50,
    0xFF,0xA8,0xA8,0xA8,0xFF,0xC9,0xC9,0xC9,0xFF,0xCB,0xCB,0xCB,0xFF,0xCB,0xCB,
    0xCB,0xFF,0xD9,0xD9,0xD9,0xFF,0xFE,0xFE,0xFE,0xFF,0xFF,0xFF,0xFF,0xFF,0xFF,
    0xFF,0xFF,0xFF,0xFF,0xFF,0xFF,0xFF,0xFF,0xFF,0xFF,0xFF,0xFF,0xFF,0xFF,0xFF,
    0xFF,0xFF,0xFF,0xFF,0xFF,0xFF,0xFF,0xFF,0xEC,0xF1,0xF6,0xFF,0x82,0xB5,0xE1,
    0xFF,0x77,0xB3,0xDE,0xFF,0x53,0xBD,0xD2,0xFF,0x36,0xC5,0xD0,0xFF,0x35,0xC5,
    0xD0,0xFF,0x35,0xC5,0xD0,0xFF,0x35,0xC5,0xD0,0xFF,0x35,0xC5,0xD0,0xFF,0x88,
    0xC4,0xCB,0xFF,0xCA,0xCB,0xCB,0xFF,0xCA,0xCB,0xCB,0xFF,0x83,0xC3,0xC9,0xFF,
    0x35,0xC5,0xD0,0xFF,0x35,0xC5,0xD0,0xFF,0x35,0xC5,0xD0,0xFF,0x35,0xC5,0xD0,
    0xFF,0x36,0xC5,0xD0,0xFF,0x52,0xBC,0xD1,0xFF,0x77,0xB4,0xDE,0xFF,0x82,0xB6,
    0xE2,0xFF,0xED,0xF2,0xF7,0xFF,0xFF,0xFF,0xFF,0xFF,0xFF,0xFF,0xFF,0xFF,0xFF,
    0xFF,0xFF,0xFF,0xFF,0xFF,0xFF,0xFF,0xFF,0xFF,0xFF,0xFF,0xFF,0xFF,0xFF,0xFF,
    0xFF,0xFF,0xFF,0xFF,0xFE,0xFE,0xFE,0xFF,0xD8,0xD8,0xD8,0xFF,0xCB,0xCB,0xCB,
    0xFF,0xCB,0xCB,0xCB,0xFF,0xC9,0xC9,0xC9,0xFF,0xA9,0xA9,0xA9,0xFF,0x51,0x51,
    0x51,0xFF,0x2B,0x2B,0x2B,0xFF,0x2B,0x2B,0x2B,0xFF,0x4B,0x4B,0x4B,0xFF,0x5E,
    0x5E,0x5E,0xFF,0x3C,0x3C,0x3C,0xFF,0x03,0x03,0x03,0xDA,0x08,0x08,0x08,0x08,
    0x00,0x00,0x00,0x00,0x00,0x00,0x00,0x00,0x00,0x00,0x00,0x00,0x00,0x00,0x00,
    0x00,0x00,0x00,0x00,0x00,0x00,0x00,0x00,0x00,0x00,0x00,0x00,0x00,0x00,0x00,
    0x00,0x00,0x00,0x00,0x00,0x00,0x00,0x00,0x00,0x00,0x00,0x00,0x00,0x00,0x00,
    0x00,0x00,0x00,0x00,0x00,0x00,0x00,0x00,0x00,0x00,0x00,0x00,0x00,0x00,0x00,
    0x00,0x00,0x00,0x00,0x00,0x00,0x00,0x00,0x00,0x00,0x00,0x00,0x00,0x00,0x00,
    0x00,0x00,0x00,0x00,0x00,0x00,0x00,0x00,0x00,0x00,0x00,0x00,0x00,0x00,0x00,
    0x00,0x00,0x00,0x00,0x00,0x00,0x00,0x00,0x00,0x00,0x00,0x00,0x00,0x00,0x00,
    0x00,0x00,0x00,0x00,0x00,0x00,0x00,0x00,0x00,0x00,0x00,0x00,0x00,0x00,0x00,
    0x00,0x00,0x00,0x00,0x00,0x00,0x00,0x00,0x00,0x00,0x00,0x00,0x00,0x00,0x00,
    0x00,0x00,0x00,0x00,0x00,0x00,0x00,0x00,0x00,0x00,0x00,0x00,0x00,0x00,0x00,
    0x00,0x00,0x00,0x00,0x00,0x00,0x00,0x00,0x00,0x00,0x00,0x00,0x00,0x00,0x00,
    0x00,0x00,0x00,0x00,0x00,0x00,0x00,0x00,0x00,0x00,0x00,0x00,0x00,0x00,0x00,
    0x00,0x00,0x00,0x00,0x00,0x00,0x00,0x00,0x00,0x00,0x00,0x00,0x00,0x00,0x00,
    0x00,0x00,0x00,0x00,0x00,0x00,0x00,0x00,0x00,0x00,0x00,0x00,0x00,0x00,0x00,
    0x00,0x00,0x00,0x00,0x00,0x00,0x00,0x00,0x00,0x00,0x00,0x00,0x00,0x00,0x00,
    0x00,0x00,0x00,0x00,0x00,0x00,0x00,0x00,0x00,0x00,0x00,0x00,0x00,0x00,0x00,
    0x00,0x00,0x00,0x00,0x00,0x00,0x00,0x00,0x00,0x00,0x00,0x00,0x00,0x00,0x00,
    0x00,0x02,0x02,0x02,0x81,0x1F,0x1F,0x1F,0xFE,0x5A,0x5A,0x5A,0xFF,0x56,0x56,
    0x56,0xFF,0x2F,0x2F,0x2F,0xFF,0x30,0x30,0x30,0xFF,0x73,0x73,0x73,0xFF,0xBB,
    0xBB,0xBB,0xFF,0xCB,0xCB,0xCB,0xFF,0xCB,0xCB,0xCB,0xFF,0xCB,0xCB,0xCB,0xFF,
    0xCC,0xCC,0xCC,0xFF,0xEF,0xEF,0xEF,0xFF,0xFF,0xFF,0xFF,0xFF,0xFF,0xFF,0xFF,
    0xFF,0xFF,0xFF,0xFF,0xFF,0xFF,0xFF,0xFF,0xFF,0xFF,0xFF,0xFF,0xFF,0xFF,0xFF,
    0xFF,0xFF,0xFF,0xFF,0xFF,0xFF,0xFF,0xFF,0xFF,0xFF,0xD4,0xE1,0xF0,0xFF,0x72,
    0xB5,0xDA,0xFF,0x48,0xBF,0xD0,0xFF,0x35,0xC5,0xD0,0xFF,0x35,0xC5,0xD0,0xFF,
    0x35,0xC5,0xD0,0xFF,0x35,0xC5,0xD0,0xFF,0x35,0xC5,0xD0,0xFF,0x35,0xC5,0xD0,
    0xFF,0x8B,0xC5,0xCB,0xFF,0xCA,0xCB,0xCB,0xFF,0xCA,0xCB,0xCB,0xFF,0x88,0xC4,
    0xCB,0xFF,0x35,0xC5,0xD0,0xFF,0x35,0xC5,0xD0,0xFF,0x35,0xC5,0xD0,0xFF,0x35,
    0xC5,0xD0,0xFF,0x35,0xC5,0xD0,0xFF,0x35,0xC5,0xD0,0xFF,0x47,0xC0,0xD1,0xFF,
    0x72,0xB5,0xDA,0xFF,0xD6,0xE3,0xF0,0xFF,0xFF,0xFF,0xFF,0xFF,0xFF,0xFF,0xFF,
    0xFF,0xFF,0xFF,0xFF,0xFF,0xFF,0xFF,0xFF,0xFF,0xFF,0xFF,0xFF,0xFF,0xFF,0xFF,
    0xFF,0xFF,0xFF,0xFF,0xFF,0xFF,0xFF,0xFF,0xFF,0xFF,0xEE,0xEE,0xEE,0xFF,0xCC,
    0xCC,0xCC,0xFF,0xCB,0xCB,0xCB,0xFF,0xCB,0xCB,0xCB,0xFF,0xCB,0xCB,0xCB,0xFF,
    0xBD,0xBD,0xBD,0xFF,0x75,0x75,0x75,0xFF,0x31,0x31,0x31,0xFF,0x2F,0x2F,0x2F,
    0xFF,0x57,0x57,0x57,0xFF,0x5A,0x5A,0x5A,0xFF,0x1F,0x1F,0x1F,0xFE,0x03,0x03,
    0x03,0x84,0x00,0x00,0x00,0x00,0x00,0x00,0x00,0x00,0x00,0x00,0x00,0x00,0x00,
    0x00,0x00,0x00,0x00,0x00,0x00,0x00,0x00,0x00,0x00,0x00,0x00,0x00,0x00,0x00,
    0x00,0x00,0x00,0x00,0x00,0x00,0x00,0x00,0x00,0x00,0x00,0x00,0x00,0x00,0x00,
    0x00,0x00,0x00,0x00,0x00,0x00,0x00,0x00,0x00,0x00,0x00,0x00,0x00,0x00,0x00,
    0x00,0x00,0x00,0x00,0x00,0x00,0x00,0x00,0x00,0x00,0x00,0x00,0x00,0x00,0x00,
    0x00,0x00,0x00,0x00,0x00,0x00,0x00,0x00,0x00,0x00,0x00,0x00,0x00,0x00,0x00,
    0x00,0x00,0x00,0x00,0x00,0x00,0x00,0x00,0x00,0x00,0x00,0x00,0x00,0x00,0x00,
    0x00,0x00,0x00,0x00,0x00,0x00,0x00,0x00,0x00,0x00,0x00,0x00,0x00,0x00,0x00,
    0x00,0x00,0x00,0x00,0x00,0x00,0x00,0x00,0x00,0x00,0x00,0x00,0x00,0x00,0x00,
    0x00,0x00,0x00,0x00,0x00,0x00,0x00,0x00,0x00,0x00,0x00,0x00,0x00,0x00,0x00,
    0x00,0x00,0x00,0x00,0x00,0x00,0x00,0x00,0x00,0x00,0x00,0x00,0x00,0x00,0x00,
    0x00,0x00,0x00,0x00,0x00,0x00,0x00,0x00,0x00,0x00,0x00,0x00,0x00,0x00,0x00,
    0x00,0x00,0x00,0x00,0x00,0x00,0x00,0x00,0x00,0x00,0x00,0x00,0x00,0x00,0x00,
    0x00,0x00,0x00,0x00,0x00,0x00,0x00,0x00,0x00,0x00,0x00,0x00,0x00,0x00,0x00,
    0x00,0x00,0x00,0x00,0x00,0x00,0x00,0x00,0x00,0x00,0x00,0x00,0x00,0x00,0x00,
    0x00,0x00,0x00,0x00,0x00,0x00,0x00,0x00,0x00,0x00,0x00,0x00,0x00,0x00,0x00,
    0x00,0x00,0x00,0x00,0x00,0x00,0x00,0x00,0x00,0x00,0x00,0x00,0x00,0x00,0x06,
    0x06,0x06,0x2B,0x08,0x08,0x08,0xF7,0x4C,0x4C,0x4C,0xFF,0x5C,0x5C,0x5C,0xFF,
    0x3A,0x3A,0x3A,0xFF,0x42,0x42,0x42,0xFF,0x98,0x98,0x98,0xFF,0xC7,0xC7,0xC7,
    0xFF,0xCB,0xCB,0xCB,0xFF,0xCB,0xCB,0xCB,0xFF,0xCB,0xCB,0xCB,0xFF,0xCB,0xCB,
    0xCB,0xFF,0xD5,0xD5,0xD5,0xFF,0xFD,0xFD,0xFD,0xFF,0xFF,0xFF,0xFF,0xFF,0xFF,
    0xFF,0xFF,0xFF,0xFF,0xFF,0xFF,0xFF,0xFF,0xFF,0xFF,0xFF,0xFF,0xFF,0xFF,0xFF,
    0xFF,0xFF,0xFF,0xFF,0xFF,0xFF,0xFF,0xFF,0xFD,0xFD,0xFE,0xFF,0xAD,0xD2,0xDF,
    0xFF,0x3D,0xC2,0xCF,0xFF,0x35,0xC5,0xD0,0xFF,0x35,0xC5,0xD0,0xFF,0x35,0xC5,
    0xD0,0xFF,0x35,0xC5,0xD0,0xFF,0x35,0xC5,0xD0,0xFF,0x35,0xC5,0xD0,0xFF,0x35,
    0xC5,0xD0,0xFF,0x8D,0xC4,0xCA,0xFF,0xCA,0xCB,0xCB,0xFF,0xCA,0xCB,0xCB,0xFF,
    0x8B,0xC5,0xCB,0xFF,0x35,0xC5,0xD0,0xFF,0x35,0xC5,0xD0,0xFF,0x35,0xC5,0xD0,
    0xFF,0x35,0xC5,0xD0,0xFF,0x35,0xC5,0xD0,0xFF,0x35,0xC5,0xD0,0xFF,0x35,0xC5,
    0xD0,0xFF,0x3D,0xC2,0xCF,0xFF,0xB0,0xD4,0xE0,0xFF,0xFD,0xFD,0xFD,0xFF,0xFF,
    0xFF,0xFF,0xFF,0xFF,0xFF,0xFF,0xFF,0xFF,0xFF,0xFF,0xFF,0xFF,0xFF,0xFF,0xFF,
    0xFF,0xFF,0xFF,0xFF,0xFF,0xFF,0xFF,0xFF,0xFF,0xFF,0xFF,0xFF,0xFD,0xFD,0xFD,
    0xFF,0xD4,0xD4,0xD4,0xFF,0xCB,0xCB,0xCB,0xFF,0xCB,0xCB,0xCB,0xFF,0xCB,0xCB,
    0xCB,0xFF,0xCB,0xCB,0xCB,0xFF,0xC7,0xC7,0xC7,0xFF,0x9A,0x9A,0x9A,0xFF,0x44,
    0x44,0x44,0xFF,0x3A,0x3A,0x3A,0xFF,0x5C,0x5C,0x5C,0xFF,0x4C,0x4C,0x4C,0xFF,
    0x08,0x08,0x08,0xF7,0x08,0x08,0x08,0x2C,0x00,0x00,0x00,0x00,0x00,0x00,0x00,
    0x00,0x00,0x00,0x00,0x00,0x00,0x00,0x00,0x00,0x00,0x00,0x00,0x00,0x00,0x00,
    0x00,0x00,0x00,0x00,0x00,0x00,0x00,0x00,0x00,0x00,0x00,0x00,0x00,0x00,0x00,
    0x00,0x00,0x00,0x00,0x00,0x00,0x00,0x00,0x00,0x00,0x00,0x00,0x00,0x00,0x00,
    0x00,0x00,0x00,0x00,0x00,0x00,0x00,0x00,0x00,0x00,0x00,0x00,0x00,0x00,0x00,
    0x00,0x00,0x00,0x00,0x00,0x00,0x00,0x00,0x00,0x00,0x00,0x00,0x00,0x00,0x00,
    0x00,0x00,0x00,0x00,0x00,0x00,0x00,0x00,0x00,0x00,0x00,0x00,0x00,0x00,0x00,
    0x00,0x00,0x00,0x00,0x00,0x00,0x00,0x00,0x00,0x00,0x00,0x00,0x00,0x00,0x00,
    0x00,0x00,0x00,0x00,0x00,0x00,0x00,0x00,0x00,0x00,0x00,0x00,0x00,0x00,0x00,
    0x00,0x00,0x00,0x00,0x00,0x00,0x00,0x00,0x00,0x00,0x00,0x00,0x00,0x00,0x00,
    0x00,0x00,0x00,0x00,0x00,0x00,0x00,0x00,0x00,0x00,0x00,0x00,0x00,0x00,0x00,
    0x00,0x00,0x00,0x00,0x00,0x00,0x00,0x00,0x00,0x00,0x00,0x00,0x00,0x00,0x00,
    0x00,0x00,0x00,0x00,0x00,0x00,0x00,0x00,0x00,0x00,0x00,0x00,0x00,0x00,0x00,
    0x00,0x00,0x00,0x00,0x00,0x00,0x00,0x00,0x00,0x00,0x00,0x00,0x00,0x00,0x00,
    0x00,0x00,0x00,0x00,0x00,0x00,0x00,0x00,0x00,0x00,0x00,0x00,0x00,0x00,0x00,
    0x00,0x00,0x00,0x00,0x00,0x00,0x00,0x00,0x00,0x00,0x00,0x00,0x00,0x00,0x00,
    0x00,0x00,0x00,0x00,0x00,0x00,0x00,0x00,0x00,0x00,0x00,0x00,0x1E,0x1E,0x1E,
    0x05,0x06,0x06,0x06,0xCE,0x36,0x36,0x36,0xFF,0x5D,0x5D,0x5D,0xFF,0x4B,0x4B,
    0x4B,0xFF,0x6C,0x6C,0x6C,0xFF,0xB6,0xB6,0xB6,0xFF,0xCA,0xCA,0xCA,0xFF,0xCB,
    0xCB,0xCB,0xFF,0xCB,0xCB,0xCB,0xFF,0xCB,0xCB,0xCB,0xFF,0xCB,0xCB,0xCB,0xFF,
    0xCB,0xCB,0xCB,0xFF,0xEB,0xEB,0xEB,0xFF,0xFF,0xFF,0xFF,0xFF,0xFF,0xFF,0xFF,
    0xFF,0xFF,0xFF,0xFF,0xFF,0xFF,0xFF,0xFF,0xFF,0xFF,0xFF,0xFF,0xFF,0xFF,0xFF,
    0xFF,0xFF,0xFF,0xFF,0xFF,0xFF,0xFC,0xFC,0xFC,0xFF,0xF6,0xF8,0xF8,0xFF,0x7C,
    0xCD,0xD5,0xFF,0x35,0xC5,0xD0,0xFF,0x35,0xC5,0xD0,0xFF,0x35,0xC5,0xD0,0xFF,
    0x35,0xC5,0xD0,0xFF,0x35,0xC5,0xD0,0xFF,0x35,0xC5,0xD0,0xFF,0x35,0xC5,0xD0,
    0xFF,0x35,0xC5,0xD0,0xFF,0x90,0xC4,0xC9,0xFF,0xCA,0xCB,0xCB,0xFF,0xCA,0xCB,
    0xCB,0xFF,0x8D,0xC4,0xCA,0xFF,0x35,0xC5,0xD0,0xFF,0x35,0xC5,0xD0,0xFF,0x35,
    0xC5,0xD0,0xFF,0x35,0xC5,0xD0,0xFF,0x35,0xC5,0xD0,0xFF,0x35,0xC5,0xD0,0xFF,
    0x35,0xC5,0xD0,0xFF,0x35,0xC5,0xD0,0xFF,0x82,0xCE,0xD6,0xFF,0xF7,0xF8,0xF8,
    0xFF,0xFC,0xFC,0xFC,0xFF,0xFF,0xFF,0xFF,0xFF,0xFF,0xFF,0xFF,0xFF,0xFF,0xFF,
    0xFF,0xFF,0xFF,0xFF,0xFF,0xFF,0xFF,0xFF,0xFF,0xFF,0xFF,0xFF,0xFF,0xFF,0xFF,
    0xFF,0xFF,0xFF,0xEA,0xEA,0xEA,0xFF,0xCB,0xCB,0xCB,0xFF,0xCB,0xCB,0xCB,0xFF,
    0xCB,0xCB,0xCB,0xFF,0xCB,0xCB,0xCB,0xFF,0xCB,0xCB,0xCB,0xFF,0xCA,0xCA,0xCA,
    0xFF,0xB7,0xB7,0xB7,0xFF,0x6F,0x6F,0x6F,0xFF,0x4B,0x4B,0x4B,0xFF,0x5D,0x5D,
    0x5D,0xFF,0x36,0x36,0x36,0xFF,0x09,0x09,0x09,0xD0,0x20,0x20,0x20,0x06,0x00,
    0x00,0x00,0x00,0x00,0x00,0x00,0x00,0x00,0x00,0x00,0x00,0x00,0x00,0x00,0x00,
    0x00,0x00,0x00,0x00,0x00,0x00,0x00,0x00,0x00,0x00,0x00,0x00,0x00,0x00,0x00,
    0x00,0x00,0x00,0x00,0x00,0x00,0x00,0x00,0x00,0x00,0x00,0x00,0x00,0x00,0x00,
    0x00,0x00,0x00,0x00,0x00,0x00,0x00,0x00,0x00,0x00,0x00,0x00,0x00,0x00,0x00,
    0x00,0x00,0x00,0x00,0x00,0x00,0x00,0x00,0x00,0x00,0x00,0x00,0x00,0x00,0x00,
    0x00,0x00,0x00,0x00,0x00,0x00,0x00,0x00,0x00,0x00,0x00,0x00,0x00,0x00,0x00,
    0x00,0x00,0x00,0x00,0x00,0x00,0x00,0x00,0x00,0x00,0x00,0x00,0x00,0x00,0x00,
    0x00,0x00,0x00,0x00,0x00,0x00,0x00,0x00,0x00,0x00,0x00,0x00,0x00,0x00,0x00,
    0x00,0x00,0x00,0x00,0x00,0x00,0x00,0x00,0x00,0x00,0x00,0x00,0x00,0x00,0x00,
    0x00,0x00,0x00,0x00,0x00,0x00,0x00,0x00,0x00,0x00,0x00,0x00,0x00,0x00,0x00,
    0x00,0x00,0x00,0x00,0x00,0x00,0x00,0x00,0x00,0x00,0x00,0x00,0x00,0x00,0x00,
    0x00,0x00,0x00,0x00,0x00,0x00,0x00,0x00,0x00,0x00,0x00,0x00,0x00,0x00,0x00,
    0x00,0x00,0x00,0x00,0x00,0x00,0x00,0x00,0x00,0x00,0x00,0x00,0x00,0x00,0x00,
    0x00,0x00,0x00,0x00,0x00,0x00,0x00,0x00,0x00,0x00,0x00,0x00,0x00,0x00,0x00,
    0x00,0x00,0x00,0x00,0x00,0x00,0x00,0x00,0x00,0x00,0x00,0x00,0x00,0x00,0x00,
    0x00,0x00,0x00,0x00,0x00,0x00,0x00,0x00,0x00,0x00,0x00,0x00,0x00,0x00,0x05,
    0x05,0x05,0x5F,0x0D,0x0D,0x0D,0xFE,0x4F,0x4F,0x4F,0xFF,0x64,0x64,0x64,0xFF,
    0x9A,0x9A,0x9A,0xFF,0xC6,0xC6,0xC6,0xFF,0xCB,0xCB,0xCB,0xFF,0xCB,0xCB,0xCB,
    0xFF,0xCB,0xCB,0xCB,0xFF,0xCB,0xCB,0xCB,0xFF,0xCB,0xCB,0xCB,0xFF,0xCB,0xCB,
    0xCB,0xFF,0xD1,0xD1,0xD1,0xFF,0xFC,0xFC,0xFC,0xFF,0xFF,0xFF,0xFF,0xFF,0xFF,
    0xFF,0xFF,0xFF,0xFF,0xFF,0xFF,0xFF,0xFF,0xFF,0xFF,0xFF,0xFF,0xFF,0xFF,0xFF,
    0xFE,0xFE,0xFE,0xFF,0xFA,0xFA,0xFA,0xFF,0xFC,0xFC,0xFC,0xFF,0xF4,0xF8,0xF9,
    0xFF,0x4E,0xC6,0xD1,0xFF,0x35,0xC5,0xD0,0xFF,0x35,0xC5,0xD0,0xFF,0x35,0xC5,
    0xD0,0xFF,0x35,0xC5,0xD0,0xFF,0x35,0xC5,0xD0,0xFF,0x35,0xC5,0xD0,0xFF,0x35,
    0xC5,0xD0,0xFF,0x35,0xC5,0xD0,0xFF,0x92,0xC4,0xCA,0xFF,0xCB,0xCB,0xCB,0xFF,
    0xCA,0xCB,0xCB,0xFF,0x8E,0xC4,0xCA,0xFF,0x35,0xC5,0xD0,0xFF,0x35,0xC5,0xD0,
    0xFF,0x35,0xC5,0xD0,0xFF,0x35,0xC5,0xD0,0xFF,0x35,0xC5,0xD0,0xFF,0x35,0xC5,
    0xD0,0xFF,0x35,0xC5,0xD0,0xFF,0x35,0xC5,0xD0,0xFF,0x52,0xC7,0xD1,0xFF,0xF5,
    0xF9,0xF9,0xFF,0xFC,0xFC,0xFC,0xFF,0xF9,0xF9,0xF9,0xFF,0xFE,0xFE,0xFE,0xFF,
    0xFF,0xFF,0xFF,0xFF,0xFF,0xFF,0xFF,0xFF,0xFF,0xFF,0xFF,0xFF,0xFF,0xFF,0xFF,
    0xFF,0xFF,0xFF,0xFF,0xFF,0xFB,0xFB,0xFB,0xFF,0xD1,0xD1,0xD1,0xFF,0xCB,0xCB,
    0xCB,0xFF,0xCB,0xCB,0xCB,0xFF,0xCB,0xCB,0xCB,0xFF,0xCB,0xCB,0xCB,0xFF,0xCB,
    0xCB,0xCB,0xFF,0xCB,0xCB,0xCB,0xFF,0xC7,0xC7,0xC7,0xFF,0x9C,0x9C,0x9C,0xFF,
    0x65,0x65,0x65,0xFF,0x4D,0x4D,0x4D,0xFF,0x0B,0x0B,0x0B,0xFE,0x07,0x07,0x07,
    0x60,0x00,0x00,0x00,0x00,0x00,0x00,0x00,0x00,0x00,0x00,0x00,0x00,0x00,0x00,
    0x00,0x00,0x00,0x00,0x00,0x00,0x00,0x00,0x00,0x00,0x00,0x00,0x00,0x00,0x00,
    0x00,0x00,0x00,0x00,0x00,0x00,0x00,0x00,0x00,0x00,0x00,0x00,0x00,0x00,0x00,
    0x00,0x00,0x00,0x00,0x00,0x00,0x00,0x00,0x00,0x00,0x00,0x00,0x00,0x00,0x00,
    0x00,0x00,0x00,0x00,0x00,0x00,0x00,0x00,0x00,0x00,0x00,0x00,0x00,0x00,0x00,
    0x00,0x00,0x00,0x00,0x00,0x00,0x00,0x00,0x00,0x00,0x00,0x00,0x00,0x00,0x00,
    0x00,0x00,0x00,0x00,0x00,0x00,0x00,0x00,0x00,0x00,0x00,0x00,0x00,0x00,0x00,
    0x00,0x00,0x00,0x00,0x00,0x00,0x00,0x00,0x00,0x00,0x00,0x00,0x00,0x00,0x00,
    0x00,0x00,0x00,0x00,0x00,0x00,0x00,0x00,0x00,0x00,0x00,0x00,0x00,0x00,0x00,
    0x00,0x00,0x00,0x00,0x00,0x00,0x00,0x00,0x00,0x00,0x00,0x00,0x00,0x00,0x00,
    0x00,0x00,0x00,0x00,0x00,0x00,0x00,0x00,0x00,0x00,0x00,0x00,0x00,0x00,0x00,
    0x00,0x00,0x00,0x00,0x00,0x00,0x00,0x00,0x00,0x00,0x00,0x00,0x00,0x00,0x00,
    0x00,0x00,0x00,0x00,0x00,0x00,0x00,0x00,0x00,0x00,0x00,0x00,0x00,0x00,0x00,
    0x00,0x00,0x00,0x00,0x00,0x00,0x00,0x00,0x00,0x00,0x00,0x00,0x00,0x00,0x00,
    0x00,0x00,0x00,0x00,0x00,0x00,0x00,0x00,0x00,0x00,0x00,0x00,0x00,0x00,0x00,
    0x00,0x00,0x00,0x00,0x00,0x00,0x00,0x00,0x00,0x00,0x00,0x00,0x0B,0x0B,0x0B,
    0x0C,0x01,0x01,0x01,0xE8,0x00,0x00,0x00,0xFF,0x43,0x43,0x43,0xFF,0xB8,0xB8,
    0xB8,0xFF,0xCA,0xCA,0xCA,0xFF,0xCB,0xCB,0xCB,0xFF,0xCB,0xCB,0xCB,0xFF,0xCB,
    0xCB,0xCB,0xFF,0xCB,0xCB,0xCB,0xFF,0xCB,0xCB,0xCB,0xFF,0xCB,0xCB,0xCB,0xFF,
    0xCB,0xCB,0xCB,0xFF,0xE5,0xE5,0xE5,0xFF,0xFF,0xFF,0xFF,0xFF,0xFF,0xFF,0xFF,
    0xFF,0xFF,0xFF,0xFF,0xFF,0xFF,0xFF,0xFF,0xFF,0xFF,0xFF,0xFF,0xFF,0xFC,0xFC,
    0xFC,0xFF,0xF9,0xF9,0xF9,0xFF,0xFE,0xFE,0xFE,0xFF,0xFF,0xFF,0xFF,0xFF,0xDF,
    0xEE,0xF0,0xFF,0x43,0xC6,0xD1,0xFF,0x35,0xC5,0xD0,0xFF,0x35,0xC5,0xD0,0xFF,
    0x35,0xC5,0xD0,0xFF,0x35,0xC5,0xD0,0xFF,0x35,0xC5,0xD0,0xFF,0x35,0xC5,0xD0,
    0xFF,0x35,0xC5,0xD0,0xFF,0x35,0xC5,0xD0,0xFF,0x90,0xC4,0xCA,0xFF,0xCA,0xCB,
    0xCB,0xFF,0xCA,0xCB,0xCB,0xFF,0x8C,0xC4,0xCA,0xFF,0x35,0xC5,0xD0,0xFF,0x35,
    0xC5,0xD0,0xFF,0x35,0xC5,0xD0,0xFF,0x35,0xC5,0xD0,0xFF,0x35,0xC5,0xD0,0xFF,
    0x35,0xC5,0xD0,0xFF,0x35,0xC5,0xD0,0xFF,0x35,0xC5,0xD0,0xFF,0x44,0xC6,0xD1,
    0xFF,0xE2,0xEF,0xF1,0xFF,0xFF,0xFF,0xFF,0xFF,0xFE,0xFE,0xFE,0xFF,0xF9,0xF9,
    0xF9,0xFF,0xFC,0xFC,0xFC,0xFF,0xFF,0xFF,0xFF,0xFF,0xFF,0xFF,0xFF,0xFF,0xFF,
    0xFF,0xFF,0xFF,0xFF,0xFF,0xFF,0xFF,0xFF,0xFF,0xFF,0xFF,0xE5,0xE5,0xE5,0xFF,
    0xCB,0xCB,0xCB,0xFF,0xCB,0xCB,0xCB,0xFF,0xCB,0xCB,0xCB,0xFF,0xCB,0xCB,0xCB,
    0xFF,0xCB,0xCB,0xCB,0xFF,0xCB,0xCB,0xCB,0xFF,0xCB,0xCB,0xCB,0xFF,0xCA,0xCA,
    0xCA,0xFF,0xB9,0xB9,0xB9,0xFF,0x42,0x42,0x42,0xFF,0x00,0x00,0x00,0xFF,0x01,
    0x01,0x01,0xE9,0x11,0x11,0x11,0x0D,0x00,0x00,0x00,0x00,0x00,0x00,0x00,0x00,
    0x00,0x00,0x00,0x00,0x00,0x00,0x00,0x00,0x00,0x00,0x00,0x00,0x00,0x00,0x00,
    0x00,0x00,0x00,0x00,0x00,0x00,0x00,0x00,0x00,0x00,0x00,0x00,0x00,0x00,0x00,
    0x00,0x00,0x00,0x00,0x00,0x00,0x00,0x00,0x00,0x00,0x00,0x00,0x00,0x00,0x00,
    0x00,0x00,0x00,0x00,0x00,0x00,0x00,0x00,0x00,0x00,0x00,0x00,0x00,0x00,0x00,
    0x00,0x00,0x00,0x00,0x00,0x00,0x00,0x00,0x00,0x00,0x00,0x00,0x00,0x00,0x00,
    0x00,0x00,0x00,0x00,0x00,0x00,0x00,0x00,0x00,0x00,0x00,0x00,0x00,0x00,0x00,
    0x00,0x00,0x00,0x00,0x00,0x00,0x00,0x00,0x00,0x00,0x00,0x00,0x00,0x00,0x00,
    0x00,0x00,0x00,0x00,0x00,0x00,0x00,0x00,0x00,0x00,0x00,0x00,0x00,0x00,0x00,
    0x00,0x00,0x00,0x00,0x00,0x00,0x00,0x00,0x00,0x00,0x00,0x00,0x00,0x00,0x00,
    0x00,0x00,0x00,0x00,0x00,0x00,0x00,0x00,0x00,0x00,0x00,0x00,0x00,0x00,0x00,
    0x00,0x00,0x00,0x00,0x00,0x00,0x00,0x00,0x00,0x00,0x00,0x00,0x00,0x00,0x00,
    0x00,0x00,0x00,0x00,0x00,0x00,0x00,0x00,0x00,0x00,0x00,0x00,0x00,0x00,0x00,
    0x00,0x00,0x00,0x00,0x00,0x00,0x00,0x00,0x00,0x00,0x00,0x00,0x00,0x00,0x00,
    0x00,0x00,0x00,0x00,0x00,0x00,0x00,0x00,0x00,0x00,0x00,0x00,0x00,0x00,0x00,
    0x00,0x00,0x00,0x00,0x00,0x00,0x00,0x00,0x00,0x00,0x00,0x00,0x00,0x00,0x0A,
    0x0A,0x0A,0x80,0x00,0x00,0x00,0xFF,0x13,0x13,0x13,0xFF,0x9A,0x9A,0x9A,0xFF,
    0xCA,0xCA,0xCA,0xFF,0xCB,0xCB,0xCB,0xFF,0xCB,0xCB,0xCB,0xFF,0xCB,0xCB,0xCB,
    0xFF,0xCB,0xCB,0xCB,0xFF,0xCB,0xCB,0xCB,0xFF,0xCB,0xCB,0xCB,0xFF,0xCB,0xCB,
    0xCB,0xFF,0xCE,0xCE,0xCE,0xFF,0xF9,0xF9,0xF9,0xFF,0xFF,0xFF,0xFF,0xFF,0xFF,
    0xFF,0xFF,0xFF,0xFF,0xFF,0xFF,0xFF,0xFE,0xFE,0xFE,0xFF,0xF9,0xF9,0xF9,0xFF,
    0xFC,0xFC,0xFC,0xFF,0xFF,0xFF,0xFF,0xFF,0xFF,0xFF,0xFF,0xFF,0xFF,0xFF,0xFF,
    0xFF,0xC9,0xE5,0xE9,0xFF,0x3A,0xC5,0xD0,0xFF,0x35,0xC5,0xD0,0xFF,0x35,0xC5,
    0xD0,0xFF,0x35,0xC5,0xD0,0xFF,0x35,0xC5,0xD0,0xFF,0x35,0xC5,0xD0,0xFF,0x35,
    0xC5,0xD0,0xFF,0x35,0xC5,0xD0,0xFF,0x35,0xC5,0xD0,0xFF,0x8D,0xC4,0xCA,0xFF,
    0xCA,0xCB,0xCB,0xFF,0xCA,0xCB,0xCB,0xFF,0x8A,0xC5,0xCB,0xFF,0x35,0xC5,0xD0,
    0xFF,0x35,0xC5,0xD0,0xFF,0x35,0xC5,0xD0,0xFF,0x35,0xC5,0xD0,0xFF,0x35,0xC5,
    0xD0,0xFF,0x35,0xC5,0xD0,0xFF,0x35,0xC5,0xD0,0xFF,0x35,0xC5,0xD0,0xFF,0x3B,
    0xC5,0xD0,0xFF,0xCB,0xE6,0xE9,0xFF,0xFF,0xFF,0xFF,0xFF,0xFF,0xFF,0xFF,0xFF,
    0xFF,0xFF,0xFF,0xFF,0xFC,0xFC,0xFC,0xFF,0xF9,0xF9,0xF9,0xFF,0xFE,0xFE,0xFE,
    0xFF,0xFF,0xFF,0xFF,0xFF,0xFF,0xFF,0xFF,0xFF,0xFF,0xFF,0xFF,0xFF,0xF8,0xF8,
    0xF8,0xFF,0xCE,0xCE,0xCE,0xFF,0xCB,0xCB,0xCB,0xFF,0xCB,0xCB,0xCB,0xFF,0xCB,
    0xCB,0xCB,0xFF,0xCB,0xCB,0xCB,0xFF,0xCB,0xCB,0xCB,0xFF,0xCB,0xCB,0xCB,0xFF,
    0xCB,0xCB,0xCB,0xFF,0xCA,0xCA,0xCA,0xFF,0x9A,0x9A,0x9A,0xFF,0x13,0x13,0x13,
    0xFF,0x00,0x00,0x00,0xFF,0x0D,0x0D,0x0D,0x81,0x00,0x00,0x00,0x00,0x00,0x00,
    0x00,0x00,0x00,0x00,0x00,0x00,0x00,0x00,0x00,0x00,0x00,0x00,0x00,0x00,0x00,
    0x00,0x00,0x00,0x00,0x00,0x00,0x00,0x00,0x00,0x00,0x00,0x00,0x00,0x00,0x00,
    0x00,0x00,0x00,0x00,0x00,0x00,0x00,0x00,0x00,0x00,0x00,0x00,0x00,0x00,0x00,
    0x00,0x00,0x00,0x00,0x00,0x00,0x00,0x00,0x00,0x00,0x00,0x00,0x00,0x00,0x00,
    0x00,0x00,0x00,0x00,0x00,0x00,0x00,0x00,0x00,0x00,0x00,0x00,0x00,0x00,0x00,
    0x00,0x00,0x00,0x00,0x00,0x00,0x00,0x00,0x00,0x00,0x00,0x00,0x00,0x00,0x00,
    0x00,0x00,0x00,0x00,0x00,0x00,0x00,0x00,0x00,0x00,0x00,0x00,0x00,0x00,0x00,
    0x00,0x00,0x00,0x00,0x00,0x00,0x00,0x00,0x00,0x00,0x00,0x00,0x00,0x00,0x00,
    0x00,0x00,0x00,0x00,0x00,0x00,0x00,0x00,0x00,0x00,0x00,0x00,0x00,0x00,0x00,
    0x00,0x00,0x00,0x00,0x00,0x00,0x00,0x00,0x00,0x00,0x00,0x00,0x00,0x00,0x00,
    0x00,0x00,0x00,0x00,0x00,0x00,0x00,0x00,0x00,0x00,0x00,0x00,0x00,0x00,0x00,
    0x00,0x00,0x00,0x00,0x00,0x00,0x00,0x00,0x00,0x00,0x00,0x00,0x00,0x00,0x00,
    0x00,0x00,0x00,0x00,0x00,0x00,0x00,0x00,0x00,0x00,0x00,0x00,0x00,0x00,0x00,
    0x00,0x00,0x00,0x00,0x00,0x00,0x00,0x00,0x00,0x00,0x00,0x00,0x00,0x00,0x00,
    0x00,0x00,0x00,0x00,0x00,0x00,0x00,0x00,0x00,0x00,0x00,0x00,0x0C,0x0C,0x0C,
    0x18,0x11,0x11,0x11,0xF3,0x26,0x26,0x26,0xFF,0x65,0x65,0x65,0xFF,0xC6,0xC6,
    0xC6,0xFF,0xCB,0xCB,0xCB,0xFF,0xCB,0xCB,0xCB,0xFF,0xCB,0xCB,0xCB,0xFF,0xCB,
    0xCB,0xCB,0xFF,0xCB,0xCB,0xCB,0xFF,0xCB,0xCB,0xCB,0xFF,0xCB,0xCB,0xCB,0xFF,
    0xCB,0xCB,0xCB,0xFF,0xDF,0xDF,0xDF,0xFF,0xFE,0xFE,0xFE,0xFF,0xFF,0xFF,0xFF,
    0xFF,0xFF,0xFF,0xFF,0xFF,0xFA,0xFA,0xFA,0xFF,0xFA,0xFA,0xFA,0xFF,0xFE,0xFE,
    0xFE,0xFF,0xFF,0xFF,0xFF,0xFF,0xFF,0xFF,0xFF,0xFF,0xFF,0xFF,0xFF,0xFF,0xFE,
    0xFE,0xFE,0xFF,0xB0,0xDC,0xE1,0xFF,0x35,0xC5,0xD0,0xFF,0x35,0xC5,0xD0,0xFF,
    0x35,0xC5,0xD0,0xFF,0x35,0xC5,0xD0,0xFF,0x35,0xC5,0xD0,0xFF,0x35,0xC5,0xD0,
    0xFF,0x35,0xC5,0xD0,0xFF,0x35,0xC5,0xD0,0xFF,0x35,0xC5,0xD0,0xFF,0x8B,0xC5,
    0xCB,0xFF,0xCA,0xCB,0xCB,0xFF,0xCA,0xCB,0xCB,0xFF,0x86,0xC4,0xCB,0xFF,0x35,
    0xC5,0xD0,0xFF,0x35,0xC5,0xD0,0xFF,0x35,0xC5,0xD0,0xFF,0x35,0xC5,0xD0,0xFF,
    0x35,0xC5,0xD0,0xFF,0x35,0xC5,0xD0,0xFF,0x35,0xC5,0xD0,0xFF,0x35,0xC5,0xD0,
    0xFF,0x35,0xC5,0xD0,0xFF,0xB4,0xDD,0xE2,0xFF,0xFE,0xFF,0xFF,0xFF,0xFF,0xFF,
    0xFF,0xFF,0xFF,0xFF,0xFF,0xFF,0xFF,0xFF,0xFF,0xFF,0xFE,0xFE,0xFE,0xFF,0xFA,
    0xFA,0xFA,0xFF,0xFA,0xFA,0xFA,0xFF,0xFF,0xFF,0xFF,0xFF,0xFF,0xFF,0xFF,0xFF,
    0xFE,0xFE,0xFE,0xFF,0xDF,0xDF,0xDF,0xFF,0xCB,0xCB,0xCB,0xFF,0xCB,0xCB,0xCB,
    0xFF,0xCB,0xCB,0xCB,0xFF,0xCB,0xCB,0xCB,0xFF,0xCB,0xCB,0xCB,0xFF,0xCB,0xCB,
    0xCB,0xFF,0xCB,0xCB,0xCB,0xFF,0xCB,0xCB,0xCB,0xFF,0xC6,0xC6,0xC6,0xFF,0x64,
    0x64,0x64,0xFF,0x29,0x29,0x29,0xFF,0x11,0x11,0x11,0xF3,0x0F,0x0F,0x0F,0x19,
    0x00,0x00,0x00,0x00,0x00,0x00,0x00,0x00,0x00,0x00,0x00,0x00,0x00,0x00,0x00,
    0x00,0x00,0x00,0x00,0x00,0x00,0x00,0x00,0x00,0x00,0x00,0x00,0x00,0x00,0x00,
    0x00,0x00,0x00,0x00,0x00,0x00,0x00,0x00,0x00,0x00,0x00,0x00,0x00,0x00,0x00,
    0x00,0x00,0x00,0x00,0x00,0x00,0x00,0x00,0x00,0x00,0x00,0x00,0x00,0x00,0x00,
    0x00,0x00,0x00,0x00,0x00,0x00,0x00,0x00,0x00,0x00,0x00,0x00,0x00,0x00,0x00,
    0x00,0x00,0x00,0x00,0x00,0x00,0x00,0x00,0x00,0x00,0x00,0x00,0x00,0x00,0x00,
    0x00,0x00,0x00,0x00,0x00,0x00,0x00,0x00,0x00,0x00,0x00,0x00,0x00,0x00,0x00,
    0x00,0x00,0x00,0x00,0x00,0x00,0x00,0x00,0x00,0x00,0x00,0x00,0x00,0x00,0x00,
    0x00,0x00,0x00,0x00,0x00,0x00,0x00,0x00,0x00,0x00,0x00,0x00,0x00,0x00,0x00,
    0x00,0x00,0x00,0x00,0x00,0x00,0x00,0x00,0x00,0x00,0x00,0x00,0x00,0x00,0x00,
    0x00,0x00,0x00,0x00,0x00,0x00,0x00,0x00,0x00,0x00,0x00,0x00,0x00,0x00,0x00,
    0x00,0x00,0x00,0x00,0x00,0x00,0x00,0x00,0x00,0x00,0x00,0x00,0x00,0x00,0x00,
    0x00,0x00,0x00,0x00,0x00,0x00,0x00,0x00,0x00,0x00,0x00,0x00,0x00,0x00,0x00,
    0x00,0x00,0x00,0x00,0x00,0x00,0x00,0x00,0x00,0x00,0x00,0x00,0x00,0x00,0x00,
    0x00,0x00,0x00,0x00,0x00,0x00,0x00,0x00,0x00,0x00,0x0D,0x0D,0x0D,0x01,0x04,
    0x04,0x04,0xA2,0x32,0x32,0x32,0xFF,0x63,0x63,0x63,0xFF,0xB4,0xB4,0xB4,0xFF,
    0xCB,0xCB,0xCB,0xFF,0xCB,0xCB,0xCB,0xFF,0xCB,0xCB,0xCB,0xFF,0xCB,0xCB,0xCB,
    0xFF,0xCB,0xCB,0xCB,0xFF,0xCB,0xCB,0xCB,0xFF,0xCB,0xCB,0xCB,0xFF,0xCB,0xCB,
    0xCB,0xFF,0xCC,0xCC,0xCC,0xFF,0xF3,0xF3,0xF3,0xFF,0xFF,0xFF,0xFF,0xFF,0xFC,
    0xFC,0xFC,0xFF,0xFA,0xFA,0xFA,0xFF,0xFD,0xFD,0xFD,0xFF,0xFF,0xFF,0xFF,0xFF,
    0xFF,0xFF,0xFF,0xFF,0xFF,0xFF,0xFF,0xFF,0xFF,0xFF,0xFF,0xFF,0xFF,0xFF,0xFF,
    0xFF,0xFD,0xFE,0xFE,0xFF,0x94,0xD3,0xDA,0xFF,0x35,0xC5,0xD0,0xFF,0x35,0xC5,
    0xD0,0xFF,0x35,0xC5,0xD0,0xFF,0x35,0xC5,0xD0,0xFF,0x35,0xC5,0xD0,0xFF,0x35,
    0xC5,0xD0,0xFF,0x35,0xC5,0xD0,0xFF,0x35,0xC5,0xD0,0xFF,0x35,0xC5,0xD0,0xFF,
    0x88,0xC4,0xCB,0xFF,0xCA,0xCB,0xCB,0xFF,0xCA,0xCB,0xCB,0xFF,0x82,0xC3,0xCA,
    0xFF,0x35,0xC5,0xD0,0xFF,0x35,0xC5,0xD0,0xFF,0x35,0xC5,0xD0,0xFF,0x35,0xC5,
    0xD0,0xFF,0x35,0xC5,0xD0,0xFF,0x35,0xC5,0xD0,0xFF,0x35,0xC5,0xD0,0xFF,0x35,
    0xC5,0xD0,0xFF,0x35,0xC5,0xD0,0xFF,0x99,0xD4,0xDB,0xFF,0xFD,0xFE,0xFE,0xFF,
    0xFF,0xFF,0xFF,0xFF,0xFF,0xFF,0xFF,0xFF,0xFF,0xFF,0xFF,0xFF,0xFF,0xFF,0xFF,
    0xFF,0xFF,0xFF,0xFF,0xFF,0xFD,0xFD,0xFD,0xFF,0xF9,0xF9,0xF9,0xFF,0xFC,0xFC,
    0xFC,0xFF,0xFF,0xFF,0xFF,0xFF,0xF3,0xF3,0xF3,0xFF,0xCC,0xCC,0xCC,0xFF,0xCB,
    0xCB,0xCB,0xFF,0xCB,0xCB,0xCB,0xFF,0xCB,0xCB,0xCB,0xFF,0xCB,0xCB,0xCB,0xFF,
    0xCB,0xCB,0xCB,0xFF,0xCB,0xCB,0xCB,0xFF,0xCB,0xCB,0xCB,0xFF,0xCB,0xCB,0xCB,
    0xFF,0xB4,0xB4,0xB4,0xFF,0x63,0x63,0x63,0xFF,0x31,0x31,0x31,0xFF,0x07,0x07,
    0x07,0xA4,0x12,0x12,0x12,0x01,0x00,0x00,0x00,0x00,0x00,0x00,0x00,0x00,0x00,
    0x00,0x00,0x00,0x00,0x00,0x00,0x00,0x00,0x00,0x00,0x00,0x00,0x00,0x00,0x00,
    0x00,0x00,0x00,0x00,0x00,0x00,0x00,0x00,0x00,0x00,0x00,0x00,0x00,0x00,0x00,
    0x00,0x00,0x00,0x00,0x00,0x00,0x00,0x00,0x00,0x00,0x00,0x00,0x00,0x00,0x00,
    0x00,0x00,0x00,0x00,0x00,0x00,0x00,0x00,0x00,0x00,0x00,0x00,0x00,0x00,0x00,
    0x00,0x00,0x00,0x00,0x00,0x00,0x00,0x00,0x00,0x00,0x00,0x00,0x00,0x00,0x00,
    0x00,0x00,0x00,0x00,0x00,0x00,0x00,0x00,0x00,0x00,0x00,0x00,0x00,0x00,0x00,
    0x00,0x00,0x00,0x00,0x00,0x00,0x00,0x00,0x00,0x00,0x00,0x00,0x00,0x00,0x00,
    0x00,0x00,0x00,0x00,0x00,0x00,0x00,0x00,0x00,0x00,0x00,0x00,0x00,0x00,0x00,
    0x00,0x00,0x00,0x00,0x00,0x00,0x00,0x00,0x00,0x00,0x00,0x00,0x00,0x00,0x00,
    0x00,0x00,0x00,0x00,0x00,0x00,0x00,0x00,0x00,0x00,0x00,0x00,0x00,0x00,0x00,
    0x00,0x00,0x00,0x00,0x00,0x00,0x00,0x00,0x00,0x00,0x00,0x00,0x00,0x00,0x00,
    0x00,0x00,0x00,0x00,0x00,0x00,0x00,0x00,0x00,0x00,0x00,0x00,0x00,0x00,0x00,
    0x00,0x00,0x00,0x00,0x00,0x00,0x00,0x00,0x00,0x00,0x00,0x00,0x00,0x00,0x00,
    0x00,0x00,0x00,0x00,0x00,0x00,0x00,0x00,0x00,0x00,0x00,0x00,0x09,0x09,0x09,
    0x2A,0x10,0x10,0x10,0xF8,0x55,0x55,0x55,0xFF,0x95,0x95,0x95,0xFF,0xCA,0xCA,
    0xCA,0xFF,0xCB,0xCB,0xCB,0xFF,0xCB,0xCB,0xCB,0xFF,0xCB,0xCB,0xCB,0xFF,0xCB,
    0xCB,0xCB,0xFF,0xCB,0xCB,0xCB,0xFF,0xCB,0xCB,0xCB,0xFF,0xCB,0xCB,0xCB,0xFF,
    0xCB,0xCB,0xCB,0xFF,0xD8,0xD8,0xD8,0xFF,0xFB,0xFB,0xFB,0xFF,0xFA,0xFA,0xFA,
    0xFF,0xFC,0xFC,0xFC,0xFF,0xFF,0xFF,0xFF,0xFF,0xFF,0xFF,0xFF,0xFF,0xFF,0xFF,
    0xFF,0xFF,0xFF,0xFF,0xFF,0xFF,0xFF,0xFF,0xFF,0xFF,0xFF,0xFF,0xFF,0xFF,0xFF,
    0xFF,0xFF,0xFF,0xFB,0xFD,0xFD,0xFF,0x72,0xCB,0xD4,0xFF,0x35,0xC5,0xD0,0xFF,
    0x35,0xC5,0xD0,0xFF,0x35,0xC5,0xD0,0xFF,0x35,0xC5,0xD0,0xFF,0x35,0xC5,0xD0,
    0xFF,0x35,0xC5,0xD0,0xFF,0x35,0xC5,0xD0,0xFF,0x35,0xC5,0xD0,0xFF,0x35,0xC5,
    0xD0,0xFF,0x82,0xC3,0xCA,0xFF,0xCA,0xCB,0xCB,0xFF,0xCA,0xCB,0xCB,0xFF,0x7F,
    0xC4,0xCB,0xFF,0x35,0xC5,0xD0,0xFF,0x35,0xC5,0xD0,0xFF,0x35,0xC5,0xD0,0xFF,
    0x35,0xC5,0xD0,0xFF,0x35,0xC5,0xD0,0xFF,0x35,0xC5,0xD0,0xFF,0x35,0xC5,0xD0,
    0xFF,0x35,0xC5,0xD0,0xFF,0x35,0xC5,0xD0,0xFF,0x79,0xCC,0xD4,0xFF,0xFC,0xFD,
    0xFD,0xFF,0xFF,0xFF,0xFF,0xFF,0xFF,0xFF,0xFF,0xFF,0xFF,0xFF,0xFF,0xFF,0xFF,
    0xFF,0xFF,0xFF,0xFF,0xFF,0xFF,0xFF,0xFF,0xFF,0xFF,0xFF,0xFF,0xFF,0xFF,0xFF,
    0xFD,0xFD,0xFD,0xFF,0xF9,0xF9,0xF9,0xFF,0xFB,0xFB,0xFB,0xFF,0xD7,0xD7,0xD7,
    0xFF,0xCB,0xCB,0xCB,0xFF,0xCB,0xCB,0xCB,0xFF,0xCB,0xCB,0xCB,0xFF,0xCB,0xCB,
    0xCB,0xFF,0xCB,0xCB,0xCB,0xFF,0xCB,0xCB,0xCB,0xFF,0xCB,0xCB,0xCB,0xFF,0xCB,
    0xCB,0xCB,0xFF,0xCA,0xCA,0xCA,0xFF,0x94,0x94,0x94,0xFF,0x54,0x54,0x54,0xFF,
    0x0F,0x0F,0x0F,0xF9,0x0C,0x0C,0x0C,0x2B,0x00,0x00,0x00,0x00,0x00,0x00,0x00,
    0x00,0x00,0x00,0x00,0x00,0x00,0x00,0x00,0x00,0x00,0x00,0x00,0x00,0x00,0x00,
    0x00,0x00,0x00,0x00,0x00,0x00,0x00,0x00,0x00,0x00,0x00,0x00,0x00,0x00,0x00,
    0x00,0x00,0x00,0x00,0x00,0x00,0x00,0x00,0x00,0x00,0x00,0x00,0x00,0x00,0x00,
    0x00,0x00,0x00,0x00,0x00,0x00,0x00,0x00,0x00,0x00,0x00,0x00,0x00,0x00,0x00,
    0x00,0x00,0x00,0x00,0x00,0x00,0x00,0x00,0x00,0x00,0x00,0x00,0x00,0x00,0x00,
    0x00,0x00,0x00,0x00,0x00,0x00,0x00,0x00,0x00,0x00,0x00,0x00,0x00,0x00,0x00,
    0x00,0x00,0x00,0x00,0x00,0x00,0x00,0x00,0x00,0x00,0x00,0x00,0x00,0x00,0x00,
    0x00,0x00,0x00,0x00,0x00,0x00,0x00,0x00,0x00,0x00,0x00,0x00,0x00,0x00,0x00,
    0x00,0x00,0x00,0x00,0x00,0x00,0x00,0x00,0x00,0x00,0x00,0x00,0x00,0x00,0x00,
    0x00,0x00,0x00,0x00,0x00,0x00,0x00,0x00,0x00,0x00,0x00,0x00,0x00,0x00,0x00,
    0x00,0x00,0x00,0x00,0x00,0x00,0x00,0x00,0x00,0x00,0x00,0x00,0x00,0x00,0x00,
    0x00,0x00,0x00,0x00,0x00,0x00,0x00,0x00,0x00,0x00,0x00,0x00,0x00,0x00,0x00,
    0x00,0x00,0x00,0x00,0x00,0x00,0x00,0x00,0x00,0x00,0x00,0x00,0x00,0x00,0x00,
    0x00,0x00,0x00,0x00,0x00,0x00,0x00,0x00,0x00,0x00,0x12,0x12,0x12,0x02,0x04,
    0x04,0x04,0xC0,0x3C,0x3C,0x3C,0xFF,0x70,0x70,0x70,0xFF,0xC1,0xC1,0xC1,0xFF,
    0xCB,0xCB,0xCB,0xFF,0xCB,0xCB,0xCB,0xFF,0xCB,0xCB,0xCB,0xFF,0xCB,0xCB,0xCB,
    0xFF,0xCB,0xCB,0xCB,0xFF,0xCB,0xCB,0xCB,0xFF,0xCB,0xCB,0xCB,0xFF,0xCA,0xCB,
    0xCB,0xFF,0xC3,0xC8,0xC8,0xFF,0xE5,0xE7,0xE7,0xFF,0xFB,0xFB,0xFB,0xFF,0xFF,
    0xFF,0xFF,0xFF,0xFF,0xFF,0xFF,0xFF,0xFF,0xFF,0xFF,0xFF,0xFF,0xFF,0xFF,0xFF,
    0xFF,0xFF,0xFF,0xFF,0xFF,0xFF,0xFF,0xFF,0xFF,0xFF,0xFF,0xFF,0xFF,0xFF,0xFF,
    0xFF,0xFF,0xFF,0xFF,0xFF,0xF7,0xFA,0xFA,0xFF,0x50,0xC6,0xD0,0xFF,0x35,0xC5,
    0xD0,0xFF,0x35,0xC5,0xD0,0xFF,0x35,0xC5,0xD0,0xFF,0x35,0xC5,0xD0,0xFF,0x35,
    0xC5,0xD0,0xFF,0x35,0xC5,0xD0,0xFF,0x35,0xC5,0xD0,0xFF,0x35,0xC5,0xD0,0xFF,
    0x35,0xC5,0xD0,0xFF,0x7A,0xC3,0xCB,0xFF,0xC9,0xCB,0xCB,0xFF,0xC9,0xCB,0xCB,
    0xFF,0x74,0xC3,0xCB,0xFF,0x35,0xC5,0xD0,0xFF,0x35,0xC5,0xD0,0xFF,0x35,0xC5,
    0xD0,0xFF,0x35,0xC5,0xD0,0xFF,0x35,0xC5,0xD0,0xFF,0x35,0xC5,0xD0,0xFF,0x35,
    0xC5,0xD0,0xFF,0x35,0xC5,0xD0,0xFF,0x35,0xC5,0xD0,0xFF,0x55,0xC6,0xD0,0xFF,
    0xF9,0xFC,0xFC,0xFF,0xFF,0xFF,0xFF,0xFF,0xFF,0xFF,0xFF,0xFF,0xFF,0xFF,0xFF,
    0xFF,0xFF,0xFF,0xFF,0xFF,0xFF,0xFF,0xFF,0xFF,0xFF,0xFF,0xFF,0xFF,0xFF,0xFF,
    0xFF,0xFF,0xFF,0xFF,0xFF,0xFF,0xFF,0xFF,0xFF,0xFF,0xFC,0xFC,0xFC,0xFF,0xE3,
    0xE6,0xE6,0xFF,0xC2,0xC8,0xC8,0xFF,0xCA,0xCB,0xCB,0xFF,0xCB,0xCB,0xCB,0xFF,
    0xCB,0xCB,0xCB,0xFF,0xCB,0xCB,0xCB,0xFF,0xCB,0xCB,0xCB,0xFF,0xCB,0xCB,0xCB,
    0xFF,0xCB,0xCB,0xCB,0xFF,0xCB,0xCB,0xCB,0xFF,0xC1,0xC1,0xC1,0xFF,0x70,0x70,
    0x70,0xFF,0x3C,0x3C,0x3C,0xFF,0x05,0x05,0x05,0xC1,0x17,0x17,0x17,0x02,0x00,
    0x00,0x00,0x00,0x00,0x00,0x00,0x00,0x00,0x00,0x00,0x00,0x00,0x00,0x00,0x00,
    0x00,0x00,0x00,0x00,0x00,0x00,0x00,0x00,0x00,0x00,0x00,0x00,0x00,0x00,0x00,
    0x00,0x00,0x00,0x00,0x00,0x00,0x00,0x00,0x00,0x00,0x00,0x00,0x00,0x00,0x00,
    0x00,0x00,0x00,0x00,0x00,0x00,0x00,0x00,0x00,0x00,0x00,0x00,0x00,0x00,0x00,
    0x00,0x00,0x00,0x00,0x00,0x00,0x00,0x00,0x00,0x00,0x00,0x00,0x00,0x00,0x00,
    0x00,0x00,0x00,0x00,0x00,0x00,0x00,0x00,0x00,0x00,0x00,0x00,0x00,0x00,0x00,
    0x00,0x00,0x00,0x00,0x00,0x00,0x00,0x00,0x00,0x00,0x00,0x00,0x00,0x00,0x00,
    0x00,0x00,0x00,0x00,0x00,0x00,0x00,0x00,0x00,0x00,0x00,0x00,0x00,0x00,0x00,
    0x00,0x00,0x00,0x00,0x00,0x00,0x00,0x00,0x00,0x00,0x00,0x00,0x00,0x00,0x00,
    0x00,0x00,0x00,0x00,0x00,0x00,0x00,0x00,0x00,0x00,0x00,0x00,0x00,0x00,0x00,
    0x00,0x00,0x00,0x00,0x00,0x00,0x00,0x00,0x00,0x00,0x00,0x00,0x00,0x00,0x00,
    0x00,0x00,0x00,0x00,0x00,0x00,0x00,0x00,0x00,0x00,0x00,0x00,0x00,0x00,0x00,
    0x00,0x00,0x00,0x00,0x00,0x00,0x00,0x00,0x00,0x00,0x00,0x00,0x00,0x00,0x00,
    0x00,0x00,0x00,0x00,0x00,0x00,0x00,0x00,0x00,0x00,0x00,0x00,0x07,0x07,0x07,
    0x41,0x1A,0x1A,0x1A,0xFB,0x5B,0x5B,0x5B,0xFF,0xA7,0xA7,0xA7,0xFF,0xCB,0xCB,
    0xCB,0xFF,0xCB,0xCB,0xCB,0xFF,0xCB,0xCB,0xCB,0xFF,0xCB,0xCB,0xCB,0xFF,0xCB,
    0xCB,0xCB,0xFF,0xCB,0xCB,0xCB,0xFF,0xCA,0xCB,0xCB,0xFF,0xBE,0xC6,0xC6,0xFF,
    0x91,0xBE,0xBE,0xFF,0x7C,0xC1,0xC1,0xFF,0xF9,0xFB,0xFB,0xFF,0xFF,0xFF,0xFF,
    0xFF,0xFF,0xFF,0xFF,0xFF,0xFF,0xFF,0xFF,0xFF,0xFF,0xFF,0xFF,0xFF,0xFF,0xFF,
    0xFF,0xFF,0xFF,0xFF,0xFF,0xFF,0xFF,0xFF,0xFF,0xFF,0xFF,0xFF,0xFF,0xFF,0xFF,
    0xFF,0xFF,0xFF,0xFF,0xFF,0xFF,0xFF,0xEB,0xF3,0xF4,0xFF,0x48,0xC7,0xD1,0xFF,
    0x35,0xC5,0xD0,0xFF,0x35,0xC5,0xD0,0xFF,0x35,0xC5,0xD0,0xFF,0x35,0xC5,0xD0,
    0xFF,0x35,0xC5,0xD0,0xFF,0x35,0xC5,0xD0,0xFF,0x35,0xC5,0xD0,0xFF,0x35,0xC5,
    0xD0,0xFF,0x35,0xC5,0xD0,0xFF,0x6E,0xC3,0xCB,0xFF,0xC9,0xCB,0xCB,0xFF,0xC9,
    0xCB,0xCB,0xFF,0x69,0xC3,0xCC,0xFF,0x35,0xC5,0xD0,0xFF,0x35,0xC5,0xD0,0xFF,
    0x35,0xC5,0xD0,0xFF,0x35,0xC5,0xD0,0xFF,0x35,0xC5,0xD0,0xFF,0x35,0xC5,0xD0,
    0xFF,0x35,0xC5,0xD0,0xFF,0x35,0xC5,0xD0,0xFF,0x35,0xC5,0xD0,0xFF,0x49,0xC7,
    0xD1,0xFF,0xEE,0xF4,0xF5,0xFF,0xFF,0xFF,0xFF,0xFF,0xFF,0xFF,0xFF,0xFF,0xFF,
    0xFF,0xFF,0xFF,0xFF,0xFF,0xFF,0xFF,0xFF,0xFF,0xFF,0xFF,0xFF,0xFF,0xFF,0xFF,
    0xFF,0xFF,0xFF,0xFF,0xFF,0xFF,0xFF,0xFF,0xFF,0xFF,0xFF,0xFF,0xFF,0xFF,0xFF,
    0xFF,0xF9,0xFB,0xFB,0xFF,0x78,0xC1,0xC1,0xFF,0x8E,0xBE,0xBE,0xFF,0xBC,0xC6,
    0xC6,0xFF,0xCA,0xCA,0xCA,0xFF,0xCB,0xCB,0xCB,0xFF,0xCB,0xCB,0xCB,0xFF,0xCB,
    0xCB,0xCB,0xFF,0xCB,0xCB,0xCB,0xFF,0xCB,0xCB,0xCB,0xFF,0xCB,0xCB,0xCB,0xFF,
    0xA7,0xA7,0xA7,0xFF,0x5B,0x5B,0x5B,0xFF,0x19,0x19,0x19,0xFC,0x0A,0x0A,0x0A,
    0x43,0x00,0x00,0x00,0x00,0x00,0x00,0x00,0x00,0x00,0x00,0x00,0x00,0x00,0x00,
    0x00,0x00,0x00,0x00,0x00,0x00,0x00,0x00,0x00,0x00,0x00,0x00,0x00,0x00,0x00,
    0x00,0x00,0x00,0x00,0x00,0x00,0x00,0x00,0x00,0x00,0x00,0x00,0x00,0x00,0x00,
    0x00,0x00,0x00,0x00,0x00,0x00,0x00,0x00,0x00,0x00,0x00,0x00,0x00,0x00,0x00,
    0x00,0x00,0x00,0x00,0x00,0x00,0x00,0x00,0x00,0x00,0x00,0x00,0x00,0x00,0x00,
    0x00,0x00,0x00,0x00,0x00,0x00,0x00,0x00,0x00,0x00,0x00,0x00,0x00,0x00,0x00,
    0x00,0x00,0x00,0x00,0x00,0x00,0x00,0x00,0x00,0x00,0x00,0x00,0x00,0x00,0x00,
    0x00,0x00,0x00,0x00,0x00,0x00,0x00,0x00,0x00,0x00,0x00,0x00,0x00,0x00,0x00,
    0x00,0x00,0x00,0x00,0x00,0x00,0x00,0x00,0x00,0x00,0x00,0x00,0x00,0x00,0x00,
    0x00,0x00,0x00,0x00,0x00,0x00,0x00,0x00,0x00,0x00,0x00,0x00,0x00,0x00,0x00,
    0x00,0x00,0x00,0x00,0x00,0x00,0x00,0x00,0x00,0x00,0x00,0x00,0x00,0x00,0x00,
    0x00,0x00,0x00,0x00,0x00,0x00,0x00,0x00,0x00,0x00,0x00,0x00,0x00,0x00,0x00,
    0x00,0x00,0x00,0x00,0x00,0x00,0x00,0x00,0x00,0x00,0x00,0x00,0x00,0x00,0x00,
    0x00,0x00,0x00,0x00,0x00,0x00,0x00,0x00,0x00,0x00,0x16,0x16,0x16,0x06,0x05,
    0x05,0x05,0xD6,0x45,0x45,0x45,0xFF,0x81,0x81,0x81,0xFF,0xC8,0xC8,0xC8,0xFF,
    0xCB,0xCB,0xCB,0xFF,0xCB,0xCB,0xCB,0xFF,0xCB,0xCB,0xCB,0xFF,0xCB,0xCB,0xCB,
    0xFF,0xC8,0xCA,0xCA,0xFF,0xB4,0xC4,0xC4,0xFF,0x83,0xBC,0xBC,0xFF,0x37,0xB8,
    0xB8,0xFF,0x15,0xB8,0xB8,0xFF,0xBB,0xDC,0xDC,0xFF,0xFE,0xFF,0xFF,0xFF,0xFF,
    0xFF,0xFF,0xFF,0xFF,0xFF,0xFF,0xFF,0xFF,0xFF,0xFF,0xFF,0xFF,0xFF,0xFF,0xFF,
    0xFF,0xFF,0xFF,0xFF,0xFF,0xFF,0xFF,0xFF,0xFF,0xFF,0xFF,0xFF,0xFF,0xFF,0xFF,
    0xFF,0xFF,0xFF,0xFF,0xFF,0xFF,0xFF,0xFF,0xFF,0xDF,0xEE,0xF0,0xFF,0x43,0xC6,
    0xD1,0xFF,0x35,0xC5,0xD0,0xFF,0x35,0xC5,0xD0,0xFF,0x35,0xC5,0xD0,0xFF,0x35,
    0xC5,0xD0,0xFF,0x35,0xC5,0xD0,0xFF,0x35,0xC5,0xD0,0xFF,0x35,0xC5,0xD0,0xFF,
    0x35,0xC5,0xD0,0xFF,0x35,0xC5,0xD0,0xFF,0x61,0xC2,0xCB,0xFF,0xC7,0xC9,0xCA,
    0xFF,0xC7,0xC9,0xCA,0xFF,0x5B,0xC2,0xCC,0xFF,0x35,0xC5,0xD0,0xFF,0x35,0xC5,
    0xD0,0xFF,0x35,0xC5,0xD0,0xFF,0x35,0xC5,0xD0,0xFF,0x35,0xC5,0xD0,0xFF,0x35,
    0xC5,0xD0,0xFF,0x35,0xC5,0xD0,0xFF,0x35,0xC5,0xD0,0xFF,0x35,0xC5,0xD0,0xFF,
    0x44,0xC6,0xD1,0xFF,0xE2,0xF0,0xF1,0xFF,0xFF,0xFF,0xFF,0xFF,0xFF,0xFF,0xFF,
    0xFF,0xFF,0xFF,0xFF,0xFF,0xFF,0xFF,0xFF,0xFF,0xFF,0xFF,0xFF,0xFF,0xFF,0xFF,
    0xFF,0xFF,0xFF,0xFF,0xFF,0xFF,0xFF,0xFF,0xFF,0xFF,0xFF,0xFF,0xFF,0xFF,0xFF,
    0xFF,0xFF,0xFF,0xFE,0xFF,0xFF,0xFF,0xB9,0xDB,0xDB,0xFF,0x13,0xB8,0xB8,0xFF,
    0x33,0xB8,0xB8,0xFF,0x7F,0xBC,0xBC,0xFF,0xB2,0xC3,0xC3,0xFF,0xC8,0xCA,0xCA,
    0xFF,0xCB,0xCB,0xCB,0xFF,0xCB,0xCB,0xCB,0xFF,0xCB,0xCB,0xCB,0xFF,0xCB,0xCB,
    0xCB,0xFF,0xC8,0xC8,0xC8,0xFF,0x80,0x80,0x80,0xFF,0x44,0x44,0x44,0xFF,0x05,
    0x05,0x05,0xD8,0x19,0x19,0x19,0x06,0x00,0x00,0x00,0x00,0x00,0x00,0x00,0x00,
    0x00,0x00,0x00,0x00,0x00,0x00,0x00,0x00,0x00,0x00,0x00,0x00,0x00,0x00,0x00,
    0x00,0x00,0x00,0x00,0x00,0x00,0x00,0x00,0x00,0x00,0x00,0x00,0x00,0x00,0x00,
    0x00,0x00,0x00,0x00,0x00,0x00,0x00,0x00,0x00,0x00,0x00,0x00,0x00,0x00,0x00,
    0x00,0x00,0x00,0x00,0x00,0x00,0x00,0x00,0x00,0x00,0x00,0x00,0x00,0x00,0x00,
    0x00,0x00,0x00,0x00,0x00,0x00,0x00,0x00,0x00,0x00,0x00,0x00,0x00,0x00,0x00,
    0x00,0x00,0x00,0x00,0x00,0x00,0x00,0x00,0x00,0x00,0x00,0x00,0x00,0x00,0x00,
    0x00,0x00,0x00,0x00,0x00,0x00,0x00,0x00,0x00,0x00,0x00,0x00,0x00,0x00,0x00,
    0x00,0x00,0x00,0x00,0x00,0x00,0x00,0x00,0x00,0x00,0x00,0x00,0x00,0x00,0x00,
    0x00,0x00,0x00,0x00,0x00,0x00,0x00,0x00,0x00,0x00,0x00,0x00,0x00,0x00,0x00,
    0x00,0x00,0x00,0x00,0x00,0x00,0x00,0x00,0x00,0x00,0x00,0x00,0x00,0x00,0x00,
    0x00,0x00,0x00,0x00,0x00,0x00,0x00,0x00,0x00,0x00,0x00,0x00,0x00,0x00,0x00,
    0x00,0x00,0x00,0x00,0x00,0x00,0x00,0x00,0x00,0x00,0x00,0x00,0x00,0x00,0x00,
    0x00,0x00,0x00,0x00,0x00,0x00,0x00,0x00,0x00,0x00,0x00,0x00,0x05,0x05,0x05,
    0x5C,0x24,0x24,0x24,0xFE,0x61,0x61,0x61,0xFF,0xB6,0xB6,0xB6,0xFF,0xCB,0xCB,
    0xCB,0xFF,0xCB,0xCB,0xCB,0xFF,0xCA,0xCB,0xCB,0xFF,0xC2,0xC8,0xC8,0xFF,0xA1,
    0xC0,0xC0,0xFF,0x69,0xBA,0xBA,0xFF,0x24,0xB8,0xB8,0xFF,0x03,0xB8,0xB8,0xFF,
    0x00,0xB8,0xB8,0xFF,0x3F,0xBB,0xBB,0xFF,0xEE,0xF4,0xF4,0xFF,0xFF,0xFF,0xFF,
    0xFF,0xFF,0xFF,0xFF,0xFF,0xFF,0xFF,0xFF,0xFF,0xFF,0xFF,0xFF,0xFF,0xFF,0xFF,
    0xFF,0xFF,0xFF,0xFF,0xFF,0xFF,0xFF,0xFF,0xFF,0xFF,0xFF,0xFF,0xFF,0xFF,0xFF,
    0xFF,0xFF,0xFF,0xFF,0xFF,0xFF,0xFF,0xFF,0xFF,0xFF,0xFF,0xD3,0xE9,0xEC,0xFF,
    0x3E,0xC6,0xD0,0xFF,0x35,0xC5,0xD0,0xFF,0x35,0xC5,0xD0,0xFF,0x35,0xC5,0xD0,
    0xFF,0x35,0xC5,0xD0,0xFF,0x35,0xC5,0xD0,0xFF,0x35,0xC5,0xD0,0xFF,0x35,0xC5,
    0xD0,0xFF,0x35,0xC5,0xD0,0xFF,0x35,0xC5,0xD0,0xFF,0x49,0xBC,0xC5,0xFF,0x81,
    0x86,0x86,0xFF,0x7F,0x83,0x84,0xFF,0x42,0xBC,0xC5,0xFF,0x35,0xC5,0xD0,0xFF,
    0x35,0xC5,0xD0,0xFF,0x35,0xC5,0xD0,0xFF,0x35,0xC5,0xD0,0xFF,0x35,0xC5,0xD0,
    0xFF,0x35,0xC5,0xD0,0xFF,0x35,0xC5,0xD0,0xFF,0x35,0xC5,0xD0,0xFF,0x35,0xC5,
    0xD0,0xFF,0x3F,0xC6,0xD0,0xFF,0xD6,0xEB,0xED,0xFF,0xFF,0xFF,0xFF,0xFF,0xFF,
    0xFF,0xFF,0xFF,0xFF,0xFF,0xFF,0xFF,0xFF,0xFF,0xFF,0xFF,0xFF,0xFF,0xFF,0xFF,
    0xFF,0xFF,0xFF,0xFF,0xFF,0xFF,0xFF,0xFF,0xFF,0xFF,0xFF,0xFF,0xFF,0xFF,0xFF,
    0xFF,0xFF,0xFF,0xFF,0xFF,0xFF,0xFF,0xFF,0xFF,0xEC,0xF3,0xF3,0xFF,0x3C,0xBB,
    0xBB,0xFF,0x00,0xB8,0xB8,0xFF,0x02,0xB8,0xB8,0xFF,0x21,0xB8,0xB8,0xFF,0x63,
    0xB9,0xB9,0xFF,0x9E,0xC0,0xC0,0xFF,0xC1,0xC7,0xC7,0xFF,0xCA,0xCA,0xCA,0xFF,
    0xCB,0xCB,0xCB,0xFF,0xCB,0xCB,0xCB,0xFF,0xB6,0xB6,0xB6,0xFF,0x61,0x61,0x61,
    0xFF,0x23,0x23,0x23,0xFE,0x07,0x07,0x07,0x5D,0x00,0x00,0x00,0x00,0x00,0x00,
    0x00,0x00,0x00,0x00,0x00,0x00,0x00,0x00,0x00,0x00,0x00,0x00,0x00,0x00,0x00,
    0x00,0x00,0x00,0x00,0x00,0x00,0x00,0x00,0x00,0x00,0x00,0x00,0x00,0x00,0x00,
    0x00,0x00,0x00,0x00,0x00,0x00,0x00,0x00,0x00,0x00,0x00,0x00,0x00,0x00,0x00,
    0x00,0x00,0x00,0x00,0x00,0x00,0x00,0x00,0x00,0x00,0x00,0x00,0x00,0x00,0x00,
    0x00,0x00,0x00,0x00,0x00,0x00,0x00,0x00,0x00,0x00,0x00,0x00,0x00,0x00,0x00,
    0x00,0x00,0x00,0x00,0x00,0x00,0x00,0x00,0x00,0x00,0x00,0x00,0x00,0x00,0x00,
    0x00,0x00,0x00,0x00,0x00,0x00,0x00,0x00,0x00,0x00,0x00,0x00,0x00,0x00,0x00,
    0x00,0x00,0x00,0x00,0x00,0x00,0x00,0x00,0x00,0x00,0x00,0x00,0x00,0x00,0x00,
    0x00,0x00,0x00,0x00,0x00,0x00,0x00,0x00,0x00,0x00,0x00,0x00,0x00,0x00,0x00,
    0x00,0x00,0x00,0x00,0x00,0x00,0x00,0x00,0x00,0x00,0x00,0x00,0x00,0x00,0x00,
    0x00,0x00,0x00,0x00,0x00,0x00,0x00,0x00,0x00,0x00,0x00,0x00,0x00,0x00,0x00,
    0x00,0x00,0x00,0x00,0x00,0x00,0x00,0x00,0x00,0x00,0x00,0x00,0x00,0x00,0x00,
    0x00,0x00,0x00,0x00,0x00,0x00,0x00,0x00,0x00,0x00,0x0B,0x0B,0x0B,0x0B,0x07,
    0x07,0x07,0xE7,0x4C,0x4C,0x4C,0xFF,0x92,0x92,0x92,0xFF,0xC9,0xC9,0xC9,0xFF,
    0xC6,0xC9,0xC9,0xFF,0xAC,0xC2,0xC2,0xFF,0x81,0xBC,0xBC,0xFF,0x3E,0xB8,0xB8,
    0xFF,0x12,0xB8,0xB8,0xFF,0x00,0xB8,0xB8,0xFF,0x00,0xB8,0xB8,0xFF,0x00,0xB8,
    0xB8,0xFF,0x01,0xB8,0xB8,0xFF,0x98,0xCE,0xCE,0xFF,0xFD,0xFE,0xFE,0xFF,0xFF,
    0xFF,0xFF,0xFF,0xFF,0xFF,0xFF,0xFF,0xFF,0xFF,0xFF,0xFF,0xFF,0xFF,0xFF,0xFF,
    0xFF,0xFF,0xFF,0xFF,0xFF,0xFF,0xFF,0xFF,0xFF,0xFF,0xFF,0xFF,0xFF,0xFF,0xFF,
    0xFF,0xFF,0xFF,0xFF,0xFF,0xFF,0xFF,0xFF,0xFF,0xFF,0xFF,0xFF,0xFF,0xC8,0xE5,
    0xE9,0xFF,0x39,0xC5,0xD0,0xFF,0x35,0xC5,0xD0,0xFF,0x35,0xC5,0xD0,0xFF,0x35,
    0xC5,0xD0,0xFF,0x35,0xC5,0xD0,0xFF,0x35,0xC5,0xD0,0xFF,0x35,0xC5,0xD0,0xFF,
    0x35,0xC5,0xD0,0xFF,0x34,0xC2,0xCC,0xFF,0x27,0xBB,0xC0,0xFF,0x14,0xB3,0xB3,
    0xFF,0x2B,0x3C,0x3C,0xFF,0x2B,0x41,0x41,0xFF,0x10,0xB4,0xB5,0xFF,0x27,0xBA,
    0xC0,0xFF,0x33,0xC2,0xCC,0xFF,0x35,0xC5,0xD0,0xFF,0x35,0xC5,0xD0,0xFF,0x35,
    0xC5,0xD0,0xFF,0x35,0xC5,0xD0,0xFF,0x35,0xC5,0xD0,0xFF,0x35,0xC5,0xD0,0xFF,
    0x35,0xC5,0xD0,0xFF,0x3B,0xC5,0xD0,0xFF,0xCC,0xE6,0xEA,0xFF,0xFF,0xFF,0xFF,
    0xFF,0xFF,0xFF,0xFF,0xFF,0xFF,0xFF,0xFF,0xFF,0xFF,0xFF,0xFF,0xFF,0xFF,0xFF,
    0xFF,0xFF,0xFF,0xFF,0xFF,0xFF,0xFF,0xFF,0xFF,0xFF,0xFF,0xFF,0xFF,0xFF,0xFF,
    0xFF,0xFF,0xFF,0xFF,0xFF,0xFF,0xFF,0xFF,0xFF,0xFF,0xFF,0xFD,0xFE,0xFE,0xFF,
    0x95,0xCD,0xCD,0xFF,0x01,0xB8,0xB8,0xFF,0x00,0xB8,0xB8,0xFF,0x00,0xB8,0xB8,
    0xFF,0x00,0xB8,0xB8,0xFF,0x10,0xB8,0xB8,0xFF,0x39,0xB8,0xB8,0xFF,0x7D,0xBC,
    0xBC,0xFF,0xA9,0xC2,0xC2,0xFF,0xC4,0xC8,0xC8,0xFF,0xC9,0xC9,0xC9,0xFF,0x92,
    0x92,0x92,0xFF,0x4B,0x4B,0x4B,0xFF,0x07,0x07,0x07,0xE8,0x12,0x12,0x12,0x0C,
    0x00,0x00,0x00,0x00,0x00,0x00,0x00,0x00,0x00,0x00,0x00,0x00,0x00,0x00,0x00,
    0x00,0x00,0x00,0x00,0x00,0x00,0x00,0x00,0x00,0x00,0x00,0x00,0x00,0x00,0x00,
    0x00,0x00,0x00,0x00,0x00,0x00,0x00,0x00,0x00,0x00,0x00,0x00,0x00,0x00,0x00,
    0x00,0x00,0x00,0x00,0x00,0x00,0x00,0x00,0x00,0x00,0x00,0x00,0x00,0x00,0x00,
    0x00,0x00,0x00,0x00,0x00,0x00,0x00,0x00,0x00,0x00,0x00,0x00,0x00,0x00,0x00,
    0x00,0x00,0x00,0x00,0x00,0x00,0x00,0x00,0x00,0x00,0x00,0x00,0x00,0x00,0x00,
    0x00,0x00,0x00,0x00,0x00,0x00,0x00,0x00,0x00,0x00,0x00,0x00,0x00,0x00,0x00,
    0x00,0x00,0x00,0x00,0x00,0x00,0x00,0x00,0x00,0x00,0x00,0x00,0x00,0x00,0x00,
    0x00,0x00,0x00,0x00,0x00,0x00,0x00,0x00,0x00,0x00,0x00,0x00,0x00,0x00,0x00,
    0x00,0x00,0x00,0x00,0x00,0x00,0x00,0x00,0x00,0x00,0x00,0x00,0x00,0x00,0x00,
    0x00,0x00,0x00,0x00,0x00,0x00,0x00,0x00,0x00,0x00,0x00,0x00,0x00,0x00,0x00,
    0x00,0x00,0x00,0x00,0x00,0x00,0x00,0x00,0x00,0x00,0x00,0x00,0x00,0x00,0x00,
    0x00,0x00,0x00,0x00,0x00,0x00,0x00,0x00,0x00,0x00,0x00,0x00,0x05,0x05,0x05,
    0x7D,0x2C,0x2C,0x2C,0xFF,0x62,0x68,0x68,0xFF,0x9D,0xB6,0xB6,0xFF,0x85,0xBC,
    0xBC,0xFF,0x49,0xB8,0xB8,0xFF,0x1B,0xB8,0xB8,0xFF,0x01,0xB8,0xB8,0xFF,0x00,
    0xB8,0xB8,0xFF,0x00,0xB8,0xB8,0xFF,0x00,0xB8,0xB8,0xFF,0x00,0xB8,0xB8,0xFF,
    0x00,0xB8,0xB8,0xFF,0x22,0xB9,0xB9,0xFF,0xD6,0xE8,0xE8,0xFF,0xFF,0xFF,0xFF,
    0xFF,0xFF,0xFF,0xFF,0xFF,0xFF,0xFF,0xFF,0xFF,0xFF,0xFF,0xFF,0xFF,0xFF,0xFF,
    0xFF,0xFF,0xFF,0xFF,0xFF,0xFF,0xFF,0xFF,0xFF,0xFF,0xFF,0xFF,0xFF,0xFF,0xFF,
    0xFF,0xFF,0xFF,0xFF,0xFF,0xFF,0xFF,0xFF,0xFF,0xFF,0xFF,0xFF,0xFF,0xFF,0xFF,
    0xBE,0xE1,0xE6,0xFF,0x35,0xC5,0xD0,0xFF,0x35,0xC5,0xD0,0xFF,0x35,0xC5,0xD0,
    0xFF,0x35,0xC5,0xD0,0xFF,0x35,0xC5,0xD0,0xFF,0x35,0xC5,0xD0,0xFF,0x34,0xC2,
    0xCC,0xFF,0x29,0xBB,0xC2,0xFF,0x13,0xB7,0xB8,0xFF,0x01,0xB8,0xB8,0xFF,0x03,
    0xB5,0xB5,0xFF,0x29,0x52,0x52,0xFF,0x28,0x58,0x58,0xFF,0x03,0xB6,0xB6,0xFF,
    0x01,0xB8,0xB8,0xFF,0x10,0xB8,0xB9,0xFF,0x28,0xBB,0xC1,0xFF,0x34,0xC2,0xCC,
    0xFF,0x35,0xC5,0xD0,0xFF,0x35,0xC5,0xD0,0xFF,0x35,0xC5,0xD0,0xFF,0x35,0xC5,
    0xD0,0xFF,0x35,0xC5,0xD0,0xFF,0x36,0xC5,0xD0,0xFF,0xC1,0xE2,0xE6,0xFF,0xFF,
    0xFF,0xFF,0xFF,0xFF,0xFF,0xFF,0xFF,0xFF,0xFF,0xFF,0xFF,0xFF,0xFF,0xFF,0xFF,
    0xFF,0xFF,0xFF,0xFF,0xFF,0xFF,0xFF,0xFF,0xFF,0xFF,0xFF,0xFF,0xFF,0xFF,0xFF,
    0xFF,0xFF,0xFF,0xFF,0xFF,0xFF,0xFF,0xFF,0xFF,0xFF,0xFF,0xFF,0xFF,0xFF,0xFF,
    0xFF,0xFF,0xD4,0xE7,0xE7,0xFF,0x21,0xB9,0xB9,0xFF,0x00,0xB8,0xB8,0xFF,0x00,
    0xB8,0xB8,0xFF,0x00,0xB8,0xB8,0xFF,0x00,0xB8,0xB8,0xFF,0x00,0xB8,0xB8,0xFF,
    0x01,0xB8,0xB8,0xFF,0x18,0xB8,0xB8,0xFF,0x44,0xB8,0xB8,0xFF,0x80,0xBC,0xBC,
    0xFF,0x99,0xB6,0xB6,0xFF,0x61,0x68,0x68,0xFF,0x2C,0x2C,0x2C,0xFF,0x06,0x06,
    0x06,0x7E,0x00,0x00,0x00,0x00,0x00,0x00,0x00,0x00,0x00,0x00,0x00,0x00,0x00,
    0x00,0x00,0x00,0x00,0x00,0x00,0x00,0x00,0x00,0x00,0x00,0x00,0x00,0x00,0x00,
    0x00,0x00,0x00,0x00,0x00,0x00,0x00,0x00,0x00,0x00,0x00,0x00,0x00,0x00,0x00,
    0x00,0x00,0x00,0x00,0x00,0x00,0x00,0x00,0x00,0x00,0x00,0x00,0x00,0x00,0x00,
    0x00,0x00,0x00,0x00,0x00,0x00,0x00,0x00,0x00,0x00,0x00,0x00,0x00,0x00,0x00,
    0x00,0x00,0x00,0x00,0x00,0x00,0x00,0x00,0x00,0x00,0x00,0x00,0x00,0x00,0x00,
    0x00,0x00,0x00,0x00,0x00,0x00,0x00,0x00,0x00,0x00,0x00,0x00,0x00,0x00,0x00,
    0x00,0x00,0x00,0x00,0x00,0x00,0x00,0x00,0x00,0x00,0x00,0x00,0x00,0x00,0x00,
    0x00,0x00,0x00,0x00,0x00,0x00,0x00,0x00,0x00,0x00,0x00,0x00,0x00,0x00,0x00,
    0x00,0x00,0x00,0x00,0x00,0x00,0x00,0x00,0x00,0x00,0x00,0x00,0x00,0x00,0x00,
    0x00,0x00,0x00,0x00,0x00,0x00,0x00,0x00,0x00,0x00,0x00,0x00,0x00,0x00,0x00,
    0x00,0x00,0x00,0x00,0x00,0x00,0x00,0x00,0x00,0x00,0x00,0x00,0x00,0x00,0x00,
    0x00,0x00,0x00,0x00,0x00,0x00,0x00,0x00,0x00,0x00,0x0B,0x0B,0x0B,0x17,0x0B,
    0x0B,0x0B,0xF3,0x50,0x52,0x52,0xFF,0x44,0x95,0x95,0xFF,0x19,0xB8,0xB8,0xFF,
    0x01,0xB8,0xB8,0xFF,0x00,0xB8,0xB8,0xFF,0x00,0xB8,0xB8,0xFF,0x00,0xB8,0xB8,
    0xFF,0x00,0xB8,0xB8,0xFF,0x00,0xB8,0xB8,0xFF,0x00,0xB8,0xB8,0xFF,0x00,0xB8,
    0xB8,0xFF,0x00,0xB8,0xB8,0xFF,0x64,0xC0,0xC0,0xFF,0xF8,0xFA,0xFA,0xFF,0xFF,
    0xFF,0xFF,0xFF,0xFF,0xFF,0xFF,0xFF,0xFF,0xFF,0xFF,0xFF,0xFF,0xFF,0xFF,0xFF,
    0xFF,0xFF,0xFF,0xFF,0xFF,0xFF,0xFF,0xFF,0xFF,0xFF,0xFF,0xFF,0xFF,0xFF,0xFF,
    0xFF,0xFF,0xFF,0xFF,0xFF,0xFF,0xFF,0xFF,0xFF,0xFF,0xFF,0xFF,0xFF,0xFE,0xFE,
    0xFE,0xFF,0xB4,0xDD,0xE2,0xFF,0x35,0xC5,0xD0,0xFF,0x35,0xC5,0xD0,0xFF,0x35,
    0xC5,0xD0,0xFF,0x35,0xC5,0xD0,0xFF,0x33,0xC2,0xCC,0xFF,0x28,0xBB,0xC1,0xFF,
    0x12,0xB7,0xB9,0xFF,0x02,0xB8,0xB8,0xFF,0x00,0xB8,0xB8,0xFF,0x00,0xB8,0xB8,
    0xFF,0x02,0xB6,0xB6,0xFF,0x26,0x66,0x66,0xFF,0x25,0x6B,0x6B,0xFF,0x02,0xB6,
    0xB6,0xFF,0x00,0xB8,0xB8,0xFF,0x00,0xB8,0xB8,0xFF,0x01,0xB8,0xB8,0xFF,0x11,
    0xB7,0xB8,0xFF,0x27,0xBB,0xC0,0xFF,0x33,0xC1,0xCB,0xFF,0x35,0xC5,0xD0,0xFF,
    0x35,0xC5,0xD0,0xFF,0x35,0xC5,0xD0,0xFF,0x35,0xC5,0xD0,0xFF,0xB9,0xE0,0xE4,
    0xFF,0xFF,0xFF,0xFF,0xFF,0xFF,0xFF,0xFF,0xFF,0xFF,0xFF,0xFF,0xFF,0xFF,0xFF,
    0xFF,0xFF,0xFF,0xFF,0xFF,0xFF,0xFF,0xFF,0xFF,0xFF,0xFF,0xFF,0xFF,0xFF,0xFF,
    0xFF,0xFF,0xFF,0xFF,0xFF,0xFF,0xFF,0xFF,0xFF,0xFF,0xFF,0xFF,0xFF,0xFF,0xFF,
    0xFF,0xFF,0xFF,0xFF,0xF8,0xFA,0xFA,0xFF,0x61,0xC0,0xC0,0xFF,0x00,0xB8,0xB8,
    0xFF,0x00,0xB8,0xB8,0xFF,0x00,0xB8,0xB8,0xFF,0x00,0xB8,0xB8,0xFF,0x00,0xB8,
    0xB8,0xFF,0x00,0xB8,0xB8,0xFF,0x00,0xB8,0xB8,0xFF,0x00,0xB8,0xB8,0xFF,0x01,
    0xB8,0xB8,0xFF,0x16,0xB8,0xB8,0xFF,0x44,0x95,0x95,0xFF,0x50,0x52,0x52,0xFF,
    0x0A,0x0A,0x0A,0xF3,0x0E,0x0E,0x0E,0x17,0x00,0x00,0x00,0x00,0x00,0x00,0x00,
    0x00,0x00,0x00,0x00,0x00,0x00,0x00,0x00,0x00,0x00,0x00,0x00,0x00,0x00,0x00,
    0x00,0x00,0x00,0x00,0x00,0x00,0x00,0x00,0x00,0x00,0x00,0x00,0x00,0x00,0x00,
    0x00,0x00,0x00,0x00,0x00,0x00,0x00,0x00,0x00,0x00,0x00,0x00,0x00,0x00,0x00,
    0x00,0x00,0x00,0x00,0x00,0x00,0x00,0x00,0x00,0x00,0x00,0x00,0x00,0x00,0x00,
    0x00,0x00,0x00,0x00,0x00,0x00,0x00,0x00,0x00,0x00,0x00,0x00,0x00,0x00,0x00,
    0x00,0x00,0x00,0x00,0x00,0x00,0x00,0x00,0x00,0x00,0x00,0x00,0x00,0x00,0x00,
    0x00,0x00,0x00,0x00,0x00,0x00,0x00,0x00,0x00,0x00,0x00,0x00,0x00,0x00,0x00,
    0x00,0x00,0x00,0x00,0x00,0x00,0x00,0x00,0x00,0x00,0x00,0x00,0x00,0x00,0x00,
    0x00,0x00,0x00,0x00,0x00,0x00,0x00,0x00,0x00,0x00,0x00,0x00,0x00,0x00,0x00,
    0x00,0x00,0x00,0x00,0x00,0x00,0x00,0x00,0x00,0x00,0x00,0x00,0x00,0x00,0x00,
    0x00,0x00,0x00,0x00,0x00,0x00,0x00,0x00,0x00,0x00,0x00,0x00,0x00,0x00,0x00,
    0x00,0x00,0x00,0x00,0x00,0x00,0x00,0x00,0x00,0x00,0x00,0x00,0x04,0x04,0x04,
    0x9F,0x35,0x35,0x35,0xFF,0x56,0x73,0x73,0xFF,0x17,0xB3,0xB3,0xFF,0x00,0xB8,
    0xB8,0xFF,0x00,0xB8,0xB8,0xFF,0x00,0xB8,0xB8,0xFF,0x00,0xB8,0xB8,0xFF,0x00,
    0xB8,0xB8,0xFF,0x00,0xB8,0xB8,0xFF,0x00,0xB8,0xB8,0xFF,0x00,0xB8,0xB8,0xFF,
    0x00,0xB8,0xB8,0xFF,0x09,0xB8,0xB8,0xFF,0xB4,0xD9,0xD9,0xFF,0xFE,0xFE,0xFE,
    0xFF,0xFF,0xFF,0xFF,0xFF,0xFF,0xFF,0xFF,0xFF,0xFF,0xFF,0xFF,0xFF,0xFF,0xFF,
    0xFF,0xFF,0xFF,0xFF,0xFF,0xFF,0xFF,0xFF,0xFF,0xFF,0xFF,0xFF,0xFF,0xFF,0xFF,
    0xFF,0xFF,0xFF,0xFF,0xFF,0xFF,0xFF,0xFF,0xFF,0xFF,0xFF,0xFF,0xFF,0xFF,0xFF,
    0xFE,0xFE,0xFE,0xFF,0xAD,0xDC,0xE1,0xFF,0x35,0xC5,0xD0,0xFF,0x35,0xC4,0xCF,
    0xFF,0x31,0xC0,0xC9,0xFF,0x24,0xBA,0xBF,0xFF,0x0F,0xB7,0xB8,0xFF,0x01,0xB8,
    0xB8,0xFF,0x00,0xB8,0xB8,0xFF,0x00,0xB8,0xB8,0xFF,0x00,0xB8,0xB8,0xFF,0x00,
    0xB8,0xB8,0xFF,0x02,0xB7,0xB7,0xFF,0x23,0x76,0x76,0xFF,0x23,0x7A,0x7A,0xFF,
    0x01,0xB7,0xB7,0xFF,0x00,0xB8,0xB8,0xFF,0x00,0xB8,0xB8,0xFF,0x00,0xB8,0xB8,
    0xFF,0x00,0xB8,0xB8,0xFF,0x01,0xB8,0xB8,0xFF,0x0D,0xB7,0xB8,0xFF,0x23,0xBA,
    0xBF,0xFF,0x31,0xBF,0xC8,0xFF,0x35,0xC4,0xCF,0xFF,0x35,0xC5,0xD0,0xFF,0xB1,
    0xDC,0xE1,0xFF,0xFE,0xFE,0xFE,0xFF,0xFF,0xFF,0xFF,0xFF,0xFF,0xFF,0xFF,0xFF,
    0xFF,0xFF,0xFF,0xFF,0xFF,0xFF,0xFF,0xFF,0xFF,0xFF,0xFF,0xFF,0xFF,0xFF,0xFF,
    0xFF,0xFF,0xFF,0xFF,0xFF,0xFF,0xFF,0xFF,0xFF,0xFF,0xFF,0xFF,0xFF,0xFF,0xFF,
    0xFF,0xFF,0xFF,0xFF,0xFF,0xFF,0xFE,0xFE,0xFE,0xFF,0xB2,0xD8,0xD8,0xFF,0x08,
    0xB8,0xB8,0xFF,0x00,0xB8,0xB8,0xFF,0x00,0xB8,0xB8,0xFF,0x00,0xB8,0xB8,0xFF,
    0x00,0xB8,0xB8,0xFF,0x00,0xB8,0xB8,0xFF,0x00,0xB8,0xB8,0xFF,0x00,0xB8,0xB8,
    0xFF,0x00,0xB8,0xB8,0xFF,0x00,0xB8,0xB8,0xFF,0x17,0xB3,0xB3,0xFF,0x56,0x72,
    0x72,0xFF,0x35,0x35,0x35,0xFF,0x06,0x06,0x06,0xA1,0x13,0x13,0x13,0x01,0x00,
    0x00,0x00,0x00,0x00,0x00,0x00,0x00,0x00,0x00,0x00,0x00,0x00,0x00,0x00,0x00,
    0x00,0x00,0x00,0x00,0x00,0x00,0x00,0x00,0x00,0x00,0x00,0x00,0x00,0x00,0x00,
    0x00,0x00,0x00,0x00,0x00,0x00,0x00,0x00,0x00,0x00,0x00,0x00,0x00,0x00,0x00,
    0x00,0x00,0x00,0x00,0x00,0x00,0x00,0x00,0x00,0x00,0x00,0x00,0x00,0x00,0x00,
    0x00,0x00,0x00,0x00,0x00,0x00,0x00,0x00,0x00,0x00,0x00,0x00,0x00,0x00,0x00,
    0x00,0x00,0x00,0x00,0x00,0x00,0x00,0x00,0x00,0x00,0x00,0x00,0x00,0x00,0x00,
    0x00,0x00,0x00,0x00,0x00,0x00,0x00,0x00,0x00,0x00,0x00,0x00,0x00,0x00,0x00,
    0x00,0x00,0x00,0x00,0x00,0x00,0x00,0x00,0x00,0x00,0x00,0x00,0x00,0x00,0x00,
    0x00,0x00,0x00,0x00,0x00,0x00,0x00,0x00,0x00,0x00,0x00,0x00,0x00,0x00,0x00,
    0x00,0x00,0x00,0x00,0x00,0x00,0x00,0x00,0x00,0x00,0x00,0x00,0x00,0x00,0x00,
    0x00,0x00,0x00,0x00,0x00,0x00,0x00,0x00,0x00,0x00,0x00,0x00,0x00,0x00,0x00,
    0x00,0x00,0x00,0x00,0x00,0x00,0x00,0x00,0x00,0x00,0x09,0x09,0x09,0x28,0x10,
    0x10,0x10,0xF8,0x54,0x58,0x58,0xFF,0x39,0x9F,0x9F,0xFF,0x01,0xB8,0xB8,0xFF,
    0x00,0xB8,0xB8,0xFF,0x00,0xB8,0xB8,0xFF,0x00,0xB8,0xB8,0xFF,0x00,0xB8,0xB8,
    0xFF,0x00,0xB8,0xB8,0xFF,0x00,0xB8,0xB8,0xFF,0x00,0xB8,0xB8,0xFF,0x00,0xB8,
    0xB8,0xFF,0x00,0xB8,0xB8,0xFF,0x31,0xBA,0xBA,0xFF,0xE6,0xF0,0xF0,0xFF,0xFF,
    0xFF,0xFF,0xFF,0xFF,0xFF,0xFF,0xFF,0xFF,0xFF,0xFF,0xFF,0xFF,0xFF,0xFF,0xFF,
    0xFF,0xFF,0xFF,0xFF,0xFF,0xFF,0xFF,0xFF,0xFF,0xFF,0xFF,0xFF,0xFF,0xFF,0xFF,
    0xFF,0xFF,0xFF,0xFF,0xFF,0xFF,0xFF,0xFF,0xFF,0xFF,0xFF,0xFF,0xFF,0xFF,0xFF,
    0xFF,0xFF,0xFD,0xFE,0xFE,0xFF,0xA5,0xD7,0xDC,0xFF,0x2C,0xBD,0xC4,0xFF,0x1D,
    0xB8,0xBB,0xFF,0x07,0xB8,0xB8,0xFF,0x01,0xB8,0xB8,0xFF,0x00,0xB8,0xB8,0xFF,
    0x00,0xB8,0xB8,0xFF,0x00,0xB8,0xB8,0xFF,0x00,0xB8,0xB8,0xFF,0x00,0xB8,0xB8,
    0xFF,0x00,0xB8,0xB8,0xFF,0x01,0xB8,0xB8,0xFF,0x20,0x84,0x84,0xFF,0x20,0x88,
    0x88,0xFF,0x00,0xB8,0xB8,0xFF,0x00,0xB8,0xB8,0xFF,0x00,0xB8,0xB8,0xFF,0x00,
    0xB8,0xB8,0xFF,0x00,0xB8,0xB8,0xFF,0x00,0xB8,0xB8,0xFF,0x00,0xB8,0xB8,0xFF,
    0x00,0xB8,0xB8,0xFF,0x06,0xB8,0xB8,0xFF,0x1C,0xB8,0xBB,0xFF,0x2B,0xBD,0xC4,
    0xFF,0xAB,0xD9,0xDE,0xFF,0xFE,0xFE,0xFE,0xFF,0xFF,0xFF,0xFF,0xFF,0xFF,0xFF,
    0xFF,0xFF,0xFF,0xFF,0xFF,0xFF,0xFF,0xFF,0xFF,0xFF,0xFF,0xFF,0xFF,0xFF,0xFF,
    0xFF,0xFF,0xFF,0xFF,0xFF,0xFF,0xFF,0xFF,0xFF,0xFF,0xFF,0xFF,0xFF,0xFF,0xFF,
    0xFF,0xFF,0xFF,0xFF,0xFF,0xFF,0xFF,0xFF,0xFF,0xFF,0xFF,0xFF,0xE5,0xEF,0xEF,
    0xFF,0x30,0xBA,0xBA,0xFF,0x00,0xB8,0xB8,0xFF,0x00,0xB8,0xB8,0xFF,0x00,0xB8,
    0xB8,0xFF,0x00,0xB8,0xB8,0xFF,0x00,0xB8,0xB8,0xFF,0x00,0xB8,0xB8,0xFF,0x00,
    0xB8,0xB8,0xFF,0x00,0xB8,0xB8,0xFF,0x00,0xB8,0xB8,0xFF,0x01,0xB8,0xB8,0xFF,
    0x3A,0x9F,0x9F,0xFF,0x54,0x58,0x58,0xFF,0x10,0x10,0x10,0xF8,0x0B,0x0B,0x0B,
    0x29,0x00,0x00,0x00,0x00,0x00,0x00,0x00,0x00,0x00,0x00,0x00,0x00,0x00,0x00,
    0x00,0x00,0x00,0x00,0x00,0x00,0x00,0x00,0x00,0x00,0x00,0x00,0x00,0x00,0x00,
    0x00,0x00,0x00,0x00,0x00,0x00,0x00,0x00,0x00,0x00,0x00,0x00,0x00,0x00,0x00,
    0x00,0x00,0x00,0x00,0x00,0x00,0x00,0x00,0x00,0x00,0x00,0x00,0x00,0x00,0x00,
    0x00,0x00,0x00,0x00,0x00,0x00,0x00,0x00,0x00,0x00,0x00,0x00,0x00,0x00,0x00,
    0x00,0x00,0x00,0x00,0x00,0x00,0x00,0x00,0x00,0x00,0x00,0x00,0x00,0x00,0x00,
    0x00,0x00,0x00,0x00,0x00,0x00,0x00,0x00,0x00,0x00,0x00,0x00,0x00,0x00,0x00,
    0x00,0x00,0x00,0x00,0x00,0x00,0x00,0x00,0x00,0x00,0x00,0x00,0x00,0x00,0x00,
    0x00,0x00,0x00,0x00,0x00,0x00,0x00,0x00,0x00,0x00,0x00,0x00,0x00,0x00,0x00,
    0x00,0x00,0x00,0x00,0x00,0x00,0x00,0x00,0x00,0x00,0x00,0x00,0x00,0x00,0x00,
    0x00,0x00,0x00,0x00,0x00,0x00,0x00,0x00,0x00,0x00,0x00,0x00,0x00,0x00,0x00,
    0x00,0x00,0x00,0x00,0x00,0x00,0x00,0x00,0x12,0x12,0x12,0x02,0x04,0x04,0x04,
    0xBE,0x3C,0x3C,0x3C,0xFF,0x51,0x7E,0x7E,0xFF,0x0C,0xB6,0xB6,0xFF,0x00,0xB8,
    0xB8,0xFF,0x00,0xB8,0xB8,0xFF,0x00,0xB8,0xB8,0xFF,0x00,0xB8,0xB8,0xFF,0x00,
    0xB8,0xB8,0xFF,0x00,0xB8,0xB8,0xFF,0x00,0xB8,0xB8,0xFF,0x00,0xB8,0xB8,0xFF,
    0x00,0xB8,0xB8,0xFF,0x00,0xB8,0xB8,0xFF,0x82,0xC7,0xC7,0xFF,0xFC,0xFD,0xFD,
    0xFF,0xFF,0xFF,0xFF,0xFF,0xFF,0xFF,0xFF,0xFF,0xFF,0xFF,0xFF,0xFF,0xFF,0xFF,
    0xFF,0xFF,0xFF,0xFF,0xFF,0xFF,0xFF,0xFF,0xFF,0xFF,0xFF,0xFF,0xFF,0xFF,0xFF,
    0xFF,0xFF,0xFF,0xFF,0xFF,0xFF,0xFF,0xFF,0xFF,0xFF,0xFF,0xFD,0xFD,0xFD,0xFF,
    0xFA,0xFA,0xFA,0xFF,0xF8,0xF9,0xF9,0xFF,0x99,0xCD,0xCD,0xFF,0x02,0xB8,0xB8,
    0xFF,0x00,0xB8,0xB8,0xFF,0x00,0xB8,0xB8,0xFF,0x00,0xB8,0xB8,0xFF,0x00,0xB8,
    0xB8,0xFF,0x00,0xB8,0xB8,0xFF,0x00,0xB8,0xB8,0xFF,0x00,0xB8,0xB8,0xFF,0x00,
    0xB8,0xB8,0xFF,0x00,0xB8,0xB8,0xFF,0x00,0xB8,0xB8,0xFF,0x1D,0x92,0x92,0xFF,
    0x1B,0x95,0x95,0xFF,0x00,0xB8,0xB8,0xFF,0x00,0xB8,0xB8,0xFF,0x00,0xB8,0xB8,
    0xFF,0x00,0xB8,0xB8,0xFF,0x00,0xB8,0xB8,0xFF,0x00,0xB8,0xB8,0xFF,0x00,0xB8,
    0xB8,0xFF,0x00,0xB8,0xB8,0xFF,0x00,0xB8,0xB8,0xFF,0x00,0xB8,0xB8,0xFF,0x02,
    0xB8,0xB8,0xFF,0x9E,0xCF,0xD0,0xFF,0xF9,0xF9,0xF9,0xFF,0xFA,0xFA,0xFA,0xFF,
    0xFD,0xFD,0xFD,0xFF,0xFF,0xFF,0xFF,0xFF,0xFF,0xFF,0xFF,0xFF,0xFF,0xFF,0xFF,
    0xFF,0xFF,0xFF,0xFF,0xFF,0xFF,0xFF,0xFF,0xFF,0xFF,0xFF,0xFF,0xFF,0xFF,0xFF,
    0xFF,0xFF,0xFF,0xFF,0xFF,0xFF,0xFF,0xFF,0xFF,0xFF,0xFF,0xFF,0xFF,0xFF,0xFC,
    0xFD,0xFD,0xFF,0x7F,0xC6,0xC6,0xFF,0x00,0xB8,0xB8,0xFF,0x00,0xB8,0xB8,0xFF,
    0x00,0xB8,0xB8,0xFF,0x00,0xB8,0xB8,0xFF,0x00,0xB8,0xB8,0xFF,0x00,0xB8,0xB8,
    0xFF,0x00,0xB8,0xB8,0xFF,0x00,0xB8,0xB8,0xFF,0x00,0xB8,0xB8,0xFF,0x00,0xB8,
    0xB8,0xFF,0x0C,0xB6,0xB6,0xFF,0x52,0x7D,0x7D,0xFF,0x3B,0x3C,0x3C,0xFF,0x05,
    0x05,0x05,0xBF,0x17,0x17,0x17,0x02,0x00,0x00,0x00,0x00,0x00,0x00,0x00,0x00,
    0x00,0x00,0x00,0x00,0x00,0x00,0x00,0x00,0x00,0x00,0x00,0x00,0x00,0x00,0x00,
    0x00,0x00,0x00,0x00,0x00,0x00,0x00,0x00,0x00,0x00,0x00,0x00,0x00,0x00,0x00,
    0x00,0x00,0x00,0x00,0x00,0x00,0x00,0x00,0x00,0x00,0x00,0x00,0x00,0x00,0x00,
    0x00,0x00,0x00,0x00,0x00,0x00,0x00,0x00,0x00,0x00,0x00,0x00,0x00,0x00,0x00,
    0x00,0x00,0x00,0x00,0x00,0x00,0x00,0x00,0x00,0x00,0x00,0x00,0x00,0x00,0x00,
    0x00,0x00,0x00,0x00,0x00,0x00,0x00,0x00,0x00,0x00,0x00,0x00,0x00,0x00,0x00,
    0x00,0x00,0x00,0x00,0x00,0x00,0x00,0x00,0x00,0x00,0x00,0x00,0x00,0x00,0x00,
    0x00,0x00,0x00,0x00,0x00,0x00,0x00,0x00,0x00,0x00,0x00,0x00,0x00,0x00,0x00,
    0x00,0x00,0x00,0x00,0x00,0x00,0x00,0x00,0x00,0x00,0x00,0x00,0x00,0x00,0x00,
    0x00,0x00,0x00,0x00,0x00,0x00,0x00,0x00,0x00,0x00,0x00,0x00,0x00,0x00,0x00,
    0x00,0x00,0x00,0x00,0x00,0x00,0x00,0x00,0x00,0x00,0x06,0x06,0x06,0x3E,0x17,
    0x17,0x17,0xFB,0x56,0x5D,0x5D,0xFF,0x2F,0xA7,0xA7,0xFF,0x00,0xB8,0xB8,0xFF,
    0x00,0xB8,0xB8,0xFF,0x00,0xB8,0xB8,0xFF,0x00,0xB8,0xB8,0xFF,0x00,0xB8,0xB8,
    0xFF,0x00,0xB8,0xB8,0xFF,0x00,0xB8,0xB8,0xFF,0x00,0xB8,0xB8,0xFF,0x00,0xB8,
    0xB8,0xFF,0x00,0xB8,0xB8,0xFF,0x15,0xB8,0xB8,0xFF,0xC5,0xE0,0xE0,0xFF,0xFF,
    0xFF,0xFF,0xFF,0xFF,0xFF,0xFF,0xFF,0xFF,0xFF,0xFF,0xFF,0xFF,0xFF,0xFF,0xFF,
    0xFF,0xFF,0xFF,0xFF,0xFF,0xFF,0xFF,0xFF,0xFF,0xFF,0xFF,0xFF,0xFE,0xFE,0xFE,
    0xFF,0xFC,0xFC,0xFC,0xFF,0xFA,0xFA,0xFA,0xFF,0xFA,0xFA,0xFA,0xFF,0xFB,0xFB,
    0xFB,0xFF,0xFE,0xFE,0xFE,0xFF,0xFD,0xFE,0xFE,0xFF,0x9A,0xCF,0xCF,0xFF,0x00,
    0xB8,0xB8,0xFF,0x00,0xB8,0xB8,0xFF,0x00,0xB8,0xB8,0xFF,0x00,0xB8,0xB8,0xFF,
    0x00,0xB8,0xB8,0xFF,0x00,0xB8,0xB8,0xFF,0x00,0xB8,0xB8,0xFF,0x00,0xB8,0xB8,
    0xFF,0x00,0xB8,0xB8,0xFF,0x00,0xB8,0xB8,0xFF,0x00,0xB8,0xB8,0xFF,0x16,0xA2,
    0xA2,0xFF,0x15,0xA5,0xA5,0xFF,0x00,0xB8,0xB8,0xFF,0x00,0xB8,0xB8,0xFF,0x00,
    0xB8,0xB8,0xFF,0x00,0xB8,0xB8,0xFF,0x00,0xB8,0xB8,0xFF,0x00,0xB8,0xB8,0xFF,
    0x00,0xB8,0xB8,0xFF,0x00,0xB8,0xB8,0xFF,0x00,0xB8,0xB8,0xFF,0x00,0xB8,0xB8,
    0xFF,0x00,0xB8,0xB8,0xFF,0x9E,0xD0,0xD0,0xFF,0xFD,0xFE,0xFE,0xFF,0xFF,0xFF,
    0xFF,0xFF,0xFC,0xFC,0xFC,0xFF,0xFA,0xFA,0xFA,0xFF,0xFA,0xFA,0xFA,0xFF,0xFB,
    0xFB,0xFB,0xFF,0xFE,0xFE,0xFE,0xFF,0xFF,0xFF,0xFF,0xFF,0xFF,0xFF,0xFF,0xFF,
    0xFF,0xFF,0xFF,0xFF,0xFF,0xFF,0xFF,0xFF,0xFF,0xFF,0xFF,0xFF,0xFF,0xFF,0xFF,
    0xFF,0xFF,0xFF,0xFF,0xFF,0xC3,0xDF,0xDF,0xFF,0x14,0xB8,0xB8,0xFF,0x00,0xB8,
    0xB8,0xFF,0x00,0xB8,0xB8,0xFF,0x00,0xB8,0xB8,0xFF,0x00,0xB8,0xB8,0xFF,0x00,
    0xB8,0xB8,0xFF,0x00,0xB8,0xB8,0xFF,0x00,0xB8,0xB8,0xFF,0x00,0xB8,0xB8,0xFF,
    0x00,0xB8,0xB8,0xFF,0x00,0xB8,0xB8,0xFF,0x30,0xA7,0xA7,0xFF,0x56,0x5D,0x5D,
    0xFF,0x16,0x16,0x16,0xFB,0x0A,0x0A,0x0A,0x40,0x00,0x00,0x00,0x00,0x00,0x00,
    0x00,0x00,0x00,0x00,0x00,0x00,0x00,0x00,0x00,0x00,0x00,0x00,0x00,0x00,0x00,
    0x00,0x00,0x00,0x00,0x00,0x00,0x00,0x00,0x00,0x00,0x00,0x00,0x00,0x00,0x00,
    0x00,0x00,0x00,0x00,0x00,0x00,0x00,0x00,0x00,0x00,0x00,0x00,0x00,0x00,0x00,
    0x00,0x00,0x00,0x00,0x00,0x00,0x00,0x00,0x00,0x00,0x00,0x00,0x00,0x00,0x00,
    0x00,0x00,0x00,0x00,0x00,0x00,0x00,0x00,0x00,0x00,0x00,0x00,0x00,0x00,0x00,
    0x00,0x00,0x00,0x00,0x00,0x00,0x00,0x00,0x00,0x00,0x00,0x00,0x00,0x00,0x00,
    0x00,0x00,0x00,0x00,0x00,0x00,0x00,0x00,0x00,0x00,0x00,0x00,0x00,0x00,0x00,
    0x00,0x00,0x00,0x00,0x00,0x00,0x00,0x00,0x00,0x00,0x00,0x00,0x00,0x00,0x00,
    0x00,0x00,0x00,0x00,0x00,0x00,0x00,0x00,0x00,0x00,0x00,0x00,0x00,0x00,0x00,
    0x00,0x00,0x00,0x00,0x00,0x00,0x00,0x00,0x00,0x00,0x00,0x00,0x00,0x00,0x00,
    0x00,0x00,0x00,0x00,0x00,0x00,0x00,0x00,0x14,0x14,0x14,0x05,0x04,0x04,0x04,
    0xD4,0x41,0x42,0x42,0xFF,0x4C,0x87,0x87,0xFF,0x07,0xB7,0xB7,0xFF,0x00,0xB8,
    0xB8,0xFF,0x00,0xB8,0xB8,0xFF,0x00,0xB8,0xB8,0xFF,0x00,0xB8,0xB8,0xFF,0x00,
    0xB8,0xB8,0xFF,0x00,0xB8,0xB8,0xFF,0x00,0xB8,0xB8,0xFF,0x00,0xB8,0xB8,0xFF,
    0x00,0xB8,0xB8,0xFF,0x00,0xB8,0xB8,0xFF,0x41,0xBB,0xBB,0xFF,0xF0,0xF5,0xF5,
    0xFF,0xFF,0xFF,0xFF,0xFF,0xFF,0xFF,0xFF,0xFF,0xFF,0xFF,0xFF,0xFF,0xFE,0xFE,
    0xFE,0xFF,0xFB,0xFB,0xFB,0xFF,0xFA,0xFA,0xFA,0xFF,0xFA,0xFA,0xFA,0xFF,0xFA,
    0xFA,0xFA,0xFF,0xFD,0xFD,0xFD,0xFF,0xFF,0xFF,0xFF,0xFF,0xFF,0xFF,0xFF,0xFF,
    0xFF,0xFF,0xFF,0xFF,0xFF,0xFF,0xFF,0xFF,0xFD,0xFE,0xFE,0xFF,0x9A,0xCF,0xCF,
    0xFF,0x00,0xB8,0xB8,0xFF,0x00,0xB8,0xB8,0xFF,0x00,0xB8,0xB8,0xFF,0x00,0xB8,
    0xB8,0xFF,0x00,0xB8,0xB8,0xFF,0x00,0xB8,0xB8,0xFF,0x00,0xB8,0xB8,0xFF,0x00,
    0xB8,0xB8,0xFF,0x00,0xB8,0xB8,0xFF,0x00,0xB8,0xB8,0xFF,0x00,0xB8,0xB8,0xFF,
    0x13,0xAF,0xAF,0xFF,0x0D,0xB2,0xB2,0xFF,0x00,0xB8,0xB8,0xFF,0x00,0xB8,0xB8,
    0xFF,0x00,0xB8,0xB8,0xFF,0x00,0xB8,0xB8,0xFF,0x00,0xB8,0xB8,0xFF,0x00,0xB8,
    0xB8,0xFF,0x00,0xB8,0xB8,0xFF,0x00,0xB8,0xB8,0xFF,0x00,0xB8,0xB8,0xFF,0x00,
    0xB8,0xB8,0xFF,0x00,0xB8,0xB8,0xFF,0x9D,0xD0,0xD0,0xFF,0xFD,0xFE,0xFE,0xFF,
    0xFF,0xFF,0xFF,0xFF,0xFF,0xFF,0xFF,0xFF,0xFF,0xFF,0xFF,0xFF,0xFF,0xFF,0xFF,
    0xFF,0xFD,0xFD,0xFD,0xFF,0xFA,0xFA,0xFA,0xFF,0xFA,0xFA,0xFA,0xFF,0xFA,0xFA,
    0xFA,0xFF,0xFA,0xFA,0xFA,0xFF,0xFE,0xFE,0xFE,0xFF,0xFF,0xFF,0xFF,0xFF,0xFF,
    0xFF,0xFF,0xFF,0xFF,0xFF,0xFF,0xFF,0xEF,0xF5,0xF5,0xFF,0x3F,0xBB,0xBB,0xFF,
    0x00,0xB8,0xB8,0xFF,0x00,0xB8,0xB8,0xFF,0x00,0xB8,0xB8,0xFF,0x00,0xB8,0xB8,
    0xFF,0x00,0xB8,0xB8,0xFF,0x00,0xB8,0xB8,0xFF,0x00,0xB8,0xB8,0xFF,0x00,0xB8,
    0xB8,0xFF,0x00,0xB8,0xB8,0xFF,0x00,0xB8,0xB8,0xFF,0x07,0xB7,0xB7,0xFF,0x4C,
    0x87,0x87,0xFF,0x41,0x41,0x41,0xFF,0x04,0x04,0x04,0xD6,0x18,0x18,0x18,0x05,
    0x00,0x00,0x00,0x00,0x00,0x00,0x00,0x00,0x00,0x00,0x00,0x00,0x00,0x00,0x00,
    0x00,0x00,0x00,0x00,0x00,0x00,0x00,0x00,0x00,0x00,0x00,0x00,0x00,0x00,0x00,
    0x00,0x00,0x00,0x00,0x00,0x00,0x00,0x00,0x00,0x00,0x00,0x00,0x00,0x00,0x00,
    0x00,0x00,0x00,0x00,0x00,0x00,0x00,0x00,0x00,0x00,0x00,0x00,0x00,0x00,0x00,
    0x00,0x00,0x00,0x00,0x00,0x00,0x00,0x00,0x00,0x00,0x00,0x00,0x00,0x00,0x00,
    0x00,0x00,0x00,0x00,0x00,0x00,0x00,0x00,0x00,0x00,0x00,0x00,0x00,0x00,0x00,
    0x00,0x00,0x00,0x00,0x00,0x00,0x00,0x00,0x00,0x00,0x00,0x00,0x00,0x00,0x00,
    0x00,0x00,0x00,0x00,0x00,0x00,0x00,0x00,0x00,0x00,0x00,0x00,0x00,0x00,0x00,
    0x00,0x00,0x00,0x00,0x00,0x00,0x00,0x00,0x00,0x00,0x00,0x00,0x00,0x00,0x00,
    0x00,0x00,0x00,0x00,0x00,0x00,0x00,0x00,0x00,0x00,0x00,0x00,0x00,0x00,0x00,
    0x00,0x00,0x00,0x00,0x00,0x00,0x00,0x00,0x00,0x00,0x05,0x05,0x05,0x5A,0x1E,
    0x1E,0x1E,0xFD,0x57,0x63,0x63,0xFF,0x25,0xAD,0xAD,0xFF,0x00,0xB8,0xB8,0xFF,
    0x00,0xB8,0xB8,0xFF,0x00,0xB8,0xB8,0xFF,0x00,0xB8,0xB8,0xFF,0x00,0xB8,0xB8,
    0xFF,0x00,0xB8,0xB8,0xFF,0x00,0xB8,0xB8,0xFF,0x01,0xB7,0xB7,0xFF,0x01,0xB7,
    0xB7,0xFF,0x01,0xB6,0xB6,0xFF,0x01,0xB5,0xB5,0xFF,0x8F,0xC8,0xC8,0xFF,0xF8,
    0xF9,0xF9,0xFF,0xFA,0xFA,0xFA,0xFF,0xFA,0xFA,0xFA,0xFF,0xFA,0xFA,0xFA,0xFF,
    0xFA,0xFA,0xFA,0xFF,0xFD,0xFD,0xFD,0xFF,0xFF,0xFF,0xFF,0xFF,0xFF,0xFF,0xFF,
    0xFF,0xFF,0xFF,0xFF,0xFF,0xFF,0xFF,0xFF,0xFF,0xFF,0xFF,0xFF,0xFF,0xFF,0xFF,
    0xFF,0xFF,0xFF,0xFF,0xFF,0xFF,0xFF,0xFF,0xFF,0xFF,0xFD,0xFE,0xFE,0xFF,0x9B,
    0xD0,0xD0,0xFF,0x00,0xB8,0xB8,0xFF,0x00,0xB8,0xB8,0xFF,0x00,0xB8,0xB8,0xFF,
    0x00,0xB8,0xB8,0xFF,0x00,0xB8,0xB8,0xFF,0x00,0xB8,0xB8,0xFF,0x00,0xB8,0xB8,
    0xFF,0x00,0xB8,0xB8,0xFF,0x00,0xB8,0xB8,0xFF,0x00,0xB8,0xB8,0xFF,0x00,0xB8,
    0xB8,0xFF,0x19,0xB3,0xB3,0xFF,0x19,0xB3,0xB3,0xFF,0x00,0xB8,0xB8,0xFF,0x00,
    0xB8,0xB8,0xFF,0x00,0xB8,0xB8,0xFF,0x00,0xB8,0xB8,0xFF,0x00,0xB8,0xB8,0xFF,
    0x00,0xB8,0xB8,0xFF,0x00,0xB8,0xB8,0xFF,0x00,0xB8,0xB8,0xFF,0x00,0xB8,0xB8,
    0xFF,0x00,0xB8,0xB8,0xFF,0x00,0xB8,0xB8,0xFF,0xA0,0xD1,0xD1,0xFF,0xFD,0xFE,
    0xFE,0xFF,0xFF,0xFF,0xFF,0xFF,0xFF,0xFF,0xFF,0xFF,0xFF,0xFF,0xFF,0xFF,0xFF,
    0xFF,0xFF,0xFF,0xFF,0xFF,0xFF,0xFF,0xFF,0xFF,0xFF,0xFF,0xFF,0xFF,0xFF,0xFF,
    0xFF,0xFF,0xFF,0xFF,0xFE,0xFE,0xFE,0xFF,0xFA,0xFA,0xFA,0xFF,0xFA,0xFA,0xFA,
    0xFF,0xFA,0xFA,0xFA,0xFF,0xFA,0xFA,0xFA,0xFF,0xF8,0xF8,0xF8,0xFF,0x8D,0xC7,
    0xC7,0xFF,0x01,0xB5,0xB5,0xFF,0x01,0xB6,0xB6,0xFF,0x01,0xB7,0xB7,0xFF,0x01,
    0xB7,0xB7,0xFF,0x01,0xB8,0xB8,0xFF,0x00,0xB8,0xB8,0xFF,0x00,0xB8,0xB8,0xFF,
    0x00,0xB8,0xB8,0xFF,0x00,0xB8,0xB8,0xFF,0x00,0xB8,0xB8,0xFF,0x00,0xB8,0xB8,
    0xFF,0x26,0xAD,0xAD,0xFF,0x57,0x63,0x63,0xFF,0x1D,0x1D,0x1D,0xFD,0x08,0x08,
    0x08,0x5B,0x00,0x00,0x00,0x00,0x00,0x00,0x00,0x00,0x00,0x00,0x00,0x00,0x00,
    0x00,0x00,0x00,0x00,0x00,0x00,0x00,0x00,0x00,0x00,0x00,0x00,0x00,0x00,0x00,
    0x00,0x00,0x00,0x00,0x00,0x00,0x00,0x00,0x00,0x00,0x00,0x00,0x00,0x00,0x00,
    0x00,0x00,0x00,0x00,0x00,0x00,0x00,0x00,0x00,0x00,0x00,0x00,0x00,0x00,0x00,
    0x00,0x00,0x00,0x00,0x00,0x00,0x00,0x00,0x00,0x00,0x00,0x00,0x00,0x00,0x00,
    0x00,0x00,0x00,0x00,0x00,0x00,0x00,0x00,0x00,0x00,0x00,0x00,0x00,0x00,0x00,
    0x00,0x00,0x00,0x00,0x00,0x00,0x00,0x00,0x00,0x00,0x00,0x00,0x00,0x00,0x00,
    0x00,0x00,0x00,0x00,0x00,0x00,0x00,0x00,0x00,0x00,0x00,0x00,0x00,0x00,0x00,
    0x00,0x00,0x00,0x00,0x00,0x00,0x00,0x00,0x00,0x00,0x00,0x00,0x00,0x00,0x00,
    0x00,0x00,0x00,0x00,0x00,0x00,0x00,0x00,0x00,0x00,0x00,0x00,0x00,0x00,0x00,
    0x00,0x00,0x00,0x00,0x00,0x00,0x00,0x00,0x0D,0x0D,0x0D,0x0A,0x01,0x01,0x01,
    0xE5,0x2E,0x2E,0x2E,0xFF,0x3E,0x6A,0x6A,0xFF,0x0D,0x94,0x94,0xFF,0x09,0x97,
    0x97,0xFF,0x09,0x97,0x97,0xFF,0x0B,0x96,0x96,0xFF,0x0A,0x94,0x94,0xFF,0x08,
    0x91,0x91,0xFF,0x09,0x8C,0x8C,0xFF,0x08,0x85,0x85,0xFF,0x08,0x7C,0x7C,0xFF,
    0x09,0x70,0x70,0xFF,0x08,0x61,0x61,0xFF,0x1F,0x50,0x50,0xFF,0xCE,0xD0,0xD0,
    0xFF,0xFE,0xFF,0xFF,0xFF,0xFF,0xFF,0xFF,0xFF,0xFF,0xFF,0xFF,0xFF,0xFF,0xFF,
    0xFF,0xFF,0xFF,0xFF,0xFF,0xFF,0xFF,0xFF,0xFF,0xFF,0xFF,0xFF,0xFF,0xFF,0xFF,
    0xFF,0xFF,0xFF,0xFF,0xFF,0xFF,0xFF,0xFF,0xFF,0xFF,0xFF,0xFF,0xFF,0xFF,0xFF,
    0xFF,0xFF,0xFF,0xFF,0xFF,0xFF,0xFF,0xFF,0xFF,0xFF,0xFF,0xFF,0xFD,0xFE,0xFE,
    0xFF,0x9E,0xD0,0xD0,0xFF,0x00,0xB8,0xB8,0xFF,0x00,0xB8,0xB8,0xFF,0x00,0xB8,
    0xB8,0xFF,0x00,0xB8,0xB8,0xFF,0x00,0xB8,0xB8,0xFF,0x00,0xB8,0xB8,0xFF,0x00,
    0xB8,0xB8,0xFF,0x00,0xB8,0xB8,0xFF,0x00,0xB8,0xB8,0xFF,0x00,0xB8,0xB8,0xFF,
    0x00,0xB8,0xB8,0xFF,0x19,0xB3,0xB3,0xFF,0x19,0xB3,0xB3,0xFF,0x00,0xB8,0xB8,
    0xFF,0x00,0xB8,0xB8,0xFF,0x00,0xB8,0xB8,0xFF,0x00,0xB8,0xB8,0xFF,0x00,0xB8,
    0xB8,0xFF,0x00,0xB8,0xB8,0xFF,0x00,0xB8,0xB8,0xFF,0x00,0xB8,0xB8,0xFF,0x00,
    0xB8,0xB8,0xFF,0x00,0xB8,0xB8,0xFF,0x00,0xB8,0xB8,0xFF,0xA5,0xD4,0xD4,0xFF,
    0xFE,0xFE,0xFE,0xFF,0xFF,0xFF,0xFF,0xFF,0xFF,0xFF,0xFF,0xFF,0xFF,0xFF,0xFF,
    0xFF,0xFF,0xFF,0xFF,0xFF,0xFF,0xFF,0xFF,0xFF,0xFF,0xFF,0xFF,0xFF,0xFF,0xFF,
    0xFF,0xFF,0xFF,0xFF,0xFF,0xFF,0xFF,0xFF,0xFF,0xFF,0xFF,0xFF,0xFF,0xFF,0xFF,
    0xFF,0xFF,0xFF,0xFF,0xFF,0xFF,0xFF,0xFF,0xFF,0xFF,0xFF,0xFE,0xFE,0xFE,0xFF,
    0xCC,0xCE,0xCE,0xFF,0x1E,0x48,0x48,0xFF,0x08,0x5A,0x5A,0xFF,0x08,0x6B,0x6B,
    0xFF,0x08,0x78,0x78,0xFF,0x0A,0x80,0x80,0xFF,0x0A,0x88,0x88,0xFF,0x08,0x8D,
    0x8D,0xFF,0x08,0x91,0x91,0xFF,0x0B,0x92,0x92,0xFF,0x0B,0x93,0x93,0xFF,0x0A,
    0x92,0x92,0xFF,0x0C,0x90,0x90,0xFF,0x3C,0x67,0x67,0xFF,0x2B,0x2B,0x2B,0xFF,
    0x01,0x01,0x01,0xE6,0x13,0x13,0x13,0x0A,0x00,0x00,0x00,0x00,0x00,0x00,0x00,
    0x00,0x00,0x00,0x00,0x00,0x00,0x00,0x00,0x00,0x00,0x00,0x00,0x00,0x00,0x00,
    0x00,0x00,0x00,0x00,0x00,0x00,0x00,0x00,0x00,0x00,0x00,0x00,0x00,0x00,0x00,
    0x00,0x00,0x00,0x00,0x00,0x00,0x00,0x00,0x00,0x00,0x00,0x00,0x00,0x00,0x00,
    0x00,0x00,0x00,0x00,0x00,0x00,0x00,0x00,0x00,0x00,0x00,0x00,0x00,0x00,0x00,
    0x00,0x00,0x00,0x00,0x00,0x00,0x00,0x00,0x00,0x00,0x00,0x00,0x00,0x00,0x00,
    0x00,0x00,0x00,0x00,0x00,0x00,0x00,0x00,0x00,0x00,0x00,0x00,0x00,0x00,0x00,
    0x00,0x00,0x00,0x00,0x00,0x00,0x00,0x00,0x00,0x00,0x00,0x00,0x00,0x00,0x00,
    0x00,0x00,0x00,0x00,0x00,0x00,0x00,0x00,0x00,0x00,0x00,0x00,0x00,0x00,0x00,
    0x00,0x00,0x00,0x00,0x00,0x00,0x00,0x00,0x00,0x00,0x00,0x00,0x00,0x00,0x00,
    0x00,0x00,0x00,0x00,0x00,0x00,0x00,0x00,0x00,0x00,0x04,0x04,0x04,0x6F,0x00,
    0x00,0x00,0xFE,0x07,0x07,0x07,0xFF,0x07,0x0D,0x0D,0xFF,0x01,0x11,0x11,0xFF,
    0x01,0x13,0x13,0xFF,0x01,0x13,0x13,0xFF,0x01,0x12,0x12,0xFF,0x01,0x10,0x10,
    0xFF,0x01,0x0D,0x0D,0xFF,0x01,0x07,0x07,0xFF,0x00,0x01,0x01,0xFF,0x00,0x00,
    0x00,0xFF,0x00,0x00,0x00,0xFF,0x00,0x00,0x00,0xFF,0x4B,0x4B,0x4B,0xFF,0xF4,
    0xF4,0xF4,0xFF,0xFF,0xFF,0xFF,0xFF,0xFF,0xFF,0xFF,0xFF,0xFF,0xFF,0xFF,0xFF,
    0xFF,0xFF,0xFF,0xFF,0xFF,0xFF,0xFF,0xFF,0xFF,0xFF,0xFF,0xFF,0xFF,0xFF,0xFF,
    0xFF,0xFF,0xFF,0xFF,0xFF,0xFF,0xFF,0xFF,0xFF,0xFF,0xFF,0xFF,0xFF,0xFF,0xFF,
    0xFF,0xFF,0xFF,0xFF,0xFF,0xFF,0xFF,0xFF,0xFF,0xFF,0xFF,0xFF,0xFF,0xFF,0xFE,
    0xFE,0xFE,0xFF,0xA6,0xD4,0xD4,0xFF,0x00,0xB8,0xB8,0xFF,0x00,0xB8,0xB8,0xFF,
    0x00,0xB8,0xB8,0xFF,0x00,0xB8,0xB8,0xFF,0x00,0xB8,0xB8,0xFF,0x00,0xB8,0xB8,
    0xFF,0x00,0xB8,0xB8,0xFF,0x00,0xB8,0xB8,0xFF,0x00,0xB8,0xB8,0xFF,0x00,0xB8,
    0xB8,0xFF,0x01,0xB8,0xB8,0xFF,0x19,0xB4,0xB4,0xFF,0x18,0xB4,0xB4,0xFF,0x01,
    0xB8,0xB8,0xFF,0x00,0xB8,0xB8,0xFF,0x00,0xB8,0xB8,0xFF,0x00,0xB8,0xB8,0xFF,
    0x00,0xB8,0xB8,0xFF,0x00,0xB8,0xB8,0xFF,0x00,0xB8,0xB8,0xFF,0x00,0xB8,0xB8,
    0xFF,0x00,0xB8,0xB8,0xFF,0x00,0xB8,0xB8,0xFF,0x00,0xB8,0xB8,0xFF,0xAA,0xD6,
    0xD6,0xFF,0xFE,0xFE,0xFE,0xFF,0xFF,0xFF,0xFF,0xFF,0xFF,0xFF,0xFF,0xFF,0xFF,
    0xFF,0xFF,0xFF,0xFF,0xFF,0xFF,0xFF,0xFF,0xFF,0xFF,0xFF,0xFF,0xFF,0xFF,0xFF,
    0xFF,0xFF,0xFF,0xFF,0xFF,0xFF,0xFF,0xFF,0xFF,0xFF,0xFF,0xFF,0xFF,0xFF,0xFF,
    0xFF,0xFF,0xFF,0xFF,0xFF,0xFF,0xFF,0xFF,0xFF,0xFF,0xFF,0xFF,0xFF,0xFF,0xFF,
    0xFF,0xFF,0xF2,0xF2,0xF2,0xFF,0x48,0x48,0x48,0xFF,0x00,0x00,0x00,0xFF,0x00,
    0x00,0x00,0xFF,0x00,0x00,0x00,0xFF,0x00,0x00,0x00,0xFF,0x01,0x02,0x02,0xFF,
    0x01,0x08,0x08,0xFF,0x01,0x0C,0x0C,0xFF,0x01,0x0E,0x0E,0xFF,0x01,0x0F,0x0F,
    0xFF,0x01,0x0E,0x0E,0xFF,0x01,0x0D,0x0D,0xFF,0x06,0x0B,0x0B,0xFF,0x06,0x06,
    0x06,0xFF,0x00,0x00,0x00,0xFE,0x07,0x07,0x07,0x72,0x00,0x00,0x00,0x00,0x00,
    0x00,0x00,0x00,0x00,0x00,0x00,0x00,0x00,0x00,0x00,0x00,0x00,0x00,0x00,0x00,
    0x00,0x00,0x00,0x00,0x00,0x00,0x00,0x00,0x00,0x00,0x00,0x00,0x00,0x00,0x00,
    0x00,0x00,0x00,0x00,0x00,0x00,0x00,0x00,0x00,0x00,0x00,0x00,0x00,0x00,0x00,
    0x00,0x00,0x00,0x00,0x00,0x00,0x00,0x00,0x00,0x00,0x00,0x00,0x00,0x00,0x00,
    0x00,0x00,0x00,0x00,0x00,0x00,0x00,0x00,0x00,0x00,0x00,0x00,0x00,0x00,0x00,
    0x00,0x00,0x00,0x00,0x00,0x00,0x00,0x00,0x00,0x00,0x00,0x00,0x00,0x00,0x00,
    0x00,0x00,0x00,0x00,0x00,0x00,0x00,0x00,0x00,0x00,0x00,0x00,0x00,0x00,0x00,
    0x00,0x00,0x00,0x00,0x00,0x00,0x00,0x00,0x00,0x00,0x00,0x00,0x00,0x00,0x00,
    0x00,0x00,0x00,0x00,0x00,0x00,0x00,0x00,0x00,0x00,0x00,0x00,0x00,0x00,0x00,
    0x00,0x00,0x00,0x00,0x00,0x00,0x00,0x00,0x0B,0x0B,0x0B,0x11,0x01,0x01,0x01,
    0xF0,0x01,0x01,0x01,0xFF,0x07,0x07,0x07,0xFF,0x00,0x00,0x00,0xFF,0x00,0x00,
    0x00,0xFF,0x00,0x00,0x00,0xFF,0x00,0x00,0x00,0xFF,0x00,0x00,0x00,0xFF,0x00,
    0x00,0x00,0xFF,0x00,0x00,0x00,0xFF,0x00,0x00,0x00,0xFF,0x00,0x00,0x00,0xFF,
    0x00,0x00,0x00,0xFF,0x00,0x00,0x00,0xFF,0x01,0x01,0x01,0xFF,0x9C,0x9C,0x9C,
    0xFF,0xFD,0xFD,0xFD,0xFF,0xFF,0xFF,0xFF,0xFF,0xFF,0xFF,0xFF,0xFF,0xFF,0xFF,
    0xFF,0xFF,0xFF,0xFF,0xFF,0xFF,0xFF,0xFF,0xFF,0xFF,0xFF,0xFF,0xFF,0xFF,0xFF,
    0xFF,0xFF,0xFF,0xFF,0xFF,0xFF,0xFF,0xFF,0xFF,0xFF,0xFF,0xFF,0xFF,0xFF,0xFF,
    0xFF,0xFF,0xFF,0xFF,0xFF,0xFF,0xFF,0xFF,0xFF,0xFF,0xFF,0xFF,0xFF,0xFF,0xFF,
    0xFF,0xFE,0xFE,0xFE,0xFF,0xAC,0xD6,0xD6,0xFF,0x00,0xB8,0xB8,0xFF,0x00,0xB8,
    0xB8,0xFF,0x00,0xB8,0xB8,0xFF,0x00,0xB8,0xB8,0xFF,0x00,0xB8,0xB8,0xFF,0x00,
    0xB8,0xB8,0xFF,0x00,0xB8,0xB8,0xFF,0x00,0xB8,0xB8,0xFF,0x00,0xB8,0xB8,0xFF,
    0x00,0xB8,0xB8,0xFF,0x03,0xB8,0xB8,0xFF,0x17,0xB4,0xB4,0xFF,0x18,0xB4,0xB4,
    0xFF,0x03,0xB8,0xB8,0xFF,0x00,0xB8,0xB8,0xFF,0x00,0xB8,0xB8,0xFF,0x00,0xB8,
    0xB8,0xFF,0x00,0xB8,0xB8,0xFF,0x00,0xB8,0xB8,0xFF,0x00,0xB8,0xB8,0xFF,0x00,
    0xB8,0xB8,0xFF,0x00,0xB8,0xB8,0xFF,0x00,0xB8,0xB8,0xFF,0x00,0xB8,0xB8,0xFF,
    0xB1,0xD8,0xD8,0xFF,0xFE,0xFE,0xFE,0xFF,0xFF,0xFF,0xFF,0xFF,0xFF,0xFF,0xFF,
    0xFF,0xFF,0xFF,0xFF,0xFF,0xFF,0xFF,0xFF,0xFF,0xFF,0xFF,0xFF,0xFF,0xFF,0xFF,
    0xFF,0xFF,0xFF,0xFF,0xFF,0xFF,0xFF,0xFF,0xFF,0xFF,0xFF,0xFF,0xFF,0xFF,0xFF,
    0xFF,0xFF,0xFF,0xFF,0xFF,0xFF,0xFF,0xFF,0xFF,0xFF,0xFF,0xFF,0xFF,0xFF,0xFF,
    0xFF,0xFF,0xFF,0xFF,0xFD,0xFD,0xFD,0xFF,0x99,0x99,0x99,0xFF,0x01,0x01,0x01,
    0xFF,0x00,0x00,0x00,0xFF,0x00,0x00,0x00,0xFF,0x00,0x00,0x00,0xFF,0x00,0x00,
    0x00,0xFF,0x00,0x00,0x00,0xFF,0x00,0x00,0x00,0xFF,0x00,0x00,0x00,0xFF,0x00,
    0x00,0x00,0xFF,0x00,0x00,0x00,0xFF,0x00,0x00,0x00,0xFF,0x00,0x00,0x00,0xFF,
    0x08,0x08,0x08,0xFF,0x01,0x01,0x01,0xFF,0x01,0x01,0x01,0xF0,0x10,0x10,0x10,
    0x11,0x00,0x00,0x00,0x00,0x00,0x00,0x00,0x00,0x00,0x00,0x00,0x00,0x00,0x00,
    0x00,0x00,0x00,0x00,0x00,0x00,0x00,0x00,0x00,0x00,0x00,0x00,0x00,0x00,0x00,
    0x00,0x00,0x00,0x00,0x00,0x00,0x00,0x00,0x00,0x00,0x00,0x00,0x00,0x00,0x00,
    0x00,0x00,0x00,0x00,0x00,0x00,0x00,0x00,0x00,0x00,0x00,0x00,0x00,0x00,0x00,
    0x00,0x00,0x00,0x00,0x00,0x00,0x00,0x00,0x00,0x00,0x00,0x00,0x00,0x00,0x00,
    0x00,0x00,0x00,0x00,0x00,0x00,0x00,0x00,0x00,0x00,0x00,0x00,0x00,0x00,0x00,
    0x00,0x00,0x00,0x00,0x00,0x00,0x00,0x00,0x00,0x00,0x00,0x00,0x00,0x00,0x00,
    0x00,0x00,0x00,0x00,0x00,0x00,0x00,0x00,0x00,0x00,0x00,0x00,0x00,0x00,0x00,
    0x00,0x00,0x00,0x00,0x00,0x00,0x00,0x00,0x00,0x00,0x00,0x00,0x00,0x00,0x00,
    0x00,0x00,0x00,0x00,0x00,0x00,0x00,0x00,0x00,0x00,0x04,0x04,0x04,0x8B,0x00,
    0x00,0x00,0xFF,0x06,0x06,0x06,0xFF,0x02,0x02,0x02,0xFF,0x00,0x00,0x00,0xFF,
    0x00,0x00,0x00,0xFF,0x00,0x00,0x00,0xFF,0x00,0x00,0x00,0xFF,0x00,0x00,0x00,
    0xFF,0x00,0x00,0x00,0xFF,0x00,0x00,0x00,0xFF,0x00,0x00,0x00,0xFF,0x00,0x00,
    0x00,0xFF,0x00,0x00,0x00,0xFF,0x00,0x00,0x00,0xFF,0x1E,0x1E,0x1E,0xFF,0xD1,
    0xD1,0xD1,0xFF,0xFF,0xFF,0xFF,0xFF,0xFF,0xFF,0xFF,0xFF,0xFF,0xFF,0xFF,0xFF,
    0xFF,0xFF,0xFF,0xFF,0xFF,0xFF,0xFF,0xFF,0xFF,0xFF,0xFF,0xFF,0xFF,0xFF,0xFF,
    0xFF,0xFF,0xFF,0xFF,0xFF,0xFF,0xFF,0xFF,0xFF,0xFF,0xFF,0xFF,0xFF,0xFF,0xFF,
    0xFF,0xFF,0xFF,0xFF,0xFF,0xFF,0xFF,0xFF,0xFF,0xFF,0xFF,0xFF,0xFF,0xFF,0xFF,
    0xFF,0xFF,0xFF,0xFF,0xFF,0xFF,0xFF,0xB6,0xDA,0xDA,0xFF,0x00,0xB8,0xB8,0xFF,
    0x00,0xB8,0xB8,0xFF,0x00,0xB8,0xB8,0xFF,0x00,0xB8,0xB8,0xFF,0x00,0xB8,0xB8,
    0xFF,0x00,0xB8,0xB8,0xFF,0x00,0xB8,0xB8,0xFF,0x00,0xB8,0xB8,0xFF,0x00,0xB8,
    0xB8,0xFF,0x00,0xB8,0xB8,0xFF,0x04,0xB7,0xB7,0xFF,0x15,0xB5,0xB5,0xFF,0x17,
    0xB4,0xB4,0xFF,0x04,0xB8,0xB8,0xFF,0x00,0xB8,0xB8,0xFF,0x00,0xB8,0xB8,0xFF,
    0x00,0xB8,0xB8,0xFF,0x00,0xB8,0xB8,0xFF,0x00,0xB8,0xB8,0xFF,0x00,0xB8,0xB8,
    0xFF,0x00,0xB8,0xB8,0xFF,0x00,0xB8,0xB8,0xFF,0x00,0xB8,0xB8,0xFF,0x02,0xB8,
    0xB8,0xFF,0xBA,0xDC,0xDC,0xFF,0xFF,0xFF,0xFF,0xFF,0xFF,0xFF,0xFF,0xFF,0xFF,
    0xFF,0xFF,0xFF,0xFF,0xFF,0xFF,0xFF,0xFF,0xFF,0xFF,0xFF,0xFF,0xFF,0xFF,0xFF,
    0xFF,0xFF,0xFF,0xFF,0xFF,0xFF,0xFF,0xFF,0xFF,0xFF,0xFF,0xFF,0xFF,0xFF,0xFF,
    0xFF,0xFF,0xFF,0xFF,0xFF,0xFF,0xFF,0xFF,0xFF,0xFF,0xFF,0xFF,0xFF,0xFF,0xFF,
    0xFF,0xFF,0xFF,0xFF,0xFF,0xFF,0xFF,0xFF,0xFF,0xFF,0xCF,0xCF,0xCF,0xFF,0x1C,
    0x1C,0x1C,0xFF,0x00,0x00,0x00,0xFF,0x00,0x00,0x00,0xFF,0x00,0x00,0x00,0xFF,
    0x00,0x00,0x00,0xFF,0x00,0x00,0x00,0xFF,0x00,0x00,0x00,0xFF,0x00,0x00,0x00,
    0xFF,0x00,0x00,0x00,0xFF,0x00,0x00,0x00,0xFF,0x00,0x00,0x00,0xFF,0x00,0x00,
    0x00,0xFF,0x03,0x03,0x03,0xFF,0x06,0x06,0x06,0xFF,0x00,0x00,0x00,0xFF,0x06,
    0x06,0x06,0x8C,0x00,0x00,0x00,0x00,0x00,0x00,0x00,0x00,0x00,0x00,0x00,0x00,
    0x00,0x00,0x00,0x00,0x00,0x00,0x00,0x00,0x00,0x00,0x00,0x00,0x00,0x00,0x00,
    0x00,0x00,0x00,0x00,0x00,0x00,0x00,0x00,0x00,0x00,0x00,0x00,0x00,0x00,0x00,
    0x00,0x00,0x00,0x00,0x00,0x00,0x00,0x00,0x00,0x00,0x00,0x00,0x00,0x00,0x00,
    0x00,0x00,0x00,0x00,0x00,0x00,0x00,0x00,0x00,0x00,0x00,0x00,0x00,0x00,0x00,
    0x00,0x00,0x00,0x00,0x00,0x00,0x00,0x00,0x00,0x00,0x00,0x00,0x00,0x00,0x00,
    0x00,0x00,0x00,0x00,0x00,0x00,0x00,0x00,0x00,0x00,0x00,0x00,0x00,0x00,0x00,
    0x00,0x00,0x00,0x00,0x00,0x00,0x00,0x00,0x00,0x00,0x00,0x00,0x00,0x00,0x00,
    0x00,0x00,0x00,0x00,0x00,0x00,0x00,0x00,0x00,0x00,0x00,0x00,0x00,0x00,0x00,
    0x00,0x00,0x00,0x00,0x00,0x00,0x00,0x00,0x0B,0x0B,0x0B,0x1A,0x00,0x00,0x00,
    0xF0,0x02,0x02,0x02,0xFF,0x07,0x07,0x07,0xFF,0x00,0x00,0x00,0xFF,0x00,0x00,
    0x00,0xFF,0x00,0x00,0x00,0xFF,0x00,0x00,0x00,0xFF,0x00,0x00,0x00,0xFF,0x00,
    0x00,0x00,0xFF,0x00,0x00,0x00,0xFF,0x00,0x00,0x00,0xFF,0x00,0x00,0x00,0xFF,
    0x00,0x00,0x00,0xFF,0x00,0x00,0x00,0xFF,0x00,0x00,0x00,0xFF,0x4D,0x4D,0x4D,
    0xFF,0xF5,0xF5,0xF5,0xFF,0xFF,0xFF,0xFF,0xFF,0xFF,0xFF,0xFF,0xFF,0xFF,0xFF,
    0xFF,0xFF,0xFF,0xFF,0xFF,0xFF,0xFF,0xFF,0xFF,0xFF,0xFF,0xFF,0xFF,0xFF,0xFF,
    0xFF,0xFF,0xFF,0xFF,0xFF,0xFF,0xFF,0xFF,0xFF,0xFF,0xFF,0xFF,0xFF,0xFF,0xFF,
    0xFF,0xFF,0xFF,0xFF,0xFF,0xFF,0xFF,0xFF,0xFF,0xFF,0xFF,0xFF,0xFF,0xFF,0xFF,
    0xFF,0xFF,0xFF,0xFF,0xFF,0xFF,0xFF,0xFF,0xFF,0xBF,0xDE,0xDE,0xFF,0x07,0xB8,
    0xB8,0xFF,0x00,0xB8,0xB8,0xFF,0x00,0xB8,0xB8,0xFF,0x00,0xB8,0xB8,0xFF,0x00,
    0xB8,0xB8,0xFF,0x00,0xB8,0xB8,0xFF,0x00,0xB8,0xB8,0xFF,0x00,0xB8,0xB8,0xFF,
    0x00,0xB8,0xB8,0xFF,0x00,0xB8,0xB8,0xFF,0x17,0xB4,0xB4,0xFF,0x04,0xB8,0xB8,
    0xFF,0x08,0xB7,0xB7,0xFF,0x16,0xB5,0xB5,0xFF,0x00,0xB8,0xB8,0xFF,0x00,0xB8,
    0xB8,0xFF,0x00,0xB8,0xB8,0xFF,0x00,0xB8,0xB8,0xFF,0x00,0xB8,0xB8,0xFF,0x00,
    0xB8,0xB8,0xFF,0x00,0xB8,0xB8,0xFF,0x00,0xB8,0xB8,0xFF,0x00,0xB8,0xB8,0xFF,
    0x0F,0xB8,0xB8,0xFF,0xC4,0xE0,0xE0,0xFF,0xFF,0xFF,0xFF,0xFF,0xFF,0xFF,0xFF,
    0xFF,0xFF,0xFF,0xFF,0xFF,0xFF,0xFF,0xFF,0xFF,0xFF,0xFF,0xFF,0xFF,0xFF,0xFF,
    0xFF,0xFF,0xFF,0xFF,0xFF,0xFF,0xFF,0xFF,0xFF,0xFF,0xFF,0xFF,0xFF,0xFF,0xFF,
    0xFF,0xFF,0xFF,0xFF,0xFF,0xFF,0xFF,0xFF,0xFF,0xFF,0xFF,0xFF,0xFF,0xFF,0xFF,
    0xFF,0xFF,0xFF,0xFF,0xFF,0xFF,0xFF,0xFF,0xFF,0xFF,0xFF,0xFF,0xF3,0xF3,0xF3,
    0xFF,0x49,0x49,0x49,0xFF,0x00,0x00,0x00,0xFF,0x00,0x00,0x00,0xFF,0x00,0x00,
    0x00,0xFF,0x00,0x00,0x00,0xFF,0x00,0x00,0x00,0xFF,0x00,0x00,0x00,0xFF,0x00,
    0x00,0x00,0xFF,0x00,0x00,0x00,0xFF,0x00,0x00,0x00,0xFF,0x00,0x00,0x00,0xFF,
    0x00,0x00,0x00,0xFF,0x00,0x00,0x00,0xFF,0x08,0x08,0x08,0xFF,0x02,0x02,0x02,
    0xFF,0x01,0x01,0x01,0xF0,0x11,0x11,0x11,0x1A,0x00,0x00,0x00,0x00,0x00,0x00,
    0x00,0x00,0x00,0x00,0x00,0x00,0x00,0x00,0x00,0x00,0x00,0x00,0x00,0x00,0x00,
    0x00,0x00,0x00,0x00,0x00,0x00,0x00,0x00,0x00,0x00,0x00,0x00,0x00,0x00,0x00,
    0x00,0x00,0x00,0x00,0x00,0x00,0x00,0x00,0x00,0x00,0x00,0x00,0x00,0x00,0x00,
    0x00,0x00,0x00,0x00,0x00,0x00,0x00,0x00,0x00,0x00,0x00,0x00,0x00,0x00,0x00,
    0x00,0x00,0x00,0x00,0x00,0x00,0x00,0x00,0x00,0x00,0x00,0x00,0x00,0x00,0x00,
    0x00,0x00,0x00,0x00,0x00,0x00,0x00,0x00,0x00,0x00,0x00,0x00,0x00,0x00,0x00,
    0x00,0x00,0x00,0x00,0x00,0x00,0x00,0x00,0x00,0x00,0x00,0x00,0x00,0x00,0x00,
    0x00,0x00,0x00,0x00,0x00,0x00,0x00,0x00,0x00,0x00,0x00,0x00,0x00,0x00,0x00,
    0x00,0x00,0x00,0x00,0x00,0x00,0x00,0x00,0x00,0x00,0x06,0x06,0x06,0x09,0x02,
    0x02,0x02,0x28,0x0B,0x0B,0x0B,0x43,0x05,0x05,0x05,0x59,0x02,0x02,0x02,0x6A,
    0x03,0x03,0x03,0x83,0x02,0x02,0x02,0x9B,0x02,0x02,0x02,0xBA,0x02,0x02,0x02,
    0xDC,0x00,0x00,0x00,0xEC,0x00,0x00,0x00,0xEF,0x00,0x00,0x00,0xF3,0x00,0x00,
    0x00,0xF7,0x00,0x00,0x00,0xFA,0x00,0x00,0x00,0xFE,0x01,0x01,0x01,0xFF,0x9A,
    0x9A,0x9A,0xFF,0xFD,0xFD,0xFD,0xFF,0xFF,0xFF,0xFF,0xFF,0xFF,0xFF,0xFF,0xFF,
    0xFF,0xFF,0xFF,0xFF,0xFF,0xFF,0xFF,0xFF,0xFF,0xFF,0xFF,0xFF,0xFF,0xFF,0xFF,
    0xFF,0xFF,0xFF,0xFF,0xFF,0xFF,0xFF,0xFF,0xFF,0xFF,0xFF,0xFF,0xFF,0xFF,0xFF,
    0xFF,0xFF,0xFF,0xFF,0xFF,0xFF,0xFF,0xFF,0xFF,0xFF,0xFF,0xFF,0xFF,0xFF,0xFF,
    0xFF,0xFF,0xFF,0xFF,0xFF,0xFF,0xFF,0xFF,0xFF,0xFF,0xFF,0xCA,0xE3,0xE3,0xFF,
    0x17,0xB8,0xB8,0xFF,0x00,0xB8,0xB8,0xFF,0x00,0xB8,0xB8,0xFF,0x00,0xB8,0xB8,
    0xFF,0x00,0xB8,0xB8,0xFF,0x00,0xB8,0xB8,0xFF,0x00,0xB8,0xB8,0xFF,0x00,0xB8,
    0xB8,0xFF,0x00,0xB8,0xB8,0xFF,0x00,0xB8,0xB8,0xFF,0x19,0xB4,0xB4,0xFF,0x03,
    0xB8,0xB8,0xFF,0x03,0xB8,0xB8,0xFF,0x17,0xB5,0xB5,0xFF,0x00,0xB8,0xB8,0xFF,
    0x00,0xB8,0xB8,0xFF,0x00,0xB8,0xB8,0xFF,0x00,0xB8,0xB8,0xFF,0x00,0xB8,0xB8,
    0xFF,0x00,0xB8,0xB8,0xFF,0x00,0xB8,0xB8,0xFF,0x00,0xB8,0xB8,0xFF,0x00,0xB8,
    0xB8,0xFF,0x1B,0xB9,0xB9,0xFF,0xCF,0xE5,0xE5,0xFF,0xFF,0xFF,0xFF,0xFF,0xFF,
    0xFF,0xFF,0xFF,0xFF,0xFF,0xFF,0xFF,0xFF,0xFF,0xFF,0xFF,0xFF,0xFF,0xFF,0xFF,
    0xFF,0xFF,0xFF,0xFF,0xFF,0xFF,0xFF,0xFF,0xFF,0xFF,0xFF,0xFF,0xFF,0xFF,0xFF,
    0xFF,0xFF,0xFF,0xFF,0xFF,0xFF,0xFF,0xFF,0xFF,0xFF,0xFF,0xFF,0xFF,0xFF,0xFF,
    0xFF,0xFF,0xFF,0xFF,0xFF,0xFF,0xFF,0xFF,0xFF,0xFF,0xFF,0xFF,0xFF,0xFF,0xFD,
    0xFD,0xFD,0xFF,0x97,0x97,0x97,0xFF,0x01,0x01,0x01,0xFF,0x01,0x01,0x01,0xFE,
    0x01,0x01,0x01,0xFA,0x01,0x01,0x01,0xF7,0x01,0x01,0x01,0xF3,0x01,0x01,0x01,
    0xEF,0x02,0x02,0x02,0xEC,0x09,0x09,0x09,0xDC,0x09,0x09,0x09,0xBA,0x09,0x09,
    0x09,0x9C,0x0A,0x0A,0x0A,0x83,0x0B,0x0B,0x0B,0x6B,0x0F,0x0F,0x0F,0x59,0x13,
    0x13,0x13,0x43,0x0C,0x0C,0x0C,0x28,0x19,0x19,0x19,0x09,0x00,0x00,0x00,0x00,
    0x00,0x00,0x00,0x00,0x00,0x00,0x00,0x00,0x00,0x00,0x00,0x00,0x00,0x00,0x00,
    0x00,0x00,0x00,0x00,0x00,0x00,0x00,0x00,0x00,0x00,0x00,0x00,0x00,0x00,0x00,
    0x00,0x00,0x00,0x00,0x00,0x00,0x00,0x00,0x00,0x00,0x00,0x00,0x00,0x00,0x00,
    0x00,0x00,0x00,0x00,0x00,0x00,0x00,0x00,0x00,0x00,0x00,0x00,0x00,0x00,0x00,
    0x00,0x00,0x00,0x00,0x00,0x00,0x00,0x00,0x00,0x00,0x00,0x00,0x00,0x00,0x00,
    0x00,0x00,0x00,0x00,0x00,0x00,0x00,0x00,0x00,0x00,0x00,0x00,0x00,0x00,0x00,
    0x00,0x00,0x00,0x00,0x00,0x00,0x00,0x00,0x00,0x00,0x00,0x00,0x00,0x00,0x00,
    0x00,0x00,0x00,0x00,0x00,0x00,0x00,0x00,0x00,0x00,0x00,0x00,0x00,0x00,0x00,
    0x00,0x00,0x00,0x00,0x00,0x00,0x00,0x00,0x00,0x00,0x00,0x00,0x00,0x00,0x00,
    0x00,0x00,0x00,0x00,0x00,0x00,0x00,0x00,0x00,0x00,0x00,0x00,0x00,0x00,0x00,
    0x00,0x00,0x00,0x00,0x00,0x00,0x00,0x00,0x00,0x00,0x00,0x00,0x00,0x00,0x00,
    0x00,0x00,0x00,0x19,0x19,0x19,0x02,0x0A,0x0A,0x0A,0x06,0x0A,0x0A,0x0A,0x0F,
    0x07,0x07,0x07,0x1A,0x03,0x03,0x03,0x27,0x04,0x04,0x04,0x3B,0x15,0x15,0x15,
    0x51,0xC7,0xC7,0xC7,0x6D,0xFD,0xFD,0xFD,0x8D,0xFE,0xFE,0xFE,0xB1,0xFE,0xFE,
    0xFE,0xDB,0xFF,0xFF,0xFF,0xED,0xFF,0xFF,0xFF,0xF2,0xFF,0xFF,0xFF,0xF6,0xFF,
    0xFF,0xFF,0xFA,0xFF,0xFF,0xFF,0xFF,0xFF,0xFF,0xFF,0xFF,0xFF,0xFF,0xFF,0xFF,
    0xFF,0xFF,0xFF,0xFF,0xFF,0xFF,0xFF,0xFF,0xFF,0xFF,0xFF,0xFF,0xFF,0xFF,0xFF,
    0xFF,0xFF,0xFF,0xFF,0xFF,0xFF,0xFF,0xFF,0xFF,0xFF,0xFF,0xFF,0xFF,0xD7,0xE9,
    0xE9,0xFF,0x22,0xB9,0xB9,0xFF,0x00,0xB8,0xB8,0xFF,0x00,0xB8,0xB8,0xFF,0x00,
    0xB8,0xB8,0xFF,0x00,0xB8,0xB8,0xFF,0x00,0xB8,0xB8,0xFF,0x00,0xB8,0xB8,0xFF,
    0x00,0xB8,0xB8,0xFF,0x00,0xB8,0xB8,0xFF,0x02,0xB8,0xB8,0xFF,0x1C,0xB4,0xB4,
    0xFF,0x01,0xB8,0xB8,0xFF,0x02,0xB8,0xB8,0xFF,0x1C,0xB4,0xB4,0xFF,0x02,0xB8,
    0xB8,0xFF,0x00,0xB8,0xB8,0xFF,0x00,0xB8,0xB8,0xFF,0x00,0xB8,0xB8,0xFF,0x00,
    0xB8,0xB8,0xFF,0x00,0xB8,0xB8,0xFF,0x00,0xB8,0xB8,0xFF,0x00,0xB8,0xB8,0xFF,
    0x00,0xB8,0xB8,0xFF,0x25,0xB9,0xB9,0xFF,0xDB,0xEB,0xEB,0xFF,0xFF,0xFF,0xFF,
    0xFF,0xFF,0xFF,0xFF,0xFF,0xFF,0xFF,0xFF,0xFF,0xFF,0xFF,0xFF,0xFF,0xFF,0xFF,
    0xFF,0xFF,0xFF,0xFF,0xFF,0xFF,0xFF,0xFF,0xFF,0xFF,0xFF,0xFF,0xFF,0xFF,0xFF,
    0xFF,0xFF,0xFF,0xFF,0xFF,0xFF,0xFF,0xFF,0xFF,0xFF,0xFA,0xFF,0xFF,0xFF,0xF6,
    0xFF,0xFF,0xFF,0xF2,0xFE,0xFE,0xFE,0xED,0xFB,0xFB,0xFB,0xDB,0xFA,0xFA,0xFA,
    0xB1,0xF9,0xF9,0xF9,0x8D,0xC0,0xC0,0xC0,0x6E,0x18,0x18,0x18,0x52,0x10,0x10,
    0x10,0x3B,0x10,0x10,0x10,0x27,0x15,0x15,0x15,0x1A,0x1B,0x1B,0x1B,0x0F,0x1E,
    0x1E,0x1E,0x06,0x2A,0x2A,0x2A,0x02,0x00,0x00,0x00,0x00,0x00,0x00,0x00,0x00,
    0x00,0x00,0x00,0x00,0x00,0x00,0x00,0x00,0x00,0x00,0x00,0x00,0x00,0x00,0x00,
    0x00,0x00,0x00,0x00,0x00,0x00,0x00,0x00,0x00,0x00,0x00,0x00,0x00,0x00,0x00,
    0x00,0x00,0x00,0x00,0x00,0x00,0x00,0x00,0x00,0x00,0x00,0x00,0x00,0x00,0x00,
    0x00,0x00,0x00,0x00,0x00,0x00,0x00,0x00,0x00,0x00,0x00,0x00,0x00,0x00,0x00,
    0x00,0x00,0x00,0x00,0x00,0x00,0x00,0x00,0x00,0x00,0x00,0x00,0x00,0x00,0x00,
    0x00,0x00,0x00,0x00,0x00,0x00,0x00,0x00,0x00,0x00,0x00,0x00,0x00,0x00,0x00,
    0x00,0x00,0x00,0x00,0x00,0x00,0x00,0x00,0x00,0x00,0x00,0x00,0x00,0x00,0x00,
    0x00,0x00,0x00,0x00,0x00,0x00,0x00,0x00,0x00,0x00,0x00,0x00,0x00,0x00,0x00,
    0x00,0x00,0x00,0x00,0x00,0x00,0x00,0x00,0x00,0x00,0x00,0x00,0x00,0x00,0x00,
    0x00,0x00,0x00,0x00,0x00,0x00,0x00,0x00,0x00,0x00,0x00,0x00,0x00,0x00,0x00,
    0x00,0x00,0x00,0x00,0x00,0x00,0x00,0x00,0x00,0x00,0x00,0x00,0x00,0x00,0x00,
    0x00,0x00,0x00,0x00,0x00,0x00,0x00,0x00,0x00,0x00,0x00,0x00,0x00,0x00,0x00,
    0x00,0x00,0x00,0x00,0x00,0x00,0x00,0x00,0x00,0x00,0x00,0x00,0x00,0x00,0x00,
    0x00,0x00,0x00,0x00,0x00,0x00,0x00,0x00,0x00,0x00,0x00,0x00,0x00,0x00,0x00,
    0x00,0x00,0x00,0x00,0x00,0x00,0x00,0x00,0x00,0x00,0x00,0x00,0x00,0x00,0x00,
    0x00,0x00,0x00,0x00,0x00,0x00,0x00,0x00,0x00,0x00,0x00,0x00,0x00,0x00,0x00,
    0x00,0x00,0x00,0x00,0xF4,0xF4,0xF4,0x03,0xF8,0xF8,0xF8,0x0B,0xFC,0xFC,0xFC,
    0x17,0xFD,0xFD,0xFD,0x28,0xFD,0xFD,0xFD,0x41,0xFD,0xFD,0xFD,0x60,0xFE,0xFE,
    0xFE,0x83,0xFD,0xFD,0xFD,0xB0,0xFE,0xFE,0xFE,0xE0,0xFF,0xFF,0xFF,0xEE,0xFF,
    0xFF,0xFF,0xF4,0xFF,0xFF,0xFF,0xF9,0xFF,0xFF,0xFF,0xFE,0xFF,0xFF,0xFF,0xFF,
    0xE3,0xEE,0xEE,0xFF,0x2B,0xBA,0xBA,0xFF,0x00,0xB8,0xB8,0xFF,0x00,0xB8,0xB8,
    0xFF,0x00,0xB8,0xB8,0xFF,0x00,0xB8,0xB8,0xFF,0x00,0xB8,0xB8,0xFF,0x00,0xB8,
    0xB8,0xFF,0x00,0xB8,0xB8,0xFF,0x00,0xB8,0xB8,0xFF,0x04,0xB8,0xB8,0xFF,0x1C,
    0xB4,0xB4,0xFF,0x00,0xB8,0xB8,0xFF,0x00,0xB8,0xB8,0xFF,0x1D,0xB4,0xB4,0xFF,
    0x04,0xB8,0xB8,0xFF,0x00,0xB8,0xB8,0xFF,0x00,0xB8,0xB8,0xFF,0x00,0xB8,0xB8,
    0xFF,0x00,0xB8,0xB8,0xFF,0x00,0xB8,0xB8,0xFF,0x00,0xB8,0xB8,0xFF,0x00,0xB8,
    0xB8,0xFF,0x00,0xB8,0xB8,0xFF,0x2E,0xBA,0xBA,0xFF,0xE7,0xF0,0xF0,0xFF,0xFF,
    0xFF,0xFF,0xFF,0xFF,0xFF,0xFF,0xFE,0xFF,0xFF,0xFF,0xF9,0xFF,0xFF,0xFF,0xF4,
    0xFF,0xFF,0xFF,0xEE,0xFB,0xFB,0xFB,0xE1,0xFA,0xFA,0xFA,0xB0,0xF9,0xF9,0xF9,
    0x84,0xF8,0xF8,0xF8,0x60,0xF8,0xF8,0xF8,0x42,0xF8,0xF8,0xF8,0x29,0xF4,0xF4,
    0xF4,0x17,0xE9,0xE9,0xE9,0x0B,0xDF,0xDF,0xDF,0x03,0x00,0x00,0x00,0x00,0x00,
    0x00,0x00,0x00,0x00,0x00,0x00,0x00,0x00,0x00,0x00,0x00,0x00,0x00,0x00,0x00,
    0x00,0x00,0x00,0x00,0x00,0x00,0x00,0x00,0x00,0x00,0x00,0x00,0x00,0x00,0x00,
    0x00,0x00,0x00,0x00,0x00,0x00,0x00,0x00,0x00,0x00,0x00,0x00,0x00,0x00,0x00,
    0x00,0x00,0x00,0x00,0x00,0x00,0x00,0x00,0x00,0x00,0x00,0x00,0x00,0x00,0x00,
    0x00,0x00,0x00,0x00,0x00,0x00,0x00,0x00,0x00,0x00,0x00,0x00,0x00,0x00,0x00,
    0x00,0x00,0x00,0x00,0x00,0x00,0x00,0x00,0x00,0x00,0x00,0x00,0x00,0x00,0x00,
    0x00,0x00,0x00,0x00,0x00,0x00,0x00,0x00,0x00,0x00,0x00,0x00,0x00,0x00,0x00,
    0x00,0x00,0x00,0x00,0x00,0x00,0x00,0x00,0x00,0x00,0x00,0x00,0x00,0x00,0x00,
    0x00,0x00,0x00,0x00,0x00,0x00,0x00,0x00,0x00,0x00,0x00,0x00,0x00,0x00,0x00,
    0x00,0x00,0x00,0x00,0x00,0x00,0x00,0x00,0x00,0x00,0x00,0x00,0x00,0x00,0x00,
    0x00,0x00,0x00,0x00,0x00,0x00,0x00,0x00,0x00,0x00,0x00,0x00,0x00,0x00,0x00,
    0x00,0x00,0x00,0x00,0x00,0x00,0x00,0x00,0x00,0x00,0x00,0x00,0x00,0x00,0x00,
    0x00,0x00,0x00,0x00,0x00,0x00,0x00,0x00,0x00,0x00,0x00,0x00,0x00,0x00,0x00,
    0x00,0x00,0x00,0x00,0x00,0x00,0x00,0x00,0x00,0x00,0x00,0x00,0x00,0x00,0x00,
    0x00,0x00,0x00,0x00,0x00,0x00,0x00,0x00,0x00,0x00,0x00,0x00,0x00,0x00,0x00,
    0x00,0x00,0x00,0x00,0x00,0x00,0x00,0x00,0x00,0x00,0x00,0x00,0x00,0x00,0x00,
    0x00,0x00,0x00,0x00,0x00,0x00,0x00,0x00,0x00,0x00,0x00,0x00,0x00,0x00,0x00,
    0x00,0x00,0x00,0x00,0x00,0x00,0x00,0x00,0x00,0x00,0x00,0x00,0x00,0x00,0x00,
    0x00,0x00,0x00,0x00,0x00,0x00,0x00,0x00,0x00,0x00,0x00,0x00,0x00,0x00,0x00,
    0x00,0x00,0x00,0x00,0x00,0x00,0x00,0x00,0x00,0x00,0x00,0x00,0x00,0x00,0x00,
    0x00,0x00,0x00,0x00,0x00,0x00,0x00,0x00,0x00,0x00,0x00,0x00,0x00,0x00,0x00,
    0x00,0x00,0x00,0x00,0x00,0x00,0x00,0x00,0xF9,0xF9,0xF9,0x01,0xF6,0xF6,0xF6,
    0x04,0xFA,0xFA,0xFA,0x10,0xFB,0xFB,0xFB,0x24,0xFC,0xFC,0xFC,0x3F,0xFE,0xFE,
    0xFE,0x5D,0xEC,0xF2,0xF2,0x87,0x30,0xB9,0xB9,0xBB,0x02,0xB8,0xB8,0xE9,0x00,
    0xB8,0xB8,0xF1,0x01,0xB8,0xB8,0xF8,0x00,0xB8,0xB8,0xFD,0x00,0xB8,0xB8,0xFF,
    0x00,0xB8,0xB8,0xFF,0x00,0xB8,0xB8,0xFF,0x00,0xB8,0xB8,0xFF,0x1A,0xB5,0xB5,
    0xFF,0x0B,0xB7,0xB7,0xFF,0x00,0xB8,0xB8,0xFF,0x00,0xB8,0xB8,0xFF,0x10,0xB6,
    0xB6,0xFF,0x15,0xB5,0xB5,0xFF,0x00,0xB8,0xB8,0xFF,0x00,0xB8,0xB8,0xFF,0x00,
    0xB8,0xB8,0xFF,0x00,0xB8,0xB8,0xFF,0x01,0xB8,0xB8,0xFD,0x01,0xB8,0xB8,0xF8,
    0x01,0xB8,0xB8,0xF1,0x06,0xB6,0xB6,0xEA,0x33,0xB8,0xB8,0xBC,0xEC,0xF1,0xF1,
    0x88,0xF9,0xF9,0xF9,0x5D,0xF6,0xF6,0xF6,0x3F,0xF2,0xF2,0xF2,0x24,0xEF,0xEF,
    0xEF,0x10,0xE4,0xE4,0xE4,0x05,0xF0,0xF0,0xF0,0x01,0x00,0x00,0x00,0x00,0x00,
    0x00,0x00,0x00,0x00,0x00,0x00,0x00,0x00,0x00,0x00,0x00,0x00,0x00,0x00,0x00,
    0x00,0x00,0x00,0x00,0x00,0x00,0x00,0x00,0x00,0x00,0x00,0x00,0x00,0x00,0x00,
    0x00,0x00,0x00,0x00,0x00,0x00,0x00,0x00,0x00,0x00,0x00,0x00,0x00,0x00,0x00,
    0x00,0x00,0x00,0x00,0x00,0x00,0x00,0x00,0x00,0x00,0x00,0x00,0x00,0x00,0x00,
    0x00,0x00,0x00,0x00,0x00,0x00,0x00,0x00,0x00,0x00,0x00,0x00,0x00,0x00,0x00,
    0x00,0x00,0x00,0x00,0x00,0x00,0x00,0x00,0x00,0x00,0x00,0x00,0x00,0x00,0x00,
    0x00,0x00,0x00,0x00,0x00,0x00,0x00,0x00,0x00,0x00,0x00,0x00,0x00,0x00,0x00,
    0x00,0x00,0x00,0x00,0x00,0x00,0x00,0x00,0x00,0x00,0x00,0x00,0x00,0x00,0x00,
    0x00,0x00,0x00,0x00,0x00,0x00,0x00,0x00,0x00,0x00,0x00,0x00,0x00,0x00,0x00,
    0x00,0x00,0x00,0x00,0x00,0x00,0x00,0x00,0x00,0x00,0x00,0x00,0x00,0x00,0x00,
    0x00,0x00,0x00,0x00,0x00,0x00,0x00,0x00,0x00,0x00,0x00,0x00,0x00,0x00,0x00,
    0x00,0x00,0x00,0x00,0x00,0x00,0x00,0x00,0x00,0x00,0x00,0x00,0x00,0x00,0x00,
    0x00,0x00,0x00,0x00,0x00,0x00,0x00,0x00,0x00,0x00,0x00,0x00,0x00,0x00,0x00,
    0x00,0x00,0x00,0x00,0x00,0x00,0x00,0x00,0x00,0x00,0x00,0x00,0x00,0x00,0x00,
    0x00,0x00,0x00,0x00,0x00,0x00,0x00,0x00,0x00,0x00,0x00,0x00,0x00,0x00,0x00,
    0x00,0x00,0x00,0x00,0x00,0x00,0x00,0x00,0x00,0x00,0x00,0x00,0x00,0x00,0x00,
    0x00,0x00,0x00,0x00,0x00,0x00,0x00,0x00,0x00,0x00,0x00,0x00,0x00,0x00,0x00,
    0x00,0x00,0x00,0x00,0x00,0x00,0x00,0x00,0x00,0x00,0x00,0x00,0x00,0x00,0x00,
    0x00,0x00,0x00,0x00,0x00,0x00,0x00,0x00,0x00,0x00,0x00,0x00,0x00,0x00,0x00,
    0x00,0x00,0x00,0x00,0x00,0x00,0x00,0x00,0x00,0x00,0x00,0x00,0x00,0x00,0x00,
    0x00,0x00,0x00,0x00,0x00,0x00,0x00,0x00,0x00,0x00,0x00,0x00,0x00,0x00,0x00,
    0x00,0x00,0x00,0x00,0x00,0x00,0x00,0x00,0x00,0x00,0x00,0x00,0x00,0x00,0x00,
    0x00,0x00,0x00,0x00,0x00,0x00,0x00,0x00,0x00,0x00,0x00,0x00,0x00,0x00,0x00,
    0x00,0x00,0x00,0x00,0x00,0x00,0x00,0x00,0x00,0x00,0x00,0x00,0x00,0x00,0x00,
    0x00,0x00,0x00,0x00,0x00,0x00,0x00,0x00,0x00,0x00,0x00,0x00,0x00,0x00,0x00,
    0x00,0x00,0x00,0x00,0x00,0x00,0x00,0x00,0x00,0x00,0x00,0x00,0x18,0xAF,0xAF,
    0x01,0x10,0xB3,0xB3,0x0A,0x0F,0xB3,0xB3,0x1E,0x08,0xB6,0xB6,0x38,0x05,0xB7,
    0xB7,0x5C,0x02,0xB7,0xB7,0x89,0x0D,0xB5,0xB5,0xCA,0x03,0xB7,0xB7,0xED,0x1D,
    0xB4,0xB4,0xF9,0x04,0xB8,0xB8,0xFF,0x00,0xB8,0xB8,0xFF,0x00,0xB8,0xB8,0xFF,
    0x04,0xB7,0xB7,0xFF,0x1D,0xB4,0xB4,0xF8,0x04,0xB7,0xB7,0xEC,0x0E,0xB4,0xB4,
    0xC7,0x0D,0xB4,0xB4,0x89,0x11,0xB4,0xB4,0x5C,0x14,0xB3,0xB3,0x38,0x1D,0xAE,
    0xAE,0x1E,0x22,0xAA,0xAA,0x0A,0x2C,0xA1,0xA1,0x02,0x00,0x00,0x00,0x00,0x00,
    0x00,0x00,0x00,0x00,0x00,0x00,0x00,0x00,0x00,0x00,0x00,0x00,0x00,0x00,0x00,
    0x00,0x00,0x00,0x00,0x00,0x00,0x00,0x00,0x00,0x00,0x00,0x00,0x00,0x00,0x00,
    0x00,0x00,0x00,0x00,0x00,0x00,0x00,0x00,0x00,0x00,0x00,0x00,0x00,0x00,0x00,
    0x00,0x00,0x00,0x00,0x00,0x00,0x00,0x00,0x00,0x00,0x00,0x00,0x00,0x00,0x00,
    0x00,0x00,0x00,0x00,0x00,0x00,0x00,0x00,0x00,0x00,0x00,0x00,0x00,0x00,0x00,
    0x00,0x00,0x00,0x00,0x00,0x00,0x00,0x00,0x00,0x00,0x00,0x00,0x00,0x00,0x00,
    0x00,0x00,0x00,0x00,0x00,0x00,0x00,0x00,0x00,0x00,0x00,0x00,0x00,0x00,0x00,
    0x00,0x00,0x00,0x00,0x00,0x00,0x00,0x00,0x00,0x00,0x00,0x00,0x00,0x00,0x00,
    0x00,0x00,0x00,0x00,0x00,0x00,0x00,0x00,0x00,0x00,0x00,0x00,0x00,0x00,0x00,
    0x00,0x00,0x00,0x00,0x00,0x00,0x00,0x00,0x00,0x00,0x00,0x00,0x00,0x00,0x00,
    0x00,0x00,0x00,0x00,0x00,0x00,0x00,0x00,0x00,0x00,0x00,0x00,0x00,0x00,0x00,
    0x00,0x00,0x00,0x00,0x00,0x00,0x00,0x00,0x00,0x00,0x00,0x00,0x00,0x00,0x00,
    0x00,0x00,0x00,0x00,0x00,0x00,0x00,0x00,0x00,0x00,0x00,0x00,0x00,0x00,0x00,
    0x00,0x00,0x00,0x00,0x00,0x00,0x00,0x00,0x00,0x00,0x00,0x00,0x00,0x00,0x00,
    0x00,0x00,0x00,0x00,0x00,0x00,0x00,0x00,0x00,0x00,0x00,0x00,0x00,0x00,0x00,
    0x00,0x00,0x00,0x00,0x00,0x00,0x00,0x00,0x00,0x00,0x00,0x00,0x00,0x00,0x00,
    0x00,0x00,0x00,0x00,0x00,0x00,0x00,0x00,0x00,0x00,0x00,0x00,0x00,0x00,0x00,
    0x00,0x00,0x00,0x00,0x00,0x00,0x00,0x00,0x00,0x00,0x00,0x00,0x00,0x00,0x00,
    0x00,0x00,0x00,0x00,0x00,0x00,0x00,0x00,0x00,0x00,0x00,0x00,0x00,0x00,0x00,
    0x00,0x00,0x00,0x00,0x00,0x00,0x00,0x00,0x00,0x00,0x00,0x00,0x00,0x00,0x00,
    0x00,0x00,0x00,0x00,0x00,0x00,0x00,0x00,0x00,0x00,0x00,0x00,0x00,0x00,0x00,
    0x00,0x00,0x00,0x00,0x00,0x00,0x00,0x00,0x00,0x00,0x00,0x00,0x00,0x00,0x00,
    0x00,0x00,0x00,0x00,0x00,0x00,0x00,0x00,0x00,0x00,0x00,0x00,0x00,0x00,0x00,
    0x00,0x00,0x00,0x00,0x00,0x00,0x00,0x00,0x00,0x00,0x00,0x00,0x00,0x00,0x00,
    0x00,0x00,0x00,0x00,0x00,0x00,0x00,0x00,0x00,0x00,0x00,0x00,0x00,0x00,0x00,
    0x00,0x00,0x00,0x00,0x00,0x00,0x00,0x00,0x00,0x00,0x00,0x00,0x00,0x00,0x00,
    0x00,0x00,0x00,0x00,0x00,0x00,0x00,0x00,0x00,0x00,0x00,0x00,0x00,0x00,0x00,
    0x00,0x00,0x00,0x00,0x00,0x00,0x00,0x00,0x00,0x00,0x00,0x00,0x00,0x00,0x00,
    0x00,0x00,0x00,0x00,0x00,0x00,0x00,0x00,0x00,0x00,0x00,0x00,0x00,0x00,0x00,
    0x00,0x00,0x00,0x00,0x00,0x00,0x00,0x00,0x00,0x00,0x00,0x00,0x2E,0xA0,0xA0,
    0x04,0x21,0xAF,0xAF,0x72,0x11,0xB4,0xB4,0xB5,0x16,0xB1,0xB1,0x7F,0x13,0xB3,
    0xB3,0x7C,0x11,0xB4,0xB4,0xB6,0x21,0xAF,0xAF,0x67,0x2B,0xA3,0xA3,0x03,0x00,
    0x00,0x00,0x00,0x00,0x00,0x00,0x00,0x00,0x00,0x00,0x00,0x00,0x00,0x00,0x00,
    0x00,0x00,0x00,0x00,0x00,0x00,0x00,0x00,0x00,0x00,0x00,0x00,0x00,0x00,0x00,
    0x00,0x00,0x00,0x00,0x00,0x00,0x00,0x00,0x00,0x00,0x00,0x00,0x00,0x00,0x00,
    0x00,0x00,0x00,0x00,0x00,0x00,0x00,0x00,0x00,0x00,0x00,0x00,0x00,0x00,0x00,
    0x00,0x00,0x00,0x00,0x00,0x00,0x00,0x00,0x00,0x00,0x00,0x00,0x00,0x00,0x00,
    0x00,0x00,0x00,0x00,0x00,0x00,0x00,0x00,0x00,0x00,0x00,0x00,0x00,0x00,0x00,
    0x00,0x00,0x00,0x00,0x00,0x00,0x00,0x00,0x00,0x00,0x00,0x00,0x00,0x00,0x00,
    0x00,0x00,0x00,0x00,0x00,0x00,0x00,0x00,0x00,0x00,0x00,0x00,0x00,0x00,0x00,
    0x00,0x00,0x00,0x00,0x00,0x00,0x00,0x00,0x00,0x00,0x00,0x00,0x00,0x00,0x00,
    0x00,0x00,0x00,0x00,0x00,0x00,0x00,0x00,0x00,0x00,0x00,0x00,0x00,0x00,0x00,
    0x00,0x00,0x00,0x00,0x00,0x00,0x00,0x00,0x00,0x00,0x00,0x00,0x00,0x00,0x00,
    0x00,0x00,0x00,0x00,0x00,0x00,0x00,0x00,0x00,0x00,0x00,0x00,0x00,0x00,0x00,
    0x00,0x00,0x00,0x00,0x00,0x00,0x00,0x00,0x00,0x00,0x00,0x00,0x00,0x00,0x00,
    0x00,0x00,0x00,0x00,0x00,0x00,0x00,0x00,0x00,0x00,0x00,0x00,0x00,0x00,0x00,
    0x00,0x00,0x00,0x00,0x00,0x00,0x00,0x00,0x00,0x00,0x00,0x00,0x00,0x00,0x00,
    0x00,0x00,0x00,0x00,0x00,0x00,0x00,0x00,0x00,0x00,0x00,0x00,0x00,0x00,0x00,
    0x00,0x00,0x00,0x00,0x00,0x00,0x00,0x00,0x00,0x00,0x00,0x00,0x00,0x00,0x00,
    0x00,0x00,0x00,0x00,0x00,0x00,0x00,0x00,0x00,0x00,0x00,0x00,0x00,0x00,0x00,
    0x00,0x00,0x00,0x00,0x00,0x00,0x00,0x00,0x00,0x00,0x00,0x00,0x00,0x00,0x00,
    0x00,0x00,0x00,0x00,0x00,0x00,0x00,0x00,0x00,0x00,0x00,0x00,0x00,0x00,0x00,
    0x00,0x00,0x00,0x00,0x00,0x00,0x00,0x00,0x00,0x00,0x00,0x00,0x00,0x00,0x00,
    0x00,0x00,0x00,0x00,0x00,0x00,0x00,0x00,0x00,0x00,0x00,0x00,0x00,0x00,0x00,
    0x00,0x00,0x00,0x00,0x00,0x00,0x00,0x00,0x00,0x00,0x00,0x00,0x00,0x00,0x00,
    0x00,0x00,0x00,0x00,0x00,0x00,0x00,0x00,0x00,0x00,0x00,0x00,0x00,0x00,0x00,
    0x00,0x00,0x00,0x00,0x00,0x00,0x00,0x00,0x00,0x00,0x00,0x00,0x00,0x00,0x00,
    0x00,0x00,0x00,0x00,0x00,0x00,0x00,0x00,0x00,0x00,0x00,0x00,0x00,0x00,0x00,
    0x00,0x00,0x00,0x00,0x00,0x00,0x00,0x00,0x00,0x00,0x00,0x00,0x00,0x00,0x00,
    0x00,0x00,0x00,0x00,0x00,0x00,0x00,0x00,0x00,0x00,0x00,0x00,0x00,0x00,0x00,
    0x00,0x00,0x00,0x00,0x00,0x00,0x00,0x00,0x00,0x00,0x00,0x00,0x00,0x00,0x00,
    0x00,0x00,0x00,0x00,0x00,0x00,0x00,0x00,0x00,0x00,0x00,0x00,0x00,0x00,0x00,
    0x00,0x00,0x00,0x00,0x00,0x00,0x00,0x00,0x00,0x00,0x00,0x00,0x00,0x00,0x00,
    0x00,0x00,0x00,0x00,0x00,0x00,0x00,0x00,0x00,0x00,0x00,0x00,0x00,0x00,0x00,
    0x00,0x00,0x00,0x00,0x00,0x00,0x00,0x00,0x00,0x00,0x00,0x00,0x00,0x00,0x00,
    0x00,0x00,0x00,0x00,0x00,0x00,0x00,0x00,0x00,0x00,0x00,0x00,0x00,0x00,0x00,
    0x00,0x00,0x00,0x00,0x00,0x00,0x00,0x00,0x00,0x00,0x00,0x00,0x00,0x00,0x00,
    0x00,0x00,0x00,0x00,0x00,0x00,0x00,0x00,0x00,0x00,0x00,0x00,0x00,0x00,0x00,
    0x00,0x00,0x00,0x00,0x00,0x00,0x00,0x00,0x00,0x00,0x00,0x00,0x00,0x00,0x00,
    0x00,0x00,0x00,0x00,0x00,0x00,0x00,0x00,0x00,0x00,0x00,0x00,0x00,0x00,0x00,
    0x00,0x00,0x00,0x00,0x00,0x00,0x00,0x00,0x00,0x00,0x00,0x00,0x00,0x00,0x00,
    0x00,0x00,0x00,0x00,0x00,0x00,0x00,0x00,0x00,0x00,0x00,0x00,0x00,0x00,0x00,
    0x00,0x00,0x00,0x00,0x00,0x00,0x00,0x00,0x00,0x00,0x00,0x00,0x00,0x00,0x00,
    0x00,0x00,0x00,0x00,0x00,0x00,0x00,0x00,0x00,0x00,0x00,0x00,0x00,0x00,0x00,
    0x00,0x00,0x00,0x00,0x00,0x00,0x00,0x00,0x00,0x00,0x00,0x00,0x00,0x00,0x00,
    0x00,0x00,0x00,0x00,0x00,0x00,0x00,0x00,0x00,0x00,0x00,0x00,0x00,0x00,0x00,
    0x00,0x00,0x00,0x00,0x00,0x00,0x00,0x00,0x00,0x00,0x00,0x00,0x00,0x00,0x00,
    0x00,0x00,0x00,0x00,0x00,0x00,0x00,0x00,0x00,0x00,0x00,0x00,0x00,0x00,0x00,
    0x00,0x00,0x00,0x00,0x00,0x00,0x00,0x00,0x00,0x00,0x00,0x00,0x00,0x00,0x00,
    0x00,0x00,0x00,0x00,0x00,0x00,0x00,0x00,0x00,0x00,0x00,0x00,0x00,0x00,0x00,
    0x00,0x00,0x00,0x00,0x00,0x00,0x00,0x00,0x00,0x00,0x00,0x00,0x00,0x00,0x00,
    0x00,0x00,0x00,0x00,0x00,0x00,0x00,0x00,0x00,0x00,0x00,0x00,0x00,0x00,0x00,
    0x00
};
