#define IMAGE_96X96_LOGO_WIDTH 96
#define IMAGE_96X96_LOGO_HEIGHT 96
#define IMAGE_96X96_LOGO_FORMAT PIXELFORMAT_UNCOMPRESSED_R8G8B8A8

static unsigned char asset_image_96x96_logo[IMAGE_96X96_LOGO_WIDTH*IMAGE_96X96_LOGO_HEIGHT*4] = {
    0x00,0x00,0x00,0x00,0x00,0x00,0x00,0x00,0x00,0x00,0x00,0x00,0x00,0x00,0x00,
    0x00,0x00,0x00,0x00,0x00,0x00,0x00,0x00,0x00,0x00,0x00,0x00,0x00,0x00,0x00,
    0x00,0x00,0x00,0x00,0x00,0x00,0x00,0x00,0x00,0x00,0x00,0x00,0x00,0x00,0x00,
    0x00,0x00,0x00,0x00,0x00,0x00,0x00,0x00,0x00,0x00,0x00,0x00,0x00,0x00,0x00,
    0x00,0x00,0x00,0x00,0x00,0x00,0x00,0x00,0x00,0x00,0x00,0x00,0x00,0x00,0x00,
    0x00,0x00,0x00,0x00,0x00,0x00,0x00,0x00,0x00,0x00,0x00,0x00,0x00,0x00,0x00,
    0x00,0x00,0x00,0x00,0x00,0x00,0x0A,0x0A,0x0A,0x03,0x00,0x00,0x00,0x00,0x00,
    0x00,0x00,0x00,0x00,0x00,0x00,0x00,0x00,0x00,0x00,0x00,0x00,0x00,0x00,0x00,
    0x00,0x00,0x00,0x00,0x00,0x00,0x00,0x00,0x00,0x00,0x00,0x00,0x00,0x00,0x00,
    0x00,0x00,0x00,0x00,0x00,0x00,0x00,0x00,0x00,0x00,0x00,0x00,0x00,0x00,0x00,
    0x00,0x00,0x00,0x00,0x00,0x00,0x00,0x00,0x00,0x00,0x00,0x00,0x00,0x00,0x00,
    0x00,0x00,0x00,0x00,0x00,0x00,0x00,0x00,0x00,0x00,0x00,0x00,0x00,0x00,0x00,
    0x00,0x00,0x00,0x00,0x00,0x00,0x00,0x00,0x00,0x00,0x00,0x00,0x00,0x00,0x00,
    0x00,0x00,0x00,0x00,0x00,0x00,0x00,0x00,0x00,0x00,0x00,0x00,0x00,0x00,0x00,
    0x00,0x00,0x00,0x00,0x00,0x00,0x00,0x00,0x00,0x00,0x00,0x00,0x00,0x00,0x00,
    0x00,0x00,0x00,0x00,0x00,0x00,0x00,0x00,0x00,0x00,0x00,0x00,0x00,0x00,0x00,
    0x00,0x00,0x00,0x00,0x00,0x00,0x00,0x00,0x00,0x00,0x00,0x00,0x00,0x00,0x00,
    0x00,0x00,0x00,0x00,0x00,0x00,0x00,0x00,0x00,0x00,0x00,0x00,0x00,0x00,0x00,
    0x00,0x00,0x00,0x00,0x00,0x00,0x00,0x00,0x00,0x00,0x00,0x00,0x00,0x00,0x07,
    0x07,0x07,0x02,0x00,0x00,0x00,0x00,0x00,0x00,0x00,0x00,0x00,0x00,0x00,0x00,
    0x00,0x00,0x00,0x00,0x00,0x00,0x00,0x00,0x00,0x00,0x00,0x00,0x00,0x00,0x00,
    0x00,0x00,0x00,0x00,0x00,0x00,0x00,0x00,0x00,0x00,0x00,0x00,0x00,0x00,0x00,
    0x00,0x00,0x00,0x00,0x00,0x00,0x00,0x00,0x00,0x00,0x00,0x00,0x00,0x00,0x00,
    0x00,0x00,0x00,0x00,0x00,0x00,0x00,0x00,0x00,0x00,0x00,0x00,0x00,0x00,0x00,
    0x00,0x00,0x00,0x00,0x00,0x00,0x00,0x00,0x00,0x00,0x00,0x00,0x00,0x00,0x00,
    0x00,0x00,0x00,0x00,0x00,0x00,0x00,0x00,0x00,0x00,0x00,0x00,0x00,0x00,0x00,
    0x00,0x00,0x00,0x00,0x00,0x00,0x00,0x00,0x00,0x00,0x00,0x00,0x00,0x00,0x00,
    0x00,0x00,0x00,0x00,0x00,0x00,0x00,0x00,0x00,0x00,0x00,0x00,0x00,0x00,0x00,
    0x00,0x00,0x00,0x00,0x00,0x00,0x00,0x00,0x00,0x00,0x00,0x00,0x00,0x00,0x00,
    0x00,0x00,0x00,0x00,0x00,0x00,0x00,0x00,0x00,0x00,0x00,0x00,0x00,0x00,0x00,
    0x00,0x00,0x00,0x00,0x00,0x00,0x00,0x00,0x00,0x00,0x00,0x00,0x00,0x00,0x00,
    0x00,0x00,0x00,0x00,0x00,0x00,0x00,0x00,0x00,0x00,0x00,0x06,0x06,0x06,0x0D,
    0x03,0x03,0x03,0x89,0x09,0x09,0x09,0x08,0x00,0x00,0x00,0x00,0x00,0x00,0x00,
    0x00,0x00,0x00,0x00,0x00,0x00,0x00,0x00,0x00,0x00,0x00,0x00,0x00,0x00,0x00,
    0x00,0x00,0x00,0x00,0x00,0x00,0x00,0x00,0x00,0x00,0x00,0x00,0x00,0x00,0x00,
    0x00,0x00,0x00,0x00,0x00,0x00,0x00,0x00,0x00,0x00,0x00,0x00,0x00,0x00,0x00,
    0x00,0x00,0x00,0x00,0x00,0x00,0x00,0x00,0x00,0x00,0x00,0x00,0x00,0x00,0x00,
    0x00,0x00,0x00,0x00,0x00,0x00,0x00,0x00,0x00,0x00,0x00,0x00,0x00,0x00,0x00,
    0x00,0x00,0x00,0x00,0x00,0x00,0x00,0x00,0x00,0x00,0x00,0x00,0x00,0x00,0x00,
    0x00,0x00,0x00,0x00,0x00,0x00,0x00,0x00,0x00,0x00,0x00,0x00,0x00,0x00,0x00,
    0x00,0x00,0x00,0x00,0x00,0x00,0x00,0x00,0x00,0x00,0x00,0x00,0x00,0x00,0x00,
    0x00,0x00,0x00,0x00,0x00,0x00,0x00,0x00,0x00,0x00,0x00,0x00,0x00,0x00,0x00,
    0x00,0x00,0x00,0x00,0x00,0x00,0x00,0x00,0x00,0x00,0x00,0x00,0x00,0x00,0x00,
    0x00,0x00,0x00,0x00,0x00,0x00,0x00,0x00,0x00,0x00,0x00,0x00,0x00,0x00,0x00,
    0x00,0x00,0x00,0x00,0x08,0x08,0x08,0x07,0x03,0x03,0x03,0x73,0x06,0x06,0x06,
    0x07,0x00,0x00,0x00,0x00,0x00,0x00,0x00,0x00,0x00,0x00,0x00,0x00,0x00,0x00,
    0x00,0x00,0x00,0x00,0x00,0x00,0x00,0x00,0x00,0x00,0x00,0x00,0x00,0x00,0x00,
    0x00,0x00,0x00,0x00,0x00,0x00,0x00,0x00,0x00,0x00,0x00,0x00,0x00,0x00,0x00,
    0x00,0x00,0x00,0x00,0x00,0x00,0x00,0x00,0x00,0x00,0x00,0x00,0x00,0x00,0x00,
    0x00,0x00,0x00,0x00,0x00,0x00,0x00,0x00,0x00,0x00,0x00,0x00,0x00,0x00,0x00,
    0x00,0x00,0x00,0x00,0x00,0x00,0x00,0x00,0x00,0x00,0x00,0x00,0x00,0x00,0x00,
    0x00,0x00,0x00,0x00,0x00,0x00,0x00,0x00,0x00,0x00,0x00,0x00,0x00,0x00,0x00,
    0x00,0x00,0x00,0x00,0x00,0x00,0x00,0x00,0x00,0x00,0x00,0x00,0x00,0x00,0x00,
    0x00,0x00,0x00,0x00,0x00,0x00,0x00,0x00,0x00,0x00,0x00,0x00,0x00,0x00,0x00,
    0x00,0x00,0x00,0x00,0x00,0x00,0x00,0x00,0x00,0x00,0x00,0x00,0x00,0x00,0x00,
    0x00,0x00,0x00,0x00,0x00,0x00,0x00,0x00,0x00,0x00,0x00,0x00,0x00,0x00,0x00,
    0x00,0x00,0x00,0x00,0x00,0x00,0x00,0x00,0x00,0x00,0x00,0x00,0x00,0x00,0x00,
    0x00,0x00,0x00,0x00,0x00,0x08,0x08,0x08,0x7C,0x01,0x01,0x01,0xF7,0x03,0x03,
    0x03,0x70,0x09,0x09,0x09,0x02,0x00,0x00,0x00,0x00,0x00,0x00,0x00,0x00,0x00,
    0x00,0x00,0x00,0x00,0x00,0x00,0x00,0x00,0x00,0x00,0x00,0x00,0x00,0x00,0x00,
    0x00,0x00,0x00,0x00,0x00,0x00,0x00,0x00,0x00,0x00,0x00,0x00,0x00,0x00,0x00,
    0x00,0x00,0x00,0x00,0x00,0x00,0x00,0x00,0x00,0x00,0x00,0x00,0x00,0x00,0x00,
    0x00,0x00,0x00,0x00,0x00,0x00,0x00,0x00,0x00,0x00,0x00,0x00,0x00,0x00,0x00,
    0x00,0x00,0x00,0x00,0x00,0x00,0x00,0x00,0x00,0x00,0x00,0x00,0x00,0x00,0x00,
    0x00,0x00,0x00,0x00,0x00,0x00,0x00,0x00,0x00,0x00,0x00,0x00,0x00,0x00,0x00,
    0x00,0x00,0x00,0x00,0x00,0x00,0x00,0x00,0x00,0x00,0x00,0x00,0x00,0x00,0x00,
    0x00,0x00,0x00,0x00,0x00,0x00,0x00,0x00,0x00,0x00,0x00,0x00,0x00,0x00,0x00,
    0x00,0x00,0x00,0x00,0x00,0x00,0x00,0x00,0x00,0x00,0x00,0x00,0x00,0x00,0x00,
    0x00,0x00,0x00,0x00,0x00,0x00,0x00,0x00,0x00,0x00,0x00,0x00,0x00,0x00,0x00,
    0x00,0x00,0x00,0x00,0x00,0x00,0x00,0x00,0x00,0x09,0x09,0x09,0x01,0x03,0x03,
    0x03,0x67,0x01,0x01,0x01,0xF5,0x09,0x09,0x09,0x67,0x00,0x00,0x00,0x00,0x00,
    0x00,0x00,0x00,0x00,0x00,0x00,0x00,0x00,0x00,0x00,0x00,0x00,0x00,0x00,0x00,
    0x00,0x00,0x00,0x00,0x00,0x00,0x00,0x00,0x00,0x00,0x00,0x00,0x00,0x00,0x00,
    0x00,0x00,0x00,0x00,0x00,0x00,0x00,0x00,0x00,0x00,0x00,0x00,0x00,0x00,0x00,
    0x00,0x00,0x00,0x00,0x00,0x00,0x00,0x00,0x00,0x00,0x00,0x00,0x00,0x00,0x00,
    0x00,0x00,0x00,0x00,0x00,0x00,0x00,0x00,0x00,0x00,0x00,0x00,0x00,0x00,0x00,
    0x00,0x00,0x00,0x00,0x00,0x00,0x00,0x00,0x00,0x00,0x00,0x00,0x00,0x00,0x00,
    0x00,0x00,0x00,0x00,0x00,0x00,0x00,0x00,0x00,0x00,0x00,0x00,0x00,0x00,0x00,
    0x00,0x00,0x00,0x00,0x00,0x00,0x00,0x00,0x00,0x00,0x00,0x00,0x00,0x00,0x00,
    0x00,0x00,0x00,0x00,0x00,0x00,0x00,0x00,0x00,0x00,0x00,0x00,0x00,0x00,0x00,
    0x00,0x00,0x00,0x00,0x00,0x00,0x00,0x00,0x00,0x00,0x00,0x00,0x00,0x00,0x00,
    0x00,0x00,0x00,0x00,0x00,0x00,0x00,0x00,0x00,0x00,0x00,0x00,0x00,0x00,0x00,
    0x00,0x00,0x00,0x00,0x00,0x00,0x00,0x00,0x00,0x00,0x03,0x03,0x03,0x1B,0x01,
    0x01,0x01,0xDC,0x06,0x06,0x06,0xFF,0x01,0x01,0x01,0xF9,0x05,0x05,0x05,0x3C,
    0x00,0x00,0x00,0x00,0x00,0x00,0x00,0x00,0x00,0x00,0x00,0x00,0x00,0x00,0x00,
    0x00,0x00,0x00,0x00,0x00,0x00,0x00,0x00,0x00,0x00,0x00,0x00,0x00,0x00,0x00,
    0x00,0x00,0x00,0x00,0x00,0x00,0x00,0x00,0x00,0x00,0x00,0x00,0x00,0x00,0x00,
    0x00,0x00,0x00,0x00,0x00,0x00,0x00,0x00,0x00,0x00,0x00,0x00,0x00,0x00,0x00,
    0x00,0x00,0x00,0x00,0x00,0x00,0x00,0x00,0x00,0x00,0x00,0x00,0x00,0x00,0x00,
    0x00,0x00,0x00,0x00,0x00,0x00,0x00,0x00,0x00,0x00,0x00,0x00,0x00,0x00,0x00,
    0x00,0x00,0x00,0x00,0x00,0x00,0x00,0x00,0x00,0x00,0x00,0x00,0x00,0x00,0x00,
    0x00,0x00,0x00,0x00,0x00,0x00,0x00,0x00,0x00,0x00,0x00,0x00,0x00,0x00,0x00,
    0x00,0x00,0x00,0x00,0x00,0x00,0x00,0x00,0x00,0x00,0x00,0x00,0x00,0x00,0x00,
    0x00,0x00,0x00,0x00,0x00,0x00,0x00,0x00,0x00,0x00,0x00,0x00,0x00,0x00,0x00,
    0x00,0x00,0x00,0x00,0x00,0x00,0x00,0x00,0x00,0x00,0x00,0x00,0x00,0x00,0x00,
    0x00,0x00,0x00,0x04,0x04,0x04,0x34,0x01,0x01,0x01,0xF5,0x06,0x06,0x06,0xFF,
    0x02,0x02,0x02,0xD1,0x04,0x04,0x04,0x13,0x00,0x00,0x00,0x00,0x00,0x00,0x00,
    0x00,0x00,0x00,0x00,0x00,0x00,0x00,0x00,0x00,0x00,0x00,0x00,0x00,0x00,0x00,
    0x00,0x00,0x00,0x00,0x00,0x00,0x00,0x00,0x00,0x00,0x00,0x00,0x00,0x00,0x00,
    0x00,0x00,0x00,0x00,0x00,0x00,0x00,0x00,0x00,0x00,0x00,0x00,0x00,0x00,0x00,
    0x00,0x00,0x00,0x00,0x00,0x00,0x00,0x00,0x00,0x00,0x00,0x00,0x00,0x00,0x00,
    0x00,0x00,0x00,0x00,0x00,0x00,0x00,0x00,0x00,0x00,0x00,0x00,0x00,0x00,0x00,
    0x00,0x00,0x00,0x00,0x00,0x00,0x00,0x00,0x00,0x00,0x00,0x00,0x00,0x00,0x00,
    0x00,0x00,0x00,0x00,0x00,0x00,0x00,0x00,0x00,0x00,0x00,0x00,0x00,0x00,0x00,
    0x00,0x00,0x00,0x00,0x00,0x00,0x00,0x00,0x00,0x00,0x00,0x00,0x00,0x00,0x00,
    0x00,0x00,0x00,0x00,0x00,0x00,0x00,0x00,0x00,0x00,0x00,0x00,0x00,0x00,0x00,
    0x00,0x00,0x00,0x00,0x00,0x00,0x00,0x00,0x00,0x00,0x00,0x00,0x00,0x00,0x00,
    0x00,0x00,0x00,0x00,0x00,0x00,0x00,0x00,0x00,0x00,0x00,0x00,0x00,0x00,0x00,
    0x04,0x04,0x04,0x01,0x01,0x01,0x01,0x78,0x00,0x00,0x00,0xFE,0x03,0x03,0x03,
    0xFF,0x05,0x04,0x04,0xFF,0x0C,0x0C,0x0C,0xE4,0x05,0x05,0x05,0x20,0x00,0x00,
    0x00,0x00,0x00,0x00,0x00,0x00,0x00,0x00,0x00,0x00,0x00,0x00,0x00,0x00,0x00,
    0x00,0x00,0x00,0x00,0x00,0x00,0x00,0x00,0x00,0x00,0x00,0x00,0x00,0x00,0x00,
    0x00,0x00,0x00,0x00,0x00,0x00,0x00,0x00,0x00,0x00,0x00,0x00,0x00,0x00,0x00,
    0x00,0x00,0x00,0x00,0x00,0x00,0x00,0x00,0x00,0x00,0x00,0x00,0x00,0x00,0x00,
    0x00,0x00,0x00,0x00,0x00,0x00,0x00,0x00,0x00,0x00,0x00,0x00,0x00,0x00,0x00,
    0x00,0x00,0x00,0x00,0x00,0x00,0x00,0x00,0x00,0x00,0x00,0x00,0x00,0x00,0x00,
    0x00,0x00,0x00,0x00,0x00,0x00,0x00,0x00,0x00,0x00,0x00,0x00,0x00,0x00,0x00,
    0x00,0x00,0x00,0x00,0x00,0x00,0x00,0x00,0x00,0x00,0x00,0x00,0x00,0x00,0x00,
    0x00,0x00,0x00,0x00,0x00,0x00,0x00,0x00,0x00,0x00,0x00,0x00,0x00,0x00,0x00,
    0x00,0x00,0x00,0x00,0x00,0x00,0x00,0x00,0x00,0x00,0x00,0x00,0x00,0x00,0x00,
    0x00,0x00,0x00,0x00,0x00,0x00,0x00,0x00,0x05,0x05,0x05,0x1B,0x06,0x06,0x06,
    0xDD,0x04,0x03,0x03,0xFF,0x03,0x03,0x03,0xFF,0x00,0x00,0x00,0xFC,0x02,0x02,
    0x02,0x66,0x06,0x06,0x06,0x01,0x00,0x00,0x00,0x00,0x00,0x00,0x00,0x00,0x00,
    0x00,0x00,0x00,0x00,0x00,0x00,0x00,0x00,0x00,0x00,0x00,0x00,0x00,0x00,0x00,
    0x00,0x00,0x00,0x00,0x00,0x00,0x00,0x00,0x00,0x00,0x00,0x00,0x00,0x00,0x00,
    0x00,0x00,0x00,0x00,0x00,0x00,0x00,0x00,0x00,0x00,0x00,0x00,0x00,0x00,0x00,
    0x00,0x00,0x00,0x00,0x00,0x00,0x00,0x00,0x00,0x00,0x00,0x00,0x00,0x00,0x00,
    0x00,0x00,0x00,0x00,0x00,0x00,0x00,0x00,0x00,0x00,0x00,0x00,0x00,0x00,0x00,
    0x00,0x00,0x00,0x00,0x00,0x00,0x00,0x00,0x00,0x00,0x00,0x00,0x00,0x00,0x00,
    0x00,0x00,0x00,0x00,0x00,0x00,0x00,0x00,0x00,0x00,0x00,0x00,0x00,0x00,0x00,
    0x00,0x00,0x00,0x00,0x00,0x00,0x00,0x00,0x00,0x00,0x00,0x00,0x00,0x00,0x00,
    0x00,0x00,0x00,0x00,0x00,0x00,0x00,0x00,0x00,0x00,0x00,0x00,0x00,0x00,0x00,
    0x00,0x00,0x00,0x00,0x00,0x00,0x00,0x00,0x00,0x00,0x00,0x00,0x00,0x00,0x00,
    0x00,0x00,0x00,0x00,0x00,0x00,0x00,0x00,0x00,0x03,0x03,0x03,0x1A,0x00,0x00,
    0x00,0xEC,0x00,0x00,0x00,0xFF,0x00,0x00,0x00,0xFF,0x26,0x36,0x2E,0xFF,0x46,
    0x4C,0x49,0xFF,0x14,0x14,0x14,0xB7,0x06,0x06,0x06,0x0C,0x00,0x00,0x00,0x00,
    0x00,0x00,0x00,0x00,0x00,0x00,0x00,0x00,0x00,0x00,0x00,0x00,0x00,0x00,0x00,
    0x00,0x00,0x00,0x00,0x00,0x00,0x00,0x00,0x00,0x00,0x00,0x00,0x00,0x00,0x00,
    0x00,0x00,0x00,0x00,0x00,0x00,0x00,0x00,0x00,0x00,0x00,0x00,0x00,0x00,0x00,
    0x00,0x00,0x00,0x00,0x00,0x00,0x00,0x00,0x00,0x00,0x00,0x00,0x00,0x00,0x00,
    0x00,0x00,0x00,0x00,0x00,0x00,0x00,0x00,0x00,0x00,0x00,0x00,0x00,0x00,0x00,
    0x00,0x00,0x00,0x00,0x00,0x00,0x00,0x00,0x00,0x00,0x00,0x00,0x00,0x00,0x00,
    0x00,0x00,0x00,0x00,0x00,0x00,0x00,0x00,0x00,0x00,0x00,0x00,0x00,0x00,0x00,
    0x00,0x00,0x00,0x00,0x00,0x00,0x00,0x00,0x00,0x00,0x00,0x00,0x00,0x00,0x00,
    0x00,0x00,0x00,0x00,0x00,0x00,0x00,0x00,0x00,0x00,0x00,0x00,0x00,0x00,0x00,
    0x00,0x00,0x00,0x00,0x00,0x00,0x00,0x00,0x00,0x00,0x00,0x00,0x00,0x08,0x08,
    0x08,0x0A,0x12,0x12,0x12,0xB0,0x43,0x47,0x45,0xFE,0x20,0x2C,0x27,0xFF,0x00,
    0x00,0x00,0xFF,0x00,0x00,0x00,0xFF,0x00,0x00,0x00,0xE0,0x03,0x03,0x03,0x11,
    0x00,0x00,0x00,0x00,0x00,0x00,0x00,0x00,0x00,0x00,0x00,0x00,0x00,0x00,0x00,
    0x00,0x00,0x00,0x00,0x00,0x00,0x00,0x00,0x00,0x00,0x00,0x00,0x00,0x00,0x00,
    0x00,0x00,0x00,0x00,0x00,0x00,0x00,0x00,0x00,0x00,0x00,0x00,0x00,0x00,0x00,
    0x00,0x00,0x00,0x00,0x00,0x00,0x00,0x00,0x00,0x00,0x00,0x00,0x00,0x00,0x00,
    0x00,0x00,0x00,0x00,0x00,0x00,0x00,0x00,0x00,0x00,0x00,0x00,0x00,0x00,0x00,
    0x00,0x00,0x00,0x00,0x00,0x00,0x00,0x00,0x00,0x00,0x00,0x00,0x00,0x00,0x00,
    0x00,0x00,0x00,0x00,0x00,0x00,0x00,0x00,0x00,0x00,0x00,0x00,0x00,0x00,0x00,
    0x00,0x00,0x00,0x00,0x00,0x00,0x00,0x00,0x00,0x00,0x00,0x00,0x00,0x00,0x00,
    0x00,0x00,0x00,0x00,0x00,0x00,0x00,0x00,0x00,0x00,0x00,0x00,0x00,0x00,0x00,
    0x00,0x00,0x00,0x00,0x00,0x00,0x00,0x00,0x00,0x00,0x00,0x00,0x00,0x00,0x00,
    0x00,0x00,0x00,0x00,0x00,0x00,0x00,0x00,0x00,0x00,0x00,0x00,0x00,0x00,0x06,
    0x06,0x06,0x01,0x02,0x02,0x02,0x9A,0x00,0x00,0x00,0xFF,0x00,0x00,0x00,0xFF,
    0x06,0x11,0x0C,0xFF,0x3F,0x76,0x5F,0xFF,0x5A,0x89,0x74,0xFF,0x45,0x4A,0x47,
    0xFD,0x10,0x0F,0x10,0x7C,0x09,0x09,0x09,0x02,0x00,0x00,0x00,0x00,0x00,0x00,
    0x00,0x00,0x00,0x00,0x00,0x00,0x00,0x00,0x00,0x00,0x00,0x00,0x00,0x00,0x00,
    0x00,0x00,0x00,0x00,0x00,0x00,0x00,0x00,0x00,0x00,0x00,0x00,0x00,0x00,0x00,
    0x00,0x00,0x00,0x00,0x00,0x00,0x00,0x00,0x00,0x00,0x00,0x00,0x00,0x00,0x00,
    0x00,0x00,0x00,0x00,0x00,0x00,0x00,0x00,0x00,0x00,0x00,0x00,0x00,0x00,0x00,
    0x00,0x00,0x00,0x00,0x00,0x00,0x00,0x00,0x00,0x00,0x00,0x00,0x00,0x00,0x00,
    0x00,0x00,0x00,0x00,0x00,0x00,0x00,0x00,0x00,0x00,0x00,0x00,0x00,0x00,0x00,
    0x00,0x00,0x00,0x00,0x00,0x00,0x00,0x00,0x00,0x00,0x00,0x00,0x00,0x00,0x00,
    0x00,0x00,0x00,0x00,0x00,0x00,0x00,0x00,0x00,0x00,0x00,0x00,0x00,0x00,0x00,
    0x00,0x00,0x00,0x00,0x00,0x00,0x00,0x00,0x00,0x00,0x00,0x00,0x00,0x00,0x00,
    0x00,0x00,0x00,0x09,0x09,0x09,0x02,0x0E,0x0E,0x0E,0x72,0x42,0x47,0x45,0xFC,
    0x5A,0x85,0x72,0xFF,0x3B,0x6F,0x5A,0xFF,0x03,0x0B,0x07,0xFF,0x00,0x00,0x00,
    0xFF,0x00,0x00,0x00,0xFF,0x02,0x02,0x02,0x80,0x06,0x06,0x06,0x01,0x00,0x00,
    0x00,0x00,0x00,0x00,0x00,0x00,0x00,0x00,0x00,0x00,0x00,0x00,0x00,0x00,0x00,
    0x00,0x00,0x00,0x00,0x00,0x00,0x00,0x00,0x00,0x00,0x00,0x00,0x00,0x00,0x00,
    0x00,0x00,0x00,0x00,0x00,0x00,0x00,0x00,0x00,0x00,0x00,0x00,0x00,0x00,0x00,
    0x00,0x00,0x00,0x00,0x00,0x00,0x00,0x00,0x00,0x00,0x00,0x00,0x00,0x00,0x00,
    0x00,0x00,0x00,0x00,0x00,0x00,0x00,0x00,0x00,0x00,0x00,0x00,0x00,0x00,0x00,
    0x00,0x00,0x00,0x00,0x00,0x00,0x00,0x00,0x00,0x00,0x00,0x00,0x00,0x00,0x00,
    0x00,0x00,0x00,0x00,0x00,0x00,0x00,0x00,0x00,0x00,0x00,0x00,0x00,0x00,0x00,
    0x00,0x00,0x00,0x00,0x00,0x00,0x00,0x00,0x00,0x00,0x00,0x00,0x00,0x00,0x00,
    0x00,0x00,0x00,0x00,0x00,0x00,0x00,0x00,0x00,0x00,0x00,0x00,0x00,0x00,0x00,
    0x00,0x00,0x00,0x00,0x00,0x00,0x00,0x00,0x00,0x00,0x00,0x00,0x00,0x00,0x00,
    0x00,0x00,0x00,0x00,0x00,0x00,0x00,0x00,0x03,0x03,0x03,0x30,0x00,0x00,0x00,
    0xF7,0x00,0x00,0x00,0xFF,0x00,0x00,0x00,0xFF,0x1C,0x3A,0x2E,0xFF,0x50,0x96,
    0x79,0xFF,0x5A,0xA6,0x87,0xFF,0x5A,0x7F,0x6E,0xFF,0x39,0x39,0x39,0xF9,0x0D,
    0x0D,0x0D,0x49,0x00,0x00,0x00,0x00,0x00,0x00,0x00,0x00,0x00,0x00,0x00,0x00,
    0x00,0x00,0x00,0x00,0x00,0x00,0x00,0x00,0x00,0x00,0x00,0x00,0x00,0x00,0x00,
    0x00,0x00,0x00,0x00,0x00,0x00,0x00,0x00,0x00,0x00,0x00,0x00,0x00,0x00,0x00,
    0x00,0x00,0x00,0x00,0x00,0x00,0x00,0x00,0x00,0x00,0x00,0x00,0x00,0x00,0x00,
    0x00,0x00,0x00,0x00,0x00,0x00,0x00,0x00,0x00,0x00,0x00,0x00,0x00,0x00,0x00,
    0x00,0x00,0x00,0x00,0x00,0x00,0x00,0x00,0x00,0x00,0x00,0x00,0x00,0x00,0x00,
    0x00,0x00,0x00,0x00,0x00,0x00,0x00,0x00,0x00,0x00,0x00,0x00,0x00,0x00,0x00,
    0x00,0x00,0x00,0x00,0x00,0x00,0x00,0x00,0x00,0x00,0x00,0x00,0x00,0x00,0x00,
    0x00,0x00,0x00,0x00,0x00,0x00,0x00,0x00,0x00,0x00,0x00,0x00,0x00,0x00,0x00,
    0x00,0x00,0x00,0x00,0x00,0x00,0x00,0x00,0x00,0x00,0x00,0x00,0x0B,0x0B,0x0B,
    0x41,0x37,0x36,0x36,0xF5,0x59,0x7D,0x6D,0xFF,0x5A,0xA5,0x86,0xFF,0x4E,0x92,
    0x76,0xFF,0x18,0x34,0x29,0xFF,0x00,0x00,0x00,0xFF,0x00,0x00,0x00,0xFF,0x00,
    0x00,0x00,0xF3,0x03,0x03,0x03,0x21,0x00,0x00,0x00,0x00,0x00,0x00,0x00,0x00,
    0x00,0x00,0x00,0x00,0x00,0x00,0x00,0x00,0x00,0x00,0x00,0x00,0x00,0x00,0x00,
    0x00,0x00,0x00,0x00,0x00,0x00,0x00,0x00,0x00,0x00,0x00,0x00,0x00,0x00,0x00,
    0x00,0x00,0x00,0x00,0x00,0x00,0x00,0x00,0x00,0x00,0x00,0x00,0x00,0x00,0x00,
    0x00,0x00,0x00,0x00,0x00,0x00,0x00,0x00,0x00,0x00,0x00,0x00,0x00,0x00,0x00,
    0x00,0x00,0x00,0x00,0x00,0x00,0x00,0x00,0x00,0x00,0x00,0x00,0x00,0x00,0x00,
    0x00,0x00,0x00,0x00,0x00,0x00,0x00,0x00,0x00,0x00,0x00,0x00,0x00,0x00,0x00,
    0x00,0x00,0x00,0x00,0x00,0x00,0x00,0x00,0x00,0x00,0x00,0x00,0x00,0x00,0x00,
    0x00,0x00,0x00,0x00,0x00,0x00,0x00,0x00,0x00,0x00,0x00,0x00,0x00,0x00,0x00,
    0x00,0x00,0x00,0x00,0x00,0x00,0x00,0x00,0x00,0x00,0x00,0x00,0x00,0x00,0x00,
    0x00,0x00,0x00,0x00,0x00,0x00,0x00,0x00,0x00,0x00,0x00,0x00,0x00,0x06,0x06,
    0x06,0x05,0x01,0x01,0x01,0xAE,0x00,0x00,0x00,0xFE,0x00,0x00,0x00,0xFF,0x01,
    0x05,0x03,0xFF,0x35,0x65,0x51,0xFF,0x59,0xA6,0x87,0xFF,0x5A,0xA8,0x88,0xFF,
    0x5B,0xA0,0x83,0xFF,0x56,0x70,0x64,0xFF,0x29,0x2A,0x29,0xE5,0x08,0x08,0x08,
    0x25,0x00,0x00,0x00,0x00,0x00,0x00,0x00,0x00,0x00,0x00,0x00,0x00,0x00,0x00,
    0x00,0x00,0x00,0x00,0x00,0x00,0x00,0x00,0x00,0x00,0x00,0x00,0x00,0x00,0x00,
    0x00,0x00,0x00,0x00,0x00,0x00,0x00,0x00,0x00,0x00,0x00,0x00,0x00,0x00,0x00,
    0x00,0x00,0x00,0x00,0x00,0x00,0x00,0x00,0x00,0x00,0x00,0x00,0x00,0x00,0x00,
    0x00,0x00,0x00,0x00,0x00,0x00,0x00,0x00,0x00,0x00,0x00,0x00,0x00,0x00,0x00,
    0x00,0x00,0x00,0x00,0x00,0x00,0x00,0x00,0x00,0x00,0x00,0x00,0x00,0x00,0x00,
    0x00,0x00,0x00,0x00,0x00,0x00,0x00,0x00,0x00,0x00,0x00,0x00,0x00,0x00,0x00,
    0x00,0x00,0x00,0x00,0x00,0x00,0x00,0x00,0x00,0x00,0x00,0x00,0x00,0x00,0x00,
    0x00,0x00,0x00,0x00,0x00,0x00,0x00,0x00,0x00,0x00,0x00,0x00,0x00,0x00,0x00,
    0x00,0x00,0x06,0x06,0x06,0x1F,0x27,0x27,0x27,0xE0,0x55,0x6D,0x62,0xFF,0x5B,
    0x9F,0x83,0xFF,0x5A,0xA8,0x88,0xFF,0x59,0xA5,0x86,0xFF,0x30,0x5C,0x4A,0xFF,
    0x01,0x03,0x02,0xFF,0x00,0x00,0x00,0xFF,0x00,0x00,0x00,0xFE,0x01,0x01,0x01,
    0x9F,0x08,0x08,0x08,0x03,0x00,0x00,0x00,0x00,0x00,0x00,0x00,0x00,0x00,0x00,
    0x00,0x00,0x00,0x00,0x00,0x00,0x00,0x00,0x00,0x00,0x00,0x00,0x00,0x00,0x00,
    0x00,0x00,0x00,0x00,0x00,0x00,0x00,0x00,0x00,0x00,0x00,0x00,0x00,0x00,0x00,
    0x00,0x00,0x00,0x00,0x00,0x00,0x00,0x00,0x00,0x00,0x00,0x00,0x00,0x00,0x00,
    0x00,0x00,0x00,0x00,0x00,0x00,0x00,0x00,0x00,0x00,0x00,0x00,0x00,0x00,0x00,
    0x00,0x00,0x00,0x00,0x00,0x00,0x00,0x00,0x00,0x00,0x00,0x00,0x00,0x00,0x00,
    0x00,0x00,0x00,0x00,0x00,0x00,0x00,0x00,0x00,0x00,0x00,0x00,0x00,0x00,0x00,
    0x00,0x00,0x00,0x00,0x00,0x00,0x00,0x00,0x00,0x00,0x00,0x00,0x00,0x00,0x00,
    0x00,0x00,0x00,0x00,0x00,0x00,0x00,0x00,0x00,0x00,0x00,0x00,0x00,0x00,0x00,
    0x00,0x00,0x00,0x00,0x00,0x00,0x00,0x00,0x00,0x00,0x00,0x00,0x00,0x00,0x00,
    0x00,0x00,0x00,0x00,0x00,0x00,0x00,0x02,0x02,0x02,0x40,0x00,0x00,0x00,0xF3,
    0x00,0x00,0x00,0xFF,0x00,0x00,0x00,0xFF,0x0C,0x1D,0x16,0xFF,0x4D,0x8F,0x74,
    0xFF,0x5A,0xA8,0x88,0xFF,0x5A,0xA8,0x88,0xFF,0x5A,0xA8,0x88,0xFF,0x5C,0x97,
    0x7E,0xFF,0x50,0x5D,0x57,0xFF,0x1B,0x1C,0x1C,0xC0,0x03,0x03,0x03,0x0C,0x00,
    0x00,0x00,0x00,0x00,0x00,0x00,0x00,0x00,0x00,0x00,0x00,0x00,0x00,0x00,0x00,
    0x00,0x00,0x00,0x00,0x00,0x00,0x00,0x00,0x00,0x00,0x00,0x00,0x00,0x00,0x00,
    0x00,0x00,0x00,0x00,0x00,0x00,0x00,0x00,0x00,0x00,0x00,0x00,0x00,0x00,0x00,
    0x00,0x00,0x00,0x00,0x00,0x00,0x00,0x00,0x00,0x00,0x00,0x00,0x00,0x00,0x00,
    0x00,0x00,0x00,0x00,0x00,0x00,0x00,0x00,0x00,0x00,0x00,0x00,0x00,0x00,0x00,
    0x00,0x00,0x00,0x00,0x00,0x00,0x00,0x00,0x00,0x00,0x00,0x00,0x00,0x00,0x00,
    0x00,0x00,0x00,0x00,0x00,0x00,0x00,0x00,0x00,0x00,0x00,0x00,0x00,0x00,0x00,
    0x00,0x00,0x00,0x00,0x00,0x00,0x00,0x00,0x00,0x00,0x00,0x00,0x00,0x00,0x00,
    0x00,0x00,0x00,0x00,0x00,0x00,0x00,0x06,0x06,0x06,0x0A,0x1A,0x1A,0x1A,0xB9,
    0x4E,0x5A,0x55,0xFE,0x5C,0x96,0x7D,0xFF,0x5A,0xA8,0x88,0xFF,0x5A,0xA8,0x88,
    0xFF,0x5A,0xA9,0x88,0xFF,0x49,0x89,0x6F,0xFF,0x08,0x17,0x10,0xFF,0x00,0x00,
    0x00,0xFF,0x00,0x00,0x00,0xFF,0x00,0x00,0x00,0xED,0x03,0x03,0x03,0x32,0x00,
    0x00,0x00,0x00,0x00,0x00,0x00,0x00,0x00,0x00,0x00,0x00,0x00,0x00,0x00,0x00,
    0x00,0x00,0x00,0x00,0x00,0x00,0x00,0x00,0x00,0x00,0x00,0x00,0x00,0x00,0x00,
    0x00,0x00,0x00,0x00,0x00,0x00,0x00,0x00,0x00,0x00,0x00,0x00,0x00,0x00,0x00,
    0x00,0x00,0x00,0x00,0x00,0x00,0x00,0x00,0x00,0x00,0x00,0x00,0x00,0x00,0x00,
    0x00,0x00,0x00,0x00,0x00,0x00,0x00,0x00,0x00,0x00,0x00,0x00,0x00,0x00,0x00,
    0x00,0x00,0x00,0x00,0x00,0x00,0x00,0x00,0x00,0x00,0x00,0x00,0x00,0x00,0x00,
    0x00,0x00,0x00,0x00,0x00,0x00,0x00,0x00,0x00,0x00,0x00,0x00,0x00,0x00,0x00,
    0x00,0x00,0x00,0x00,0x00,0x00,0x00,0x00,0x00,0x00,0x00,0x00,0x00,0x00,0x00,
    0x00,0x00,0x00,0x00,0x00,0x00,0x00,0x00,0x00,0x00,0x00,0x00,0x00,0x00,0x00,
    0x00,0x00,0x00,0x00,0x00,0x00,0x00,0x00,0x00,0x00,0x00,0x00,0x00,0x00,0x00,
    0x08,0x00,0x00,0x00,0xBD,0x00,0x00,0x00,0xFF,0x00,0x00,0x00,0xFF,0x00,0x00,
    0x00,0xFF,0x29,0x50,0x40,0xFF,0x58,0xA4,0x85,0xFF,0x5A,0xA8,0x88,0xFF,0x5A,
    0xA8,0x88,0xFF,0x5A,0xA8,0x88,0xFF,0x5A,0xA7,0x88,0xFF,0x5E,0x8B,0x77,0xFF,
    0x48,0x4B,0x49,0xFC,0x12,0x12,0x12,0x82,0x09,0x09,0x09,0x03,0x00,0x00,0x00,
    0x00,0x00,0x00,0x00,0x00,0x00,0x00,0x00,0x00,0x00,0x00,0x00,0x00,0x00,0x00,
    0x00,0x00,0x00,0x00,0x00,0x00,0x00,0x00,0x00,0x00,0x00,0x00,0x00,0x00,0x00,
    0x00,0x00,0x00,0x00,0x00,0x00,0x00,0x00,0x00,0x00,0x00,0x00,0x00,0x00,0x00,
    0x00,0x00,0x00,0x00,0x00,0x00,0x00,0x00,0x00,0x00,0x00,0x00,0x00,0x00,0x00,
    0x00,0x00,0x00,0x00,0x00,0x00,0x00,0x00,0x00,0x00,0x00,0x00,0x00,0x00,0x00,
    0x00,0x00,0x00,0x00,0x00,0x00,0x00,0x00,0x00,0x00,0x00,0x00,0x00,0x00,0x00,
    0x00,0x00,0x00,0x00,0x00,0x00,0x00,0x00,0x00,0x00,0x00,0x00,0x00,0x00,0x00,
    0x00,0x00,0x00,0x00,0x00,0x00,0x00,0x00,0x00,0x00,0x00,0x00,0x07,0x07,0x07,
    0x02,0x11,0x10,0x11,0x7B,0x46,0x48,0x47,0xFB,0x5D,0x89,0x76,0xFF,0x5A,0xA7,
    0x87,0xFF,0x5A,0xA8,0x88,0xFF,0x5A,0xA8,0x88,0xFF,0x5A,0xA8,0x88,0xFF,0x57,
    0xA2,0x83,0xFF,0x23,0x46,0x38,0xFF,0x00,0x00,0x00,0xFF,0x00,0x00,0x00,0xFF,
    0x00,0x00,0x00,0xFF,0x00,0x00,0x00,0xA9,0x00,0x00,0x00,0x05,0x00,0x00,0x00,
    0x00,0x00,0x00,0x00,0x00,0x00,0x00,0x00,0x00,0x00,0x00,0x00,0x00,0x00,0x00,
    0x00,0x00,0x00,0x00,0x00,0x00,0x00,0x00,0x00,0x00,0x00,0x00,0x00,0x00,0x00,
    0x00,0x00,0x00,0x00,0x00,0x00,0x00,0x00,0x00,0x00,0x00,0x00,0x00,0x00,0x00,
    0x00,0x00,0x00,0x00,0x00,0x00,0x00,0x00,0x00,0x00,0x00,0x00,0x00,0x00,0x00,
    0x00,0x00,0x00,0x00,0x00,0x00,0x00,0x00,0x00,0x00,0x00,0x00,0x00,0x00,0x00,
    0x00,0x00,0x00,0x00,0x00,0x00,0x00,0x00,0x00,0x00,0x00,0x00,0x00,0x00,0x00,
    0x00,0x00,0x00,0x00,0x00,0x00,0x00,0x00,0x00,0x00,0x00,0x00,0x00,0x00,0x00,
    0x00,0x00,0x00,0x00,0x00,0x00,0x00,0x00,0x00,0x00,0x00,0x00,0x00,0x00,0x00,
    0x00,0x00,0x00,0x00,0x00,0x00,0x00,0x00,0x00,0x00,0x00,0x00,0x00,0x00,0x00,
    0x00,0x00,0x00,0x00,0x00,0x00,0xD3,0xD3,0xD3,0x57,0x66,0x66,0x66,0xFF,0x05,
    0x05,0x05,0xFF,0x00,0x00,0x00,0xFF,0x00,0x00,0x00,0xFF,0x44,0x80,0x67,0xFF,
    0x5A,0xA7,0x88,0xFF,0x5A,0xA8,0x88,0xFF,0x5A,0xA8,0x88,0xFF,0x5A,0xA8,0x88,
    0xFF,0x59,0xA8,0x88,0xFF,0x76,0xA9,0x92,0xFF,0x8C,0x8E,0x8D,0xFF,0x3B,0x3B,
    0x3B,0xF7,0x0D,0x0D,0x0D,0x50,0x00,0x00,0x00,0x00,0x00,0x00,0x00,0x00,0x00,
    0x00,0x00,0x00,0x00,0x00,0x00,0x00,0x00,0x00,0x00,0x00,0x00,0x00,0x00,0x00,
    0x00,0x00,0x00,0x00,0x00,0x00,0x00,0x00,0x00,0x00,0x00,0x00,0x00,0x00,0x00,
    0x00,0x00,0x00,0x00,0x00,0x00,0x00,0x00,0x00,0x00,0x00,0x00,0x00,0x00,0x00,
    0x00,0x00,0x00,0x00,0x00,0x00,0x00,0x00,0x00,0x00,0x00,0x00,0x00,0x00,0x00,
    0x00,0x00,0x00,0x00,0x00,0x00,0x00,0x00,0x00,0x00,0x00,0x00,0x00,0x00,0x00,
    0x00,0x00,0x00,0x00,0x00,0x00,0x00,0x00,0x00,0x00,0x00,0x00,0x00,0x00,0x00,
    0x00,0x00,0x00,0x00,0x00,0x00,0x00,0x00,0x00,0x00,0x00,0x00,0x00,0x00,0x00,
    0x00,0x00,0x00,0x00,0x00,0x00,0x0B,0x0B,0x0B,0x46,0x39,0x39,0x39,0xF5,0x87,
    0x8A,0x89,0xFF,0x70,0xA8,0x8F,0xFF,0x59,0xA8,0x88,0xFF,0x5A,0xA8,0x88,0xFF,
    0x5A,0xA8,0x88,0xFF,0x5A,0xA8,0x88,0xFF,0x5A,0xA7,0x87,0xFF,0x40,0x79,0x61,
    0xFF,0x00,0x00,0x00,0xFF,0x00,0x00,0x00,0xFF,0x03,0x03,0x03,0xFF,0x5C,0x5C,
    0x5C,0xFC,0xC9,0xC9,0xC9,0x42,0x00,0x00,0x00,0x00,0x00,0x00,0x00,0x00,0x00,
    0x00,0x00,0x00,0x00,0x00,0x00,0x00,0x00,0x00,0x00,0x00,0x00,0x00,0x00,0x00,
    0x00,0x00,0x00,0x00,0x00,0x00,0x00,0x00,0x00,0x00,0x00,0x00,0x00,0x00,0x00,
    0x00,0x00,0x00,0x00,0x00,0x00,0x00,0x00,0x00,0x00,0x00,0x00,0x00,0x00,0x00,
    0x00,0x00,0x00,0x00,0x00,0x00,0x00,0x00,0x00,0x00,0x00,0x00,0x00,0x00,0x00,
    0x00,0x00,0x00,0x00,0x00,0x00,0x00,0x00,0x00,0x00,0x00,0x00,0x00,0x00,0x00,
    0x00,0x00,0x00,0x00,0x00,0x00,0x00,0x00,0x00,0x00,0x00,0x00,0x00,0x00,0x00,
    0x00,0x00,0x00,0x00,0x00,0x00,0x00,0x00,0x00,0x00,0x00,0x00,0x00,0x00,0x00,
    0x00,0x00,0x00,0x00,0x00,0x00,0x00,0x00,0x00,0x00,0x00,0x00,0x00,0x00,0x00,
    0x00,0x00,0x00,0x00,0x00,0x00,0x00,0x00,0x00,0x00,0x00,0xFB,0xFB,0xFB,0x10,
    0xFD,0xFD,0xFD,0xE7,0xDD,0xDD,0xDD,0xFF,0x72,0x72,0x72,0xFF,0x09,0x08,0x08,
    0xFF,0x18,0x31,0x27,0xFF,0x52,0x99,0x7C,0xFF,0x5A,0xA8,0x88,0xFF,0x5A,0xA8,
    0x88,0xFF,0x5A,0xA8,0x88,0xFF,0x5A,0xA8,0x88,0xFF,0x58,0xA8,0x87,0xFF,0x88,
    0xB1,0x9E,0xFF,0xBD,0xBE,0xBE,0xFF,0x77,0x77,0x77,0xFF,0x2B,0x2B,0x2B,0xEE,
    0x08,0x08,0x08,0x25,0x00,0x00,0x00,0x00,0x00,0x00,0x00,0x00,0x00,0x00,0x00,
    0x00,0x00,0x00,0x00,0x00,0x00,0x00,0x00,0x00,0x00,0x00,0x00,0x00,0x00,0x00,
    0x00,0x00,0x00,0x00,0x00,0x00,0x00,0x00,0x00,0x00,0x00,0x00,0x00,0x00,0x00,
    0x00,0x00,0x00,0x00,0x00,0x00,0x00,0x00,0x00,0x00,0x00,0x00,0x00,0x00,0x00,
    0x00,0x00,0x00,0x00,0x00,0x00,0x00,0x00,0x00,0x00,0x00,0x00,0x00,0x00,0x00,
    0x00,0x00,0x00,0x00,0x00,0x00,0x00,0x00,0x00,0x00,0x00,0x00,0x00,0x00,0x00,
    0x00,0x00,0x00,0x00,0x00,0x00,0x00,0x00,0x00,0x00,0x00,0x00,0x00,0x00,0x00,
    0x00,0x00,0x00,0x00,0x00,0x00,0x00,0x00,0x00,0x00,0x00,0x07,0x07,0x07,0x1F,
    0x29,0x29,0x29,0xEA,0x73,0x73,0x73,0xFF,0xBC,0xBD,0xBC,0xFF,0x83,0xB0,0x9B,
    0xFF,0x59,0xA8,0x87,0xFF,0x5A,0xA8,0x88,0xFF,0x5A,0xA8,0x88,0xFF,0x5A,0xA8,
    0x88,0xFF,0x5A,0xA8,0x88,0xFF,0x50,0x96,0x79,0xFF,0x12,0x27,0x1E,0xFF,0x05,
    0x05,0x05,0xFF,0x69,0x69,0x69,0xFF,0xD8,0xD8,0xD8,0xFF,0xFD,0xFD,0xFD,0xD8,
    0xFA,0xFA,0xFA,0x09,0x00,0x00,0x00,0x00,0x00,0x00,0x00,0x00,0x00,0x00,0x00,
    0x00,0x00,0x00,0x00,0x00,0x00,0x00,0x00,0x00,0x00,0x00,0x00,0x00,0x00,0x00,
    0x00,0x00,0x00,0x00,0x00,0x00,0x00,0x00,0x00,0x00,0x00,0x00,0x00,0x00,0x00,
    0x00,0x00,0x00,0x00,0x00,0x00,0x00,0x00,0x00,0x00,0x00,0x00,0x00,0x00,0x00,
    0x00,0x00,0x00,0x00,0x00,0x00,0x00,0x00,0x00,0x00,0x00,0x00,0x00,0x00,0x00,
    0x00,0x00,0x00,0x00,0x00,0x00,0x00,0x00,0x00,0x00,0x00,0x00,0x00,0x00,0x00,
    0x00,0x00,0x00,0x00,0x00,0x00,0x00,0x00,0x00,0x00,0x00,0x00,0x00,0x00,0x00,
    0x00,0x00,0x00,0x00,0x00,0x00,0x00,0x00,0x00,0x00,0x00,0x00,0x00,0x00,0x00,
    0x00,0x00,0x00,0x00,0x00,0x00,0x00,0x00,0x00,0x00,0x00,0x00,0x00,0x00,0x00,
    0x00,0xF9,0xF9,0xF9,0x01,0xFE,0xFE,0xFE,0x85,0xFF,0xFF,0xFF,0xFE,0xFF,0xFF,
    0xFF,0xFF,0xE3,0xE3,0xE3,0xFF,0x82,0x82,0x82,0xFF,0x2D,0x5C,0x49,0xFF,0x57,
    0xA2,0x83,0xFF,0x5A,0xA8,0x88,0xFF,0x5A,0xA8,0x88,0xFF,0x5A,0xA8,0x88,0xFF,
    0x5A,0xA8,0x88,0xFF,0x58,0xA8,0x87,0xFF,0x94,0xB5,0xA5,0xFF,0xC9,0xCA,0xCA,
    0xFF,0xAF,0xAF,0xAF,0xFF,0x5F,0x5F,0x5F,0xFF,0x1C,0x1C,0x1C,0xC2,0x02,0x02,
    0x02,0x0F,0x00,0x00,0x00,0x00,0x00,0x00,0x00,0x00,0x00,0x00,0x00,0x00,0x00,
    0x00,0x00,0x00,0x00,0x00,0x00,0x00,0x00,0x00,0x00,0x00,0x00,0x00,0x00,0x00,
    0x00,0x00,0x00,0x00,0x00,0x00,0x00,0x00,0x00,0x00,0x00,0x00,0x00,0x00,0x00,
    0x00,0x00,0x00,0x00,0x00,0x00,0x00,0x00,0x00,0x00,0x00,0x00,0x00,0x00,0x00,
    0x00,0x00,0x00,0x00,0x00,0x00,0x00,0x00,0x00,0x00,0x00,0x00,0x00,0x00,0x00,
    0x00,0x00,0x00,0x00,0x00,0x00,0x00,0x00,0x00,0x00,0x00,0x00,0x00,0x00,0x00,
    0x00,0x00,0x00,0x00,0x00,0x00,0x00,0x00,0x00,0x00,0x00,0x00,0x00,0x00,0x00,
    0x00,0x02,0x02,0x02,0x0C,0x19,0x19,0x19,0xBB,0x5C,0x5C,0x5C,0xFF,0xAD,0xAD,
    0xAD,0xFF,0xC9,0xC9,0xC9,0xFF,0x8F,0xB3,0xA2,0xFF,0x58,0xA8,0x87,0xFF,0x5A,
    0xA8,0x88,0xFF,0x5A,0xA8,0x88,0xFF,0x5A,0xA8,0x88,0xFF,0x5A,0xA8,0x88,0xFF,
    0x56,0xA0,0x82,0xFF,0x28,0x55,0x42,0xFF,0x78,0x78,0x78,0xFF,0xDE,0xDE,0xDE,
    0xFF,0xFF,0xFF,0xFF,0xFF,0xFF,0xFF,0xFF,0xFD,0xFD,0xFD,0xFD,0x70,0x00,0x00,
    0x00,0x00,0x00,0x00,0x00,0x00,0x00,0x00,0x00,0x00,0x00,0x00,0x00,0x00,0x00,
    0x00,0x00,0x00,0x00,0x00,0x00,0x00,0x00,0x00,0x00,0x00,0x00,0x00,0x00,0x00,
    0x00,0x00,0x00,0x00,0x00,0x00,0x00,0x00,0x00,0x00,0x00,0x00,0x00,0x00,0x00,
    0x00,0x00,0x00,0x00,0x00,0x00,0x00,0x00,0x00,0x00,0x00,0x00,0x00,0x00,0x00,
    0x00,0x00,0x00,0x00,0x00,0x00,0x00,0x00,0x00,0x00,0x00,0x00,0x00,0x00,0x00,
    0x00,0x00,0x00,0x00,0x00,0x00,0x00,0x00,0x00,0x00,0x00,0x00,0x00,0x00,0x00,
    0x00,0x00,0x00,0x00,0x00,0x00,0x00,0x00,0x00,0x00,0x00,0x00,0x00,0x00,0x00,
    0x00,0x00,0x00,0x00,0x00,0x00,0x00,0x00,0x00,0x00,0x00,0x00,0x00,0x00,0x00,
    0x00,0x00,0x00,0x00,0x00,0x00,0x00,0x00,0x00,0x00,0xFD,0xFD,0xFD,0x26,0xFF,
    0xFF,0xFF,0xE6,0xFF,0xFF,0xFF,0xFF,0xFF,0xFF,0xFF,0xFF,0xFF,0xFF,0xFF,0xFF,
    0xEA,0xEA,0xEA,0xFF,0x94,0xAF,0xA2,0xFF,0x5C,0xA7,0x88,0xFF,0x5A,0xA8,0x88,
    0xFF,0x5A,0xA8,0x88,0xFF,0x5A,0xA8,0x88,0xFF,0x5A,0xA8,0x88,0xFF,0x58,0xA8,
    0x87,0xFF,0x9C,0xB8,0xAB,0xFF,0xCA,0xCB,0xCB,0xFF,0xC9,0xC9,0xC9,0xFF,0x98,
    0x98,0x98,0xFF,0x4B,0x4B,0x4B,0xFC,0x0D,0x0D,0x0D,0x88,0x07,0x07,0x07,0x03,
    0x00,0x00,0x00,0x00,0x00,0x00,0x00,0x00,0x00,0x00,0x00,0x00,0x00,0x00,0x00,
    0x00,0x00,0x00,0x00,0x00,0x00,0x00,0x00,0x00,0x00,0x00,0x00,0x00,0x00,0x00,
    0x00,0x00,0x00,0x00,0x00,0x00,0x00,0x00,0x00,0x00,0x00,0x00,0x00,0x00,0x00,
    0x00,0x00,0x00,0x00,0x00,0x00,0x00,0x00,0x00,0x00,0x00,0x00,0x00,0x00,0x00,
    0x00,0x00,0x00,0x00,0x00,0x00,0x00,0x00,0x00,0x00,0x00,0x00,0x00,0x00,0x00,
    0x00,0x00,0x00,0x00,0x00,0x00,0x00,0x00,0x00,0x00,0x00,0x00,0x00,0x00,0x00,
    0x00,0x00,0x00,0x00,0x00,0x00,0x09,0x09,0x09,0x02,0x0A,0x0A,0x0A,0x7F,0x49,
    0x49,0x49,0xFB,0x95,0x95,0x95,0xFF,0xC8,0xC8,0xC8,0xFF,0xCA,0xCB,0xCA,0xFF,
    0x98,0xB6,0xA8,0xFF,0x58,0xA8,0x87,0xFF,0x5A,0xA8,0x88,0xFF,0x5A,0xA8,0x88,
    0xFF,0x5A,0xA8,0x88,0xFF,0x5A,0xA8,0x88,0xFF,0x5B,0xA7,0x87,0xFF,0x8C,0xA6,
    0x9A,0xFF,0xE7,0xE7,0xE7,0xFF,0xFE,0xFE,0xFE,0xFF,0xFF,0xFF,0xFF,0xFF,0xFF,
    0xFF,0xFF,0xFF,0xFF,0xFF,0xFF,0xDC,0xFC,0xFC,0xFC,0x1C,0x00,0x00,0x00,0x00,
    0x00,0x00,0x00,0x00,0x00,0x00,0x00,0x00,0x00,0x00,0x00,0x00,0x00,0x00,0x00,
    0x00,0x00,0x00,0x00,0x00,0x00,0x00,0x00,0x00,0x00,0x00,0x00,0x00,0x00,0x00,
    0x00,0x00,0x00,0x00,0x00,0x00,0x00,0x00,0x00,0x00,0x00,0x00,0x00,0x00,0x00,
    0x00,0x00,0x00,0x00,0x00,0x00,0x00,0x00,0x00,0x00,0x00,0x00,0x00,0x00,0x00,
    0x00,0x00,0x00,0x00,0x00,0x00,0x00,0x00,0x00,0x00,0x00,0x00,0x00,0x00,0x00,
    0x00,0x00,0x00,0x00,0x00,0x00,0x00,0x00,0x00,0x00,0x00,0x00,0x00,0x00,0x00,
    0x00,0x00,0x00,0x00,0x00,0x00,0x00,0x00,0x00,0x00,0x00,0x00,0x00,0x00,0x00,
    0x00,0x00,0x00,0x00,0x00,0x00,0x00,0x00,0x00,0x00,0x00,0x00,0x00,0x00,0x00,
    0xFB,0xFB,0xFB,0x04,0xFE,0xFE,0xFE,0x98,0xFF,0xFF,0xFF,0xFF,0xFF,0xFF,0xFF,
    0xFF,0xFF,0xFF,0xFF,0xFF,0xFF,0xFF,0xFF,0xFF,0xFE,0xFE,0xFE,0xFF,0xEB,0xF0,
    0xEE,0xFF,0x9C,0xC2,0xB0,0xFF,0x5D,0xA9,0x8A,0xFF,0x5A,0xA8,0x88,0xFF,0x5A,
    0xA8,0x88,0xFF,0x5A,0xA8,0x88,0xFF,0x59,0xA8,0x87,0xFF,0xA3,0xBA,0xAF,0xFF,
    0xCA,0xCB,0xCB,0xFF,0xCB,0xCB,0xCB,0xFF,0xC5,0xC5,0xC5,0xFF,0x7E,0x7E,0x7E,
    0xFF,0x32,0x32,0x32,0xFD,0x0B,0x0B,0x0B,0x4E,0x00,0x00,0x00,0x00,0x00,0x00,
    0x00,0x00,0x00,0x00,0x00,0x00,0x00,0x00,0x00,0x00,0x00,0x00,0x00,0x00,0x00,
    0x00,0x00,0x00,0x00,0x00,0x00,0x00,0x00,0x00,0x00,0x00,0x00,0x00,0x00,0x00,
    0x00,0x00,0x00,0x00,0x00,0x00,0x00,0x00,0x00,0x00,0x00,0x00,0x00,0x00,0x00,
    0x00,0x00,0x00,0x00,0x00,0x00,0x00,0x00,0x00,0x00,0x00,0x00,0x00,0x00,0x00,
    0x00,0x00,0x00,0x00,0x00,0x00,0x00,0x00,0x00,0x00,0x00,0x00,0x00,0x00,0x00,
    0x00,0x00,0x00,0x00,0x00,0x00,0x00,0x00,0x00,0x00,0x00,0x00,0x00,0x00,0x00,
    0x0D,0x0D,0x0D,0x46,0x32,0x32,0x32,0xFC,0x7B,0x7B,0x7B,0xFF,0xC3,0xC3,0xC3,
    0xFF,0xCB,0xCB,0xCB,0xFF,0xCA,0xCB,0xCB,0xFF,0x9F,0xB8,0xAC,0xFF,0x58,0xA8,
    0x87,0xFF,0x5A,0xA8,0x88,0xFF,0x5A,0xA8,0x88,0xFF,0x5A,0xA8,0x88,0xFF,0x5C,
    0xA9,0x89,0xFF,0x96,0xBF,0xAC,0xFF,0xE8,0xED,0xEB,0xFF,0xFE,0xFE,0xFE,0xFF,
    0xFF,0xFF,0xFF,0xFF,0xFF,0xFF,0xFF,0xFF,0xFF,0xFF,0xFF,0xFF,0xFF,0xFF,0xFF,
    0xFE,0xFE,0xFE,0xFE,0x84,0xFB,0xFB,0xFB,0x02,0x00,0x00,0x00,0x00,0x00,0x00,
    0x00,0x00,0x00,0x00,0x00,0x00,0x00,0x00,0x00,0x00,0x00,0x00,0x00,0x00,0x00,
    0x00,0x00,0x00,0x00,0x00,0x00,0x00,0x00,0x00,0x00,0x00,0x00,0x00,0x00,0x00,
    0x00,0x00,0x00,0x00,0x00,0x00,0x00,0x00,0x00,0x00,0x00,0x00,0x00,0x00,0x00,
    0x00,0x00,0x00,0x00,0x00,0x00,0x00,0x00,0x00,0x00,0x00,0x00,0x00,0x00,0x00,
    0x00,0x00,0x00,0x00,0x00,0x00,0x00,0x00,0x00,0x00,0x00,0x00,0x00,0x00,0x00,
    0x00,0x00,0x00,0x00,0x00,0x00,0x00,0x00,0x00,0x00,0x00,0x00,0x00,0x00,0x00,
    0x00,0x00,0x00,0x00,0x00,0x00,0x00,0x00,0x00,0x00,0x00,0x00,0x00,0x00,0x00,
    0x00,0x00,0x00,0x00,0x00,0x00,0x00,0x00,0x00,0xFD,0xFD,0xFD,0x39,0xFF,0xFF,
    0xFF,0xFB,0xFF,0xFF,0xFF,0xFF,0xFF,0xFF,0xFF,0xFF,0xFF,0xFF,0xFF,0xFF,0xFF,
    0xFF,0xFF,0xFF,0xFE,0xFE,0xFE,0xFF,0xFD,0xFD,0xFD,0xFF,0xF0,0xF4,0xF2,0xFF,
    0xA6,0xC7,0xB7,0xFF,0x5B,0xA8,0x88,0xFF,0x5A,0xA8,0x88,0xFF,0x5A,0xA8,0x88,
    0xFF,0x59,0xA8,0x87,0xFF,0xA7,0xBB,0xB2,0xFF,0xCB,0xCB,0xCB,0xFF,0xCB,0xCB,
    0xCB,0xFF,0xCB,0xCB,0xCB,0xFF,0xB5,0xB5,0xB5,0xFF,0x4E,0x4E,0x4E,0xFF,0x00,
    0x00,0x00,0xEE,0x06,0x06,0x06,0x2B,0x00,0x00,0x00,0x00,0x00,0x00,0x00,0x00,
    0x00,0x00,0x00,0x00,0x00,0x00,0x00,0x00,0x00,0x00,0x00,0x00,0x00,0x00,0x00,
    0x00,0x00,0x00,0x00,0x00,0x00,0x00,0x00,0x00,0x00,0x00,0x00,0x00,0x00,0x00,
    0x00,0x00,0x00,0x00,0x00,0x00,0x00,0x00,0x00,0x00,0x00,0x00,0x00,0x00,0x00,
    0x00,0x00,0x00,0x00,0x00,0x00,0x00,0x00,0x00,0x00,0x00,0x00,0x00,0x00,0x00,
    0x00,0x00,0x00,0x00,0x00,0x00,0x00,0x00,0x00,0x00,0x00,0x00,0x00,0x00,0x00,
    0x00,0x00,0x00,0x00,0x00,0x05,0x05,0x05,0x25,0x00,0x00,0x00,0xE9,0x4C,0x4C,
    0x4C,0xFF,0xB3,0xB3,0xB3,0xFF,0xCB,0xCB,0xCB,0xFF,0xCB,0xCB,0xCB,0xFF,0xCB,
    0xCB,0xCB,0xFF,0xA4,0xBA,0xB0,0xFF,0x59,0xA8,0x87,0xFF,0x5A,0xA8,0x88,0xFF,
    0x5A,0xA8,0x88,0xFF,0x59,0xA8,0x87,0xFF,0x9F,0xC3,0xB2,0xFF,0xED,0xF2,0xF0,
    0xFF,0xFD,0xFD,0xFD,0xFF,0xFE,0xFE,0xFE,0xFF,0xFF,0xFF,0xFF,0xFF,0xFF,0xFF,
    0xFF,0xFF,0xFF,0xFF,0xFF,0xFF,0xFF,0xFF,0xFF,0xFF,0xFF,0xFF,0xFF,0xF4,0xFC,
    0xFC,0xFC,0x2A,0x00,0x00,0x00,0x00,0x00,0x00,0x00,0x00,0x00,0x00,0x00,0x00,
    0x00,0x00,0x00,0x00,0x00,0x00,0x00,0x00,0x00,0x00,0x00,0x00,0x00,0x00,0x00,
    0x00,0x00,0x00,0x00,0x00,0x00,0x00,0x00,0x00,0x00,0x00,0x00,0x00,0x00,0x00,
    0x00,0x00,0x00,0x00,0x00,0x00,0x00,0x00,0x00,0x00,0x00,0x00,0x00,0x00,0x00,
    0x00,0x00,0x00,0x00,0x00,0x00,0x00,0x00,0x00,0x00,0x00,0x00,0x00,0x00,0x00,
    0x00,0x00,0x00,0x00,0x00,0x00,0x00,0x00,0x00,0x00,0x00,0x00,0x00,0x00,0x00,
    0x00,0x00,0x00,0x00,0x00,0x00,0x00,0x00,0x00,0x00,0x00,0x00,0x00,0x00,0x00,
    0x00,0x00,0x00,0x00,0x00,0x00,0x00,0x00,0x00,0x00,0x00,0x00,0x00,0x00,0xFA,
    0xFA,0xFA,0x09,0xFE,0xFE,0xFE,0xD1,0xFF,0xFF,0xFF,0xFF,0xFF,0xFF,0xFF,0xFF,
    0xFF,0xFF,0xFF,0xFF,0xFF,0xFF,0xFF,0xFF,0xFF,0xFF,0xFF,0xFF,0xFC,0xFC,0xFC,
    0xFF,0xFE,0xFE,0xFE,0xFF,0xFF,0xFF,0xFF,0xFF,0xF2,0xF6,0xF4,0xFF,0xA8,0xC8,
    0xB9,0xFF,0x5E,0xA9,0x8A,0xFF,0x5A,0xA8,0x88,0xFF,0x59,0xA8,0x88,0xFF,0xAB,
    0xBD,0xB4,0xFF,0xCB,0xCB,0xCB,0xFF,0xCB,0xCB,0xCB,0xFF,0xCB,0xCB,0xCB,0xFF,
    0xC8,0xC8,0xC8,0xFF,0x95,0x95,0x95,0xFF,0x27,0x27,0x27,0xFF,0x0E,0x0E,0x0E,
    0xC2,0x10,0x10,0x10,0x0F,0x00,0x00,0x00,0x00,0x00,0x00,0x00,0x00,0x00,0x00,
    0x00,0x00,0x00,0x00,0x00,0x00,0x00,0x00,0x00,0x00,0x00,0x00,0x00,0x00,0x00,
    0x00,0x00,0x00,0x00,0x00,0x00,0x00,0x00,0x00,0x00,0x00,0x00,0x00,0x00,0x00,
    0x00,0x00,0x00,0x00,0x00,0x00,0x00,0x00,0x00,0x00,0x00,0x00,0x00,0x00,0x00,
    0x00,0x00,0x00,0x00,0x00,0x00,0x00,0x00,0x00,0x00,0x00,0x00,0x00,0x00,0x00,
    0x00,0x00,0x00,0x00,0x00,0x00,0x00,0x00,0x00,0x00,0x11,0x11,0x11,0x0D,0x0C,
    0x0C,0x0C,0xBB,0x22,0x22,0x22,0xFF,0x92,0x92,0x92,0xFF,0xC8,0xC8,0xC8,0xFF,
    0xCB,0xCB,0xCB,0xFF,0xCB,0xCB,0xCB,0xFF,0xCB,0xCB,0xCB,0xFF,0xA7,0xBB,0xB1,
    0xFF,0x59,0xA8,0x87,0xFF,0x5A,0xA8,0x88,0xFF,0x5D,0xA9,0x89,0xFF,0xA1,0xC4,
    0xB4,0xFF,0xF0,0xF4,0xF2,0xFF,0xFF,0xFF,0xFF,0xFF,0xFE,0xFE,0xFE,0xFF,0xFC,
    0xFC,0xFC,0xFF,0xFF,0xFF,0xFF,0xFF,0xFF,0xFF,0xFF,0xFF,0xFF,0xFF,0xFF,0xFF,
    0xFF,0xFF,0xFF,0xFF,0xFF,0xFF,0xFF,0xFF,0xFE,0xFE,0xFE,0xBF,0xFA,0xFA,0xFA,
    0x04,0x00,0x00,0x00,0x00,0x00,0x00,0x00,0x00,0x00,0x00,0x00,0x00,0x00,0x00,
    0x00,0x00,0x00,0x00,0x00,0x00,0x00,0x00,0x00,0x00,0x00,0x00,0x00,0x00,0x00,
    0x00,0x00,0x00,0x00,0x00,0x00,0x00,0x00,0x00,0x00,0x00,0x00,0x00,0x00,0x00,
    0x00,0x00,0x00,0x00,0x00,0x00,0x00,0x00,0x00,0x00,0x00,0x00,0x00,0x00,0x00,
    0x00,0x00,0x00,0x00,0x00,0x00,0x00,0x00,0x00,0x00,0x00,0x00,0x00,0x00,0x00,
    0x00,0x00,0x00,0x00,0x00,0x00,0x00,0x00,0x00,0x00,0x00,0x00,0x00,0x00,0x00,
    0x00,0x00,0x00,0x00,0x00,0x00,0x00,0x00,0x00,0x00,0x00,0x00,0x00,0x00,0x00,
    0x00,0x00,0x00,0x00,0x00,0x00,0x00,0x00,0xFE,0xFE,0xFE,0x73,0xFF,0xFF,0xFF,
    0xFD,0xFF,0xFF,0xFF,0xFF,0xFF,0xFF,0xFF,0xFF,0xFF,0xFF,0xFF,0xFF,0xFF,0xFF,
    0xFF,0xFF,0xFF,0xFF,0xFF,0xFF,0xFB,0xFB,0xFB,0xFF,0xFF,0xFF,0xFF,0xFF,0xFF,
    0xFF,0xFF,0xFF,0xFF,0xFF,0xFF,0xFF,0xF3,0xF6,0xF4,0xFF,0xA3,0xC5,0xB5,0xFF,
    0x5F,0xA9,0x8A,0xFF,0x59,0xA8,0x88,0xFF,0xAD,0xBE,0xB5,0xFF,0xCB,0xCB,0xCB,
    0xFF,0xCB,0xCB,0xCB,0xFF,0xCB,0xCB,0xCB,0xFF,0xCB,0xCB,0xCB,0xFF,0xC3,0xC3,
    0xC3,0xFF,0x70,0x70,0x70,0xFF,0x41,0x41,0x41,0xFD,0x08,0x08,0x08,0x75,0x04,
    0x04,0x04,0x02,0x00,0x00,0x00,0x00,0x00,0x00,0x00,0x00,0x00,0x00,0x00,0x00,
    0x00,0x00,0x00,0x00,0x00,0x00,0x00,0x00,0x00,0x00,0x00,0x00,0x00,0x00,0x00,
    0x00,0x00,0x00,0x00,0x00,0x00,0x00,0x00,0x00,0x00,0x00,0x00,0x00,0x00,0x00,
    0x00,0x00,0x00,0x00,0x00,0x00,0x00,0x00,0x00,0x00,0x00,0x00,0x00,0x00,0x00,
    0x00,0x00,0x00,0x00,0x00,0x00,0x00,0x00,0x00,0x00,0x00,0x00,0x00,0x00,0x00,
    0x03,0x03,0x03,0x01,0x07,0x07,0x07,0x6D,0x3E,0x3E,0x3E,0xFC,0x6D,0x6D,0x6D,
    0xFF,0xC1,0xC1,0xC1,0xFF,0xCB,0xCB,0xCB,0xFF,0xCB,0xCB,0xCB,0xFF,0xCB,0xCB,
    0xCB,0xFF,0xCB,0xCB,0xCB,0xFF,0xA9,0xBC,0xB3,0xFF,0x59,0xA8,0x88,0xFF,0x5D,
    0xA9,0x89,0xFF,0x9D,0xC2,0xB1,0xFF,0xF0,0xF4,0xF2,0xFF,0xFF,0xFF,0xFF,0xFF,
    0xFF,0xFF,0xFF,0xFF,0xFF,0xFF,0xFF,0xFF,0xFB,0xFB,0xFB,0xFF,0xFF,0xFF,0xFF,
    0xFF,0xFF,0xFF,0xFF,0xFF,0xFF,0xFF,0xFF,0xFF,0xFF,0xFF,0xFF,0xFF,0xFF,0xFF,
    0xFF,0xFF,0xFF,0xFF,0xFF,0xFB,0xFD,0xFD,0xFD,0x5C,0x00,0x00,0x00,0x00,0x00,
    0x00,0x00,0x00,0x00,0x00,0x00,0x00,0x00,0x00,0x00,0x00,0x00,0x00,0x00,0x00,
    0x00,0x00,0x00,0x00,0x00,0x00,0x00,0x00,0x00,0x00,0x00,0x00,0x00,0x00,0x00,
    0x00,0x00,0x00,0x00,0x00,0x00,0x00,0x00,0x00,0x00,0x00,0x00,0x00,0x00,0x00,
    0x00,0x00,0x00,0x00,0x00,0x00,0x00,0x00,0x00,0x00,0x00,0x00,0x00,0x00,0x00,
    0x00,0x00,0x00,0x00,0x00,0x00,0x00,0x00,0x00,0x00,0x00,0x00,0x00,0x00,0x00,
    0x00,0x00,0x00,0x00,0x00,0x00,0x00,0x00,0x00,0x00,0x00,0x00,0x00,0x00,0x00,
    0x00,0x00,0x00,0x00,0x00,0x00,0x00,0x00,0x00,0x00,0x00,0x00,0x00,0xFD,0xFD,
    0xFD,0x1F,0xFF,0xFF,0xFF,0xDF,0xFF,0xFF,0xFF,0xFF,0xFF,0xFF,0xFF,0xFF,0xFF,
    0xFF,0xFF,0xFF,0xFF,0xFF,0xFF,0xFF,0xFF,0xFF,0xFF,0xFF,0xFF,0xFF,0xFF,0xFF,
    0xFB,0xFB,0xFB,0xFF,0xFF,0xFF,0xFF,0xFF,0xFF,0xFF,0xFF,0xFF,0xFF,0xFF,0xFF,
    0xFF,0xFF,0xFF,0xFF,0xFF,0xF3,0xF6,0xF4,0xFF,0xA8,0xC8,0xB9,0xFF,0x5A,0xA8,
    0x88,0xFF,0xAD,0xBE,0xB5,0xFF,0xCB,0xCB,0xCB,0xFF,0xCB,0xCB,0xCB,0xFF,0xCB,
    0xCB,0xCB,0xFF,0xCB,0xCB,0xCB,0xFF,0xCB,0xCB,0xCB,0xFF,0x88,0x88,0x88,0xFF,
    0x58,0x58,0x58,0xFF,0x2E,0x2E,0x2E,0xF1,0x03,0x03,0x03,0x2C,0x00,0x00,0x00,
    0x00,0x00,0x00,0x00,0x00,0x00,0x00,0x00,0x00,0x00,0x00,0x00,0x00,0x00,0x00,
    0x00,0x00,0x00,0x00,0x00,0x00,0x00,0x00,0x00,0x00,0x00,0x00,0x00,0x00,0x00,
    0x00,0x00,0x00,0x00,0x00,0x00,0x00,0x00,0x00,0x00,0x00,0x00,0x00,0x00,0x00,
    0x00,0x00,0x00,0x00,0x00,0x00,0x00,0x00,0x00,0x00,0x00,0x00,0x00,0x00,0x00,
    0x00,0x00,0x00,0x00,0x00,0x00,0x00,0x00,0x00,0x02,0x02,0x02,0x26,0x2D,0x2D,
    0x2D,0xED,0x58,0x58,0x58,0xFF,0x89,0x89,0x89,0xFF,0xCB,0xCB,0xCB,0xFF,0xCB,
    0xCB,0xCB,0xFF,0xCB,0xCB,0xCB,0xFF,0xCB,0xCB,0xCB,0xFF,0xCB,0xCB,0xCB,0xFF,
    0xAA,0xBC,0xB3,0xFF,0x59,0xA7,0x87,0xFF,0xA2,0xC5,0xB4,0xFF,0xF0,0xF4,0xF2,
    0xFF,0xFF,0xFF,0xFF,0xFF,0xFF,0xFF,0xFF,0xFF,0xFF,0xFF,0xFF,0xFF,0xFF,0xFF,
    0xFF,0xFF,0xFB,0xFB,0xFB,0xFF,0xFF,0xFF,0xFF,0xFF,0xFF,0xFF,0xFF,0xFF,0xFF,
    0xFF,0xFF,0xFF,0xFF,0xFF,0xFF,0xFF,0xFF,0xFF,0xFF,0xFF,0xFF,0xFF,0xFF,0xFF,
    0xFF,0xFF,0xFF,0xD5,0xFC,0xFC,0xFC,0x15,0x00,0x00,0x00,0x00,0x00,0x00,0x00,
    0x00,0x00,0x00,0x00,0x00,0x00,0x00,0x00,0x00,0x00,0x00,0x00,0x00,0x00,0x00,
    0x00,0x00,0x00,0x00,0x00,0x00,0x00,0x00,0x00,0x00,0x00,0x00,0x00,0x00,0x00,
    0x00,0x00,0x00,0x00,0x00,0x00,0x00,0x00,0x00,0x00,0x00,0x00,0x00,0x00,0x00,
    0x00,0x00,0x00,0x00,0x00,0x00,0x00,0x00,0x00,0x00,0x00,0x00,0x00,0x00,0x00,
    0x00,0x00,0x00,0x00,0x00,0x00,0x00,0x00,0x00,0x00,0x00,0x00,0x00,0x00,0x00,
    0x00,0x00,0x00,0x00,0x00,0x00,0x00,0x00,0x00,0x00,0x00,0x00,0x00,0x00,0x00,
    0x00,0x00,0x00,0xFC,0xFC,0xFC,0x03,0xFE,0xFE,0xFE,0x90,0xFF,0xFF,0xFF,0xFE,
    0xFF,0xFF,0xFF,0xFF,0xFF,0xFF,0xFF,0xFF,0xFF,0xFF,0xFF,0xFF,0xFF,0xFF,0xFF,
    0xFF,0xFF,0xFF,0xFF,0xFF,0xFE,0xFE,0xFE,0xFF,0xFC,0xFC,0xFC,0xFF,0xFF,0xFF,
    0xFF,0xFF,0xFF,0xFF,0xFF,0xFF,0xFF,0xFF,0xFF,0xFF,0xFF,0xFF,0xFF,0xFF,0xFF,
    0xFF,0xFF,0xFF,0xF2,0xF6,0xF4,0xFF,0xA6,0xC7,0xB7,0xFF,0xAD,0xBE,0xB6,0xFF,
    0xCB,0xCB,0xCB,0xFF,0xCB,0xCB,0xCB,0xFF,0xCB,0xCB,0xCB,0xFF,0xCB,0xCB,0xCB,
    0xFF,0xCC,0xCC,0xCC,0xFF,0x97,0x97,0x97,0xFF,0x4E,0x4E,0x4E,0xFF,0x4F,0x4F,
    0x4F,0xFF,0x1B,0x1B,0x1B,0xCC,0x10,0x10,0x10,0x0B,0x00,0x00,0x00,0x00,0x00,
    0x00,0x00,0x00,0x00,0x00,0x00,0x00,0x00,0x00,0x00,0x00,0x00,0x00,0x00,0x00,
    0x00,0x00,0x00,0x00,0x00,0x00,0x00,0x00,0x00,0x00,0x00,0x00,0x00,0x00,0x00,
    0x00,0x00,0x00,0x00,0x00,0x00,0x00,0x00,0x00,0x00,0x00,0x00,0x00,0x00,0x00,
    0x00,0x00,0x00,0x00,0x00,0x00,0x00,0x00,0x00,0x00,0x00,0x00,0x00,0x00,0x10,
    0x10,0x10,0x09,0x1A,0x1A,0x1A,0xC6,0x4E,0x4E,0x4E,0xFF,0x4F,0x4F,0x4F,0xFF,
    0x98,0x98,0x98,0xFF,0xCC,0xCC,0xCC,0xFF,0xCB,0xCB,0xCB,0xFF,0xCB,0xCB,0xCB,
    0xFF,0xCB,0xCB,0xCB,0xFF,0xCB,0xCB,0xCB,0xFF,0xA9,0xBC,0xB3,0xFF,0x9F,0xC4,
    0xB3,0xFF,0xF0,0xF4,0xF2,0xFF,0xFF,0xFF,0xFF,0xFF,0xFF,0xFF,0xFF,0xFF,0xFF,
    0xFF,0xFF,0xFF,0xFF,0xFF,0xFF,0xFF,0xFF,0xFF,0xFF,0xFF,0xFB,0xFB,0xFB,0xFF,
    0xFE,0xFE,0xFE,0xFF,0xFF,0xFF,0xFF,0xFF,0xFF,0xFF,0xFF,0xFF,0xFF,0xFF,0xFF,
    0xFF,0xFF,0xFF,0xFF,0xFF,0xFF,0xFF,0xFF,0xFF,0xFF,0xFF,0xFF,0xFD,0xFE,0xFE,
    0xFE,0x7B,0xFB,0xFB,0xFB,0x02,0x00,0x00,0x00,0x00,0x00,0x00,0x00,0x00,0x00,
    0x00,0x00,0x00,0x00,0x00,0x00,0x00,0x00,0x00,0x00,0x00,0x00,0x00,0x00,0x00,
    0x00,0x00,0x00,0x00,0x00,0x00,0x00,0x00,0x00,0x00,0x00,0x00,0x00,0x00,0x00,
    0x00,0x00,0x00,0x00,0x00,0x00,0x00,0x00,0x00,0x00,0x00,0x00,0x00,0x00,0x00,
    0x00,0x00,0x00,0x00,0x00,0x00,0x00,0x00,0x00,0x00,0x00,0x00,0x00,0x00,0x00,
    0x00,0x00,0x00,0x00,0x00,0x00,0x00,0x00,0x00,0x00,0x00,0x00,0x00,0x00,0x00,
    0x00,0x00,0x00,0x00,0x00,0x00,0x00,0x00,0x00,0x00,0x00,0x00,0xFD,0xFD,0xFD,
    0x35,0xFF,0xFF,0xFF,0xFD,0xFF,0xFF,0xFF,0xFF,0xFF,0xFF,0xFF,0xFF,0xFF,0xFF,
    0xFF,0xFF,0xFF,0xFF,0xFF,0xFF,0xFF,0xFF,0xFF,0xFF,0xFF,0xFF,0xFF,0xFF,0xFB,
    0xFB,0xFB,0xFF,0xFE,0xFE,0xFE,0xFF,0xFF,0xFF,0xFF,0xFF,0xFF,0xFF,0xFF,0xFF,
    0xFF,0xFF,0xFF,0xFF,0xFF,0xFF,0xFF,0xFF,0xFF,0xFF,0xFF,0xFF,0xFF,0xFF,0xFF,
    0xFF,0xF0,0xF4,0xF2,0xFF,0xCA,0xD0,0xCD,0xFF,0xCB,0xCB,0xCB,0xFF,0xCB,0xCB,
    0xCB,0xFF,0xCB,0xCB,0xCB,0xFF,0xCB,0xCB,0xCB,0xFF,0xCC,0xCC,0xCC,0xFF,0xAB,
    0xAB,0xAB,0xFF,0x3D,0x3D,0x3D,0xFF,0x57,0x57,0x57,0xFF,0x3E,0x3E,0x3E,0xFD,
    0x0A,0x0A,0x0A,0x83,0x10,0x10,0x10,0x01,0x00,0x00,0x00,0x00,0x00,0x00,0x00,
    0x00,0x00,0x00,0x00,0x00,0x00,0x00,0x00,0x00,0x00,0x00,0x00,0x00,0x00,0x00,
    0x00,0x00,0x00,0x00,0x00,0x00,0x00,0x00,0x00,0x00,0x00,0x00,0x00,0x00,0x00,
    0x00,0x00,0x00,0x00,0x00,0x00,0x00,0x00,0x00,0x00,0x00,0x00,0x00,0x00,0x00,
    0x00,0x00,0x00,0x00,0x17,0x17,0x17,0x01,0x0A,0x0A,0x0A,0x7B,0x3C,0x3C,0x3C,
    0xFD,0x57,0x57,0x57,0xFF,0x3E,0x3E,0x3E,0xFF,0xAB,0xAB,0xAB,0xFF,0xCC,0xCC,
    0xCC,0xFF,0xCB,0xCB,0xCB,0xFF,0xCB,0xCB,0xCB,0xFF,0xCB,0xCB,0xCB,0xFF,0xCB,
    0xCB,0xCB,0xFF,0xC5,0xCE,0xCA,0xFF,0xED,0xF2,0xF0,0xFF,0xFF,0xFF,0xFF,0xFF,
    0xFF,0xFF,0xFF,0xFF,0xFF,0xFF,0xFF,0xFF,0xFF,0xFF,0xFF,0xFF,0xFF,0xFF,0xFF,
    0xFF,0xFF,0xFF,0xFF,0xFF,0xFE,0xFE,0xFE,0xFF,0xFC,0xFC,0xFC,0xFF,0xFF,0xFF,
    0xFF,0xFF,0xFF,0xFF,0xFF,0xFF,0xFF,0xFF,0xFF,0xFF,0xFF,0xFF,0xFF,0xFF,0xFF,
    0xFF,0xFF,0xFF,0xFF,0xFF,0xFF,0xFF,0xFF,0xFF,0xFF,0xF5,0xFD,0xFD,0xFD,0x25,
    0x00,0x00,0x00,0x00,0x00,0x00,0x00,0x00,0x00,0x00,0x00,0x00,0x00,0x00,0x00,
    0x00,0x00,0x00,0x00,0x00,0x00,0x00,0x00,0x00,0x00,0x00,0x00,0x00,0x00,0x00,
    0x00,0x00,0x00,0x00,0x00,0x00,0x00,0x00,0x00,0x00,0x00,0x00,0x00,0x00,0x00,
    0x00,0x00,0x00,0x00,0x00,0x00,0x00,0x00,0x00,0x00,0x00,0x00,0x00,0x00,0x00,
    0x00,0x00,0x00,0x00,0x00,0x00,0x00,0x00,0x00,0x00,0x00,0x00,0x00,0x00,0x00,
    0x00,0x00,0x00,0x00,0x00,0x00,0x00,0x00,0x00,0x00,0x00,0x00,0x00,0x00,0x00,
    0x00,0x00,0xFE,0xFD,0xFD,0x0A,0xFF,0xFF,0xFF,0xCE,0xFF,0xFF,0xFF,0xFF,0xFF,
    0xFF,0xFF,0xFF,0xFF,0xFF,0xFF,0xFF,0xFF,0xFF,0xFF,0xFF,0xFF,0xFF,0xFF,0xFF,
    0xFF,0xFF,0xFF,0xFF,0xFF,0xFF,0xFF,0xFF,0xFB,0xFB,0xFB,0xFF,0xFF,0xFF,0xFF,
    0xFF,0xFF,0xFF,0xFF,0xFF,0xFF,0xFF,0xFF,0xFF,0xFF,0xFF,0xFF,0xFF,0xFF,0xFF,
    0xFF,0xFF,0xFF,0xFF,0xFF,0xFF,0xFF,0xFF,0xFF,0xFF,0xFF,0xFF,0xFF,0xFF,0xF3,
    0xF3,0xF3,0xFF,0xD8,0xD8,0xD8,0xFF,0xCB,0xCB,0xCB,0xFF,0xCB,0xCB,0xCB,0xFF,
    0xCB,0xCB,0xCB,0xFF,0xCB,0xCB,0xCB,0xFF,0xBD,0xBD,0xBD,0xFF,0x3E,0x3E,0x3E,
    0xFF,0x45,0x45,0x45,0xFF,0x58,0x58,0x58,0xFF,0x2C,0x2C,0x2C,0xEA,0x00,0x00,
    0x00,0x30,0x00,0x00,0x00,0x00,0x00,0x00,0x00,0x00,0x00,0x00,0x00,0x00,0x00,
    0x00,0x00,0x00,0x00,0x00,0x00,0x00,0x00,0x00,0x00,0x00,0x00,0x00,0x00,0x00,
    0x00,0x00,0x00,0x00,0x00,0x00,0x00,0x00,0x00,0x00,0x00,0x00,0x00,0x00,0x00,
    0x00,0x00,0x00,0x00,0x00,0x00,0x00,0x00,0x00,0x00,0x00,0x00,0x00,0x00,0x00,
    0x00,0x2B,0x29,0x29,0x29,0xE7,0x57,0x57,0x57,0xFF,0x46,0x46,0x46,0xFF,0x3E,
    0x3E,0x3E,0xFF,0xBD,0xBD,0xBD,0xFF,0xCB,0xCB,0xCB,0xFF,0xCB,0xCB,0xCB,0xFF,
    0xCB,0xCB,0xCB,0xFF,0xCB,0xCB,0xCB,0xFF,0xD6,0xD6,0xD6,0xFF,0xF1,0xF1,0xF1,
    0xFF,0xFF,0xFF,0xFF,0xFF,0xFF,0xFF,0xFF,0xFF,0xFF,0xFF,0xFF,0xFF,0xFF,0xFF,
    0xFF,0xFF,0xFF,0xFF,0xFF,0xFF,0xFF,0xFF,0xFF,0xFF,0xFF,0xFF,0xFF,0xFF,0xFF,
    0xFF,0xFF,0xFF,0xFB,0xFB,0xFB,0xFF,0xFF,0xFF,0xFF,0xFF,0xFF,0xFF,0xFF,0xFF,
    0xFF,0xFF,0xFF,0xFF,0xFF,0xFF,0xFF,0xFF,0xFF,0xFF,0xFF,0xFF,0xFF,0xFF,0xFF,
    0xFF,0xFF,0xFF,0xFF,0xFF,0xFF,0xFF,0xFF,0xBB,0xFF,0xFE,0xFE,0x06,0x00,0x00,
    0x00,0x00,0x00,0x00,0x00,0x00,0x00,0x00,0x00,0x00,0x00,0x00,0x00,0x00,0x00,
    0x00,0x00,0x00,0x00,0x00,0x00,0x00,0x00,0x00,0x00,0x00,0x00,0x00,0x00,0x00,
    0x00,0x00,0x00,0x00,0x00,0x00,0x00,0x00,0x00,0x00,0x00,0x00,0x00,0x00,0x00,
    0x00,0x00,0x00,0x00,0x00,0x00,0x00,0x00,0x00,0x00,0x00,0x00,0x00,0x00,0x00,
    0x00,0x00,0x00,0x00,0x00,0x00,0x00,0x00,0x00,0x00,0x00,0x00,0x00,0x00,0x00,
    0x00,0x00,0x00,0x00,0x00,0x00,0x00,0x3A,0x9A,0x77,0x01,0xA8,0xC7,0xB8,0x7A,
    0xDB,0xE6,0xE1,0xFD,0xF7,0xF9,0xF8,0xFF,0xFE,0xFE,0xFE,0xFF,0xFF,0xFF,0xFF,
    0xFF,0xFF,0xFF,0xFF,0xFF,0xFF,0xFF,0xFF,0xFF,0xFF,0xFF,0xFF,0xFF,0xFF,0xFF,
    0xFF,0xFF,0xFB,0xFB,0xFB,0xFF,0xFF,0xFF,0xFF,0xFF,0xFF,0xFF,0xFF,0xFF,0xFF,
    0xFF,0xFF,0xFF,0xFF,0xFF,0xFF,0xFF,0xFF,0xFF,0xFF,0xFF,0xFF,0xFF,0xFF,0xFF,
    0xFF,0xFF,0xFF,0xFF,0xFF,0xFF,0xFF,0xFF,0xFB,0xFB,0xFB,0xFF,0xF6,0xF6,0xF6,
    0xFF,0xD6,0xD6,0xD6,0xFF,0xCB,0xCB,0xCB,0xFF,0xCB,0xCB,0xCB,0xFF,0xCB,0xCB,
    0xCB,0xFF,0xC7,0xC7,0xC7,0xFF,0x5C,0x5C,0x5C,0xFF,0x2E,0x2E,0x2E,0xFF,0x54,
    0x54,0x54,0xFF,0x50,0x50,0x50,0xFF,0x17,0x17,0x17,0xBA,0x02,0x02,0x02,0x08,
    0x00,0x00,0x00,0x00,0x00,0x00,0x00,0x00,0x00,0x00,0x00,0x00,0x00,0x00,0x00,
    0x00,0x00,0x00,0x00,0x00,0x00,0x00,0x00,0x00,0x00,0x00,0x00,0x00,0x00,0x00,
    0x00,0x00,0x00,0x00,0x00,0x00,0x00,0x00,0x00,0x00,0x00,0x00,0x00,0x00,0x00,
    0x00,0x00,0x00,0x02,0x02,0x02,0x07,0x15,0x15,0x15,0xB3,0x4F,0x4F,0x4F,0xFF,
    0x55,0x55,0x55,0xFF,0x2E,0x2E,0x2E,0xFF,0x5C,0x5C,0x5C,0xFF,0xC7,0xC7,0xC7,
    0xFF,0xCB,0xCB,0xCB,0xFF,0xCB,0xCB,0xCB,0xFF,0xCB,0xCB,0xCB,0xFF,0xD5,0xD5,
    0xD5,0xFF,0xF5,0xF5,0xF5,0xFF,0xFB,0xFB,0xFB,0xFF,0xFF,0xFF,0xFF,0xFF,0xFF,
    0xFF,0xFF,0xFF,0xFF,0xFF,0xFF,0xFF,0xFF,0xFF,0xFF,0xFF,0xFF,0xFF,0xFF,0xFF,
    0xFF,0xFF,0xFF,0xFF,0xFF,0xFF,0xFF,0xFF,0xFF,0xFF,0xFF,0xFF,0xFB,0xFB,0xFB,
    0xFF,0xFF,0xFF,0xFF,0xFF,0xFF,0xFF,0xFF,0xFF,0xFF,0xFF,0xFF,0xFF,0xFF,0xFF,
    0xFF,0xFF,0xFF,0xFF,0xFF,0xFF,0xFE,0xFE,0xFE,0xFF,0xFA,0xFC,0xFB,0xFF,0xE5,
    0xEC,0xE9,0xFB,0xB3,0xCD,0xC1,0x64,0x00,0x00,0x00,0x00,0x00,0x00,0x00,0x00,
    0x00,0x00,0x00,0x00,0x00,0x00,0x00,0x00,0x00,0x00,0x00,0x00,0x00,0x00,0x00,
    0x00,0x00,0x00,0x00,0x00,0x00,0x00,0x00,0x00,0x00,0x00,0x00,0x00,0x00,0x00,
    0x00,0x00,0x00,0x00,0x00,0x00,0x00,0x00,0x00,0x00,0x00,0x00,0x00,0x00,0x00,
    0x00,0x00,0x00,0x00,0x00,0x00,0x00,0x00,0x00,0x00,0x00,0x00,0x00,0x00,0x00,
    0x00,0x00,0x00,0x00,0x00,0x00,0x00,0x00,0x00,0x00,0x00,0x00,0x00,0x00,0x00,
    0x00,0x5A,0xA7,0x87,0x26,0x5C,0xA8,0x89,0xE3,0x62,0xAA,0x8C,0xFF,0x82,0xB6,
    0x9F,0xFF,0xBC,0xD3,0xC8,0xFF,0xE5,0xED,0xE9,0xFF,0xF6,0xF9,0xF7,0xFF,0xFE,
    0xFE,0xFE,0xFF,0xFF,0xFF,0xFF,0xFF,0xFF,0xFF,0xFF,0xFF,0xFB,0xFB,0xFB,0xFF,
    0xFF,0xFF,0xFF,0xFF,0xFF,0xFF,0xFF,0xFF,0xFF,0xFF,0xFF,0xFF,0xFF,0xFF,0xFF,
    0xFF,0xFF,0xFF,0xFF,0xFF,0xFF,0xFF,0xFF,0xFF,0xFF,0xFF,0xFF,0xFF,0xFF,0xFF,
    0xFF,0xFF,0xFB,0xFB,0xFB,0xFF,0xFF,0xFF,0xFF,0xFF,0xF3,0xF3,0xF3,0xFF,0xD4,
    0xD4,0xD4,0xFF,0xCB,0xCB,0xCB,0xFF,0xCB,0xCB,0xCB,0xFF,0xC9,0xC9,0xC9,0xFF,
    0x81,0x81,0x81,0xFF,0x25,0x25,0x25,0xFF,0x3B,0x3B,0x3B,0xFF,0x5A,0x5A,0x5A,
    0xFF,0x3F,0x3F,0x3F,0xFF,0x0C,0x0C,0x0C,0x69,0x0F,0x0F,0x0F,0x01,0x00,0x00,
    0x00,0x00,0x00,0x00,0x00,0x00,0x00,0x00,0x00,0x00,0x00,0x00,0x00,0x00,0x00,
    0x00,0x00,0x00,0x00,0x00,0x00,0x00,0x00,0x00,0x00,0x00,0x00,0x00,0x00,0x00,
    0x00,0x00,0x00,0x00,0x00,0x00,0x00,0x00,0x00,0x00,0x00,0x00,0x0B,0x0B,0x0B,
    0x61,0x3D,0x3D,0x3D,0xFF,0x5A,0x5A,0x5A,0xFF,0x3C,0x3C,0x3C,0xFF,0x25,0x25,
    0x25,0xFF,0x82,0x82,0x82,0xFF,0xC9,0xC9,0xC9,0xFF,0xCB,0xCB,0xCB,0xFF,0xCB,
    0xCB,0xCB,0xFF,0xD2,0xD2,0xD2,0xFF,0xF1,0xF1,0xF1,0xFF,0xFE,0xFE,0xFE,0xFF,
    0xFB,0xFB,0xFB,0xFF,0xFF,0xFF,0xFF,0xFF,0xFF,0xFF,0xFF,0xFF,0xFF,0xFF,0xFF,
    0xFF,0xFF,0xFF,0xFF,0xFF,0xFF,0xFF,0xFF,0xFF,0xFF,0xFF,0xFF,0xFF,0xFF,0xFF,
    0xFF,0xFF,0xFF,0xFF,0xFF,0xFF,0xFB,0xFB,0xFB,0xFF,0xFF,0xFF,0xFF,0xFF,0xFF,
    0xFF,0xFF,0xFF,0xFE,0xFF,0xFF,0xFF,0xF8,0xFA,0xF9,0xFF,0xEB,0xF1,0xEE,0xFF,
    0xC8,0xDA,0xD1,0xFF,0x90,0xBC,0xA8,0xFF,0x67,0xAC,0x8E,0xFF,0x5C,0xA8,0x89,
    0xD9,0x5A,0xA7,0x87,0x1B,0x00,0x00,0x00,0x00,0x00,0x00,0x00,0x00,0x00,0x00,
    0x00,0x00,0x00,0x00,0x00,0x00,0x00,0x00,0x00,0x00,0x00,0x00,0x00,0x00,0x00,
    0x00,0x00,0x00,0x00,0x00,0x00,0x00,0x00,0x00,0x00,0x00,0x00,0x00,0x00,0x00,
    0x00,0x00,0x00,0x00,0x00,0x00,0x00,0x00,0x00,0x00,0x00,0x00,0x00,0x00,0x00,
    0x00,0x00,0x00,0x00,0x00,0x00,0x00,0x00,0x00,0x00,0x00,0x00,0x00,0x00,0x00,
    0x00,0x00,0x00,0x00,0x00,0x00,0x59,0xA5,0x86,0x05,0x5A,0xA7,0x88,0xA2,0x5A,
    0xA8,0x88,0xFF,0x5A,0xA8,0x88,0xFF,0x59,0xA8,0x87,0xFF,0x57,0xA7,0x87,0xFF,
    0x6A,0xAD,0x90,0xFF,0x9F,0xC3,0xB2,0xFF,0xCB,0xDC,0xD4,0xFF,0xED,0xF2,0xF0,
    0xFF,0xFE,0xFE,0xFE,0xFF,0xFB,0xFB,0xFB,0xFF,0xFF,0xFF,0xFF,0xFF,0xFF,0xFF,
    0xFF,0xFF,0xFF,0xFF,0xFF,0xFF,0xFF,0xFF,0xFF,0xFF,0xFF,0xFF,0xFF,0xFF,0xFF,
    0xFF,0xFF,0xFF,0xFF,0xFF,0xFF,0xFF,0xFF,0xFF,0xFF,0xFF,0xFB,0xFB,0xFB,0xFF,
    0xFF,0xFF,0xFF,0xFF,0xFF,0xFF,0xFF,0xFF,0xF1,0xF1,0xF1,0xFF,0xD1,0xD1,0xD1,
    0xFF,0xCB,0xCB,0xCB,0xFF,0xCA,0xCA,0xCA,0xFF,0x9F,0x9F,0x9F,0xFF,0x26,0x26,
    0x26,0xFF,0x2B,0x2B,0x2B,0xFF,0x4A,0x4A,0x4A,0xFF,0x58,0x58,0x58,0xFF,0x29,
    0x29,0x29,0xF3,0x0A,0x0A,0x0A,0x2F,0x00,0x00,0x00,0x00,0x00,0x00,0x00,0x00,
    0x00,0x00,0x00,0x00,0x00,0x00,0x00,0x00,0x00,0x00,0x00,0x00,0x00,0x00,0x00,
    0x00,0x00,0x00,0x00,0x00,0x00,0x00,0x00,0x00,0x00,0x00,0x00,0x00,0x00,0x00,
    0x00,0x00,0x09,0x09,0x09,0x29,0x28,0x28,0x28,0xEF,0x57,0x57,0x57,0xFF,0x4B,
    0x4B,0x4B,0xFF,0x2B,0x2B,0x2B,0xFF,0x26,0x26,0x26,0xFF,0x9F,0x9F,0x9F,0xFF,
    0xCA,0xCA,0xCA,0xFF,0xCB,0xCB,0xCB,0xFF,0xD0,0xD0,0xD0,0xFF,0xEF,0xEF,0xEF,
    0xFF,0xFF,0xFF,0xFF,0xFF,0xFF,0xFF,0xFF,0xFF,0xFB,0xFB,0xFB,0xFF,0xFF,0xFF,
    0xFF,0xFF,0xFF,0xFF,0xFF,0xFF,0xFF,0xFF,0xFF,0xFF,0xFF,0xFF,0xFF,0xFF,0xFF,
    0xFF,0xFF,0xFF,0xFF,0xFF,0xFF,0xFF,0xFF,0xFF,0xFF,0xFF,0xFF,0xFF,0xFF,0xFF,
    0xFB,0xFB,0xFB,0xFF,0xFF,0xFF,0xFF,0xFF,0xF2,0xF6,0xF4,0xFF,0xD3,0xE1,0xDA,
    0xFF,0xA9,0xC9,0xBA,0xFF,0x75,0xB0,0x96,0xFF,0x58,0xA7,0x87,0xFF,0x58,0xA7,
    0x87,0xFF,0x5A,0xA8,0x88,0xFF,0x5A,0xA8,0x88,0xFF,0x5A,0xA7,0x88,0x8E,0x5A,
    0xA6,0x87,0x03,0x00,0x00,0x00,0x00,0x00,0x00,0x00,0x00,0x00,0x00,0x00,0x00,
    0x00,0x00,0x00,0x00,0x00,0x00,0x00,0x00,0x00,0x00,0x00,0x00,0x00,0x00,0x00,
    0x00,0x00,0x00,0x00,0x00,0x00,0x00,0x00,0x00,0x00,0x00,0x00,0x00,0x00,0x00,
    0x00,0x00,0x00,0x00,0x00,0x00,0x00,0x00,0x00,0x00,0x00,0x00,0x00,0x00,0x00,
    0x00,0x00,0x00,0x00,0x00,0x00,0x00,0x00,0x00,0x00,0x00,0x00,0x00,0x00,0x00,
    0x5A,0xA7,0x87,0x4E,0x5A,0xA8,0x88,0xFC,0x5A,0xA8,0x88,0xFF,0x5A,0xA8,0x88,
    0xFF,0x5A,0xA8,0x88,0xFF,0x5A,0xA8,0x88,0xFF,0x5A,0xA8,0x88,0xFF,0x5A,0xA8,
    0x88,0xFF,0x65,0xAB,0x8D,0xFF,0x84,0xB7,0xA0,0xFF,0xB8,0xD1,0xC5,0xFF,0xEA,
    0xEF,0xEE,0xFF,0xFD,0xFE,0xFE,0xFF,0xFF,0xFF,0xFF,0xFF,0xFF,0xFF,0xFF,0xFF,
    0xFF,0xFF,0xFF,0xFF,0xFF,0xFF,0xFF,0xFF,0xFF,0xFF,0xFF,0xFF,0xFF,0xFF,0xFF,
    0xFF,0xFF,0xFF,0xFF,0xFF,0xFB,0xFB,0xFB,0xFF,0xFF,0xFF,0xFF,0xFF,0xFF,0xFF,
    0xFF,0xFF,0xFE,0xFE,0xFE,0xFF,0xEF,0xEF,0xEF,0xFF,0xCF,0xCF,0xCF,0xFF,0xCB,
    0xCB,0xCB,0xFF,0xB5,0xB5,0xB5,0xFF,0x39,0x39,0x39,0xFF,0x2A,0x2A,0x2A,0xFF,
    0x34,0x34,0x34,0xFF,0x56,0x56,0x56,0xFF,0x4E,0x4E,0x4E,0xFF,0x11,0x11,0x11,
    0xBB,0x0C,0x0C,0x0C,0x0B,0x00,0x00,0x00,0x00,0x00,0x00,0x00,0x00,0x00,0x00,
    0x00,0x00,0x00,0x00,0x00,0x00,0x00,0x00,0x00,0x00,0x00,0x00,0x00,0x00,0x00,
    0x00,0x00,0x00,0x00,0x00,0x00,0x00,0x0D,0x0D,0x0D,0x09,0x10,0x10,0x10,0xB6,
    0x4D,0x4D,0x4D,0xFF,0x57,0x57,0x57,0xFF,0x35,0x35,0x35,0xFF,0x2A,0x2A,0x2A,
    0xFF,0x39,0x39,0x39,0xFF,0xB5,0xB5,0xB5,0xFF,0xCB,0xCB,0xCB,0xFF,0xCE,0xCE,
    0xCE,0xFF,0xED,0xED,0xED,0xFF,0xFE,0xFE,0xFE,0xFF,0xFF,0xFF,0xFF,0xFF,0xFF,
    0xFF,0xFF,0xFF,0xFB,0xFB,0xFB,0xFF,0xFF,0xFF,0xFF,0xFF,0xFF,0xFF,0xFF,0xFF,
    0xFF,0xFF,0xFF,0xFF,0xFF,0xFF,0xFF,0xFF,0xFF,0xFF,0xFF,0xFF,0xFF,0xFF,0xFF,
    0xFF,0xFF,0xFF,0xFF,0xFF,0xFE,0xFE,0xFE,0xFF,0xEF,0xF3,0xF2,0xFF,0xC3,0xD7,
    0xCD,0xFF,0x8C,0xBA,0xA5,0xFF,0x6A,0xAD,0x90,0xFF,0x5A,0xA8,0x88,0xFF,0x5A,
    0xA8,0x88,0xFF,0x5A,0xA8,0x88,0xFF,0x5A,0xA8,0x88,0xFF,0x5A,0xA8,0x88,0xFF,
    0x5A,0xA8,0x88,0xFF,0x5A,0xA8,0x88,0xF7,0x5A,0xA7,0x87,0x39,0x00,0x00,0x00,
    0x00,0x00,0x00,0x00,0x00,0x00,0x00,0x00,0x00,0x00,0x00,0x00,0x00,0x00,0x00,
    0x00,0x00,0x00,0x00,0x00,0x00,0x00,0x00,0x00,0x00,0x00,0x00,0x00,0x00,0x00,
    0x00,0x00,0x00,0x00,0x00,0x00,0x00,0x00,0x00,0x00,0x00,0x00,0x00,0x00,0x00,
    0x00,0x00,0x00,0x00,0x00,0x00,0x00,0x00,0x00,0x00,0x00,0x00,0x00,0x00,0x00,
    0x00,0x00,0x00,0x00,0x00,0x59,0xA5,0x86,0x14,0x5A,0xA8,0x88,0xE7,0x5A,0xA8,
    0x88,0xFF,0x5A,0xA8,0x88,0xFF,0x5A,0xA8,0x88,0xFF,0x5A,0xA8,0x88,0xFF,0x5A,
    0xA8,0x88,0xFF,0x5A,0xA8,0x88,0xFF,0x5A,0xA8,0x88,0xFF,0x5A,0xA8,0x88,0xFF,
    0x5A,0xA8,0x88,0xFF,0x5C,0xA8,0x89,0xFF,0x59,0xB9,0xB4,0xFF,0xB2,0xD9,0xD9,
    0xFF,0xEA,0xF3,0xF3,0xFF,0xFC,0xFD,0xFD,0xFF,0xFF,0xFF,0xFF,0xFF,0xFF,0xFF,
    0xFF,0xFF,0xFF,0xFF,0xFF,0xFF,0xFF,0xFF,0xFF,0xFF,0xFF,0xFF,0xFF,0xFF,0xFC,
    0xFC,0xFC,0xFF,0xFE,0xFE,0xFE,0xFF,0xFF,0xFF,0xFF,0xFF,0xFF,0xFF,0xFF,0xFF,
    0xFE,0xFE,0xFE,0xFF,0xEA,0xEA,0xEA,0xFF,0xCE,0xCE,0xCE,0xFF,0xBF,0xBF,0xBF,
    0xFF,0x62,0x62,0x62,0xFF,0x29,0x29,0x29,0xFF,0x2B,0x2B,0x2B,0xFF,0x43,0x43,
    0x43,0xFF,0x5C,0x5C,0x5C,0xFF,0x3E,0x3E,0x3E,0xFB,0x07,0x07,0x07,0x66,0x0B,
    0x0B,0x0B,0x01,0x00,0x00,0x00,0x00,0x00,0x00,0x00,0x00,0x00,0x00,0x00,0x00,
    0x00,0x00,0x00,0x00,0x00,0x00,0x00,0x00,0x00,0x00,0x00,0x00,0x0D,0x0D,0x0D,
    0x01,0x06,0x06,0x06,0x5F,0x3C,0x3C,0x3C,0xFA,0x5C,0x5C,0x5C,0xFF,0x44,0x44,
    0x44,0xFF,0x2B,0x2B,0x2B,0xFF,0x29,0x29,0x29,0xFF,0x63,0x63,0x63,0xFF,0xBF,
    0xBF,0xBF,0xFF,0xCE,0xCE,0xCE,0xFF,0xE8,0xE8,0xE8,0xFF,0xFE,0xFE,0xFE,0xFF,
    0xFF,0xFF,0xFF,0xFF,0xFF,0xFF,0xFF,0xFF,0xFE,0xFE,0xFE,0xFF,0xFC,0xFC,0xFC,
    0xFF,0xFF,0xFF,0xFF,0xFF,0xFF,0xFF,0xFF,0xFF,0xFF,0xFF,0xFF,0xFF,0xFF,0xFF,
    0xFF,0xFF,0xFF,0xFF,0xFF,0xFF,0xFD,0xFE,0xFE,0xFF,0xEE,0xF6,0xF6,0xFF,0xBF,
    0xDE,0xDE,0xFF,0x6A,0xBB,0xB5,0xFF,0x5D,0xA9,0x8A,0xFF,0x5A,0xA8,0x88,0xFF,
    0x5A,0xA8,0x88,0xFF,0x5A,0xA8,0x88,0xFF,0x5A,0xA8,0x88,0xFF,0x5A,0xA8,0x88,
    0xFF,0x5A,0xA8,0x88,0xFF,0x5A,0xA8,0x88,0xFF,0x5A,0xA8,0x88,0xFF,0x5A,0xA8,
    0x88,0xFF,0x5A,0xA8,0x88,0xD8,0x5A,0xA6,0x86,0x0C,0x00,0x00,0x00,0x00,0x00,
    0x00,0x00,0x00,0x00,0x00,0x00,0x00,0x00,0x00,0x00,0x00,0x00,0x00,0x00,0x00,
    0x00,0x00,0x00,0x00,0x00,0x00,0x00,0x00,0x00,0x00,0x00,0x00,0x00,0x00,0x00,
    0x00,0x00,0x00,0x00,0x00,0x00,0x00,0x00,0x00,0x00,0x00,0x00,0x00,0x00,0x00,
    0x00,0x00,0x00,0x00,0x00,0x00,0x00,0x00,0x00,0x00,0x59,0xA5,0x86,0x03,0x5A,
    0xA7,0x88,0x98,0x5A,0xA8,0x88,0xFE,0x5A,0xA8,0x88,0xFF,0x5A,0xA8,0x88,0xFF,
    0x5A,0xA8,0x88,0xFF,0x5A,0xA8,0x88,0xFF,0x5A,0xA8,0x88,0xFF,0x5A,0xA8,0x88,
    0xFF,0x5A,0xA8,0x88,0xFF,0x5A,0xA8,0x88,0xFF,0x5A,0xA8,0x88,0xFF,0x59,0xA7,
    0x88,0xFF,0x25,0xB4,0xAF,0xFF,0x00,0xB8,0xB8,0xFF,0x64,0xC2,0xC2,0xFF,0xB6,
    0xDB,0xDB,0xFF,0xEB,0xF3,0xF3,0xFF,0xFF,0xFF,0xFF,0xFF,0xFF,0xFF,0xFF,0xFF,
    0xFF,0xFF,0xFF,0xFF,0xFF,0xFF,0xFF,0xFF,0xFE,0xFE,0xFE,0xFF,0xFC,0xFC,0xFC,
    0xFF,0xFF,0xFF,0xFF,0xFF,0xFF,0xFF,0xFF,0xFF,0xFF,0xFF,0xFF,0xFF,0xFD,0xFD,
    0xFD,0xFF,0xE5,0xE5,0xE5,0xFF,0xC7,0xC7,0xC7,0xFF,0x83,0x83,0x83,0xFF,0x2A,
    0x2A,0x2A,0xFF,0x2A,0x2A,0x2A,0xFF,0x2E,0x2E,0x2E,0xFF,0x51,0x51,0x51,0xFF,
    0x58,0x58,0x58,0xFF,0x2B,0x2B,0x2B,0xE9,0x02,0x02,0x02,0x21,0x00,0x00,0x00,
    0x00,0x00,0x00,0x00,0x00,0x00,0x00,0x00,0x00,0x00,0x00,0x00,0x00,0x00,0x00,
    0x00,0x00,0x00,0x00,0x00,0x00,0x02,0x02,0x02,0x1D,0x29,0x29,0x29,0xE5,0x57,
    0x57,0x57,0xFF,0x52,0x52,0x52,0xFF,0x2F,0x2F,0x2F,0xFF,0x2A,0x2A,0x2A,0xFF,
    0x2A,0x2A,0x2A,0xFF,0x83,0x83,0x83,0xFF,0xC7,0xC7,0xC7,0xFF,0xE3,0xE3,0xE3,
    0xFF,0xFD,0xFD,0xFD,0xFF,0xFF,0xFF,0xFF,0xFF,0xFF,0xFF,0xFF,0xFF,0xFF,0xFF,
    0xFF,0xFF,0xFC,0xFC,0xFC,0xFF,0xFE,0xFE,0xFE,0xFF,0xFF,0xFF,0xFF,0xFF,0xFF,
    0xFF,0xFF,0xFF,0xFF,0xFF,0xFF,0xFF,0xFF,0xFF,0xFF,0xFF,0xF0,0xF6,0xF6,0xFF,
    0xBF,0xDF,0xDF,0xFF,0x72,0xC5,0xC5,0xFF,0x0E,0xB8,0xB8,0xFF,0x26,0xB4,0xAE,
    0xFF,0x5A,0xA7,0x87,0xFF,0x5A,0xA8,0x88,0xFF,0x5A,0xA8,0x88,0xFF,0x5A,0xA8,
    0x88,0xFF,0x5A,0xA8,0x88,0xFF,0x5A,0xA8,0x88,0xFF,0x5A,0xA8,0x88,0xFF,0x5A,
    0xA8,0x88,0xFF,0x5A,0xA8,0x88,0xFF,0x5A,0xA8,0x88,0xFF,0x5A,0xA8,0x88,0xFE,
    0x5A,0xA7,0x87,0x83,0x59,0xA5,0x86,0x01,0x00,0x00,0x00,0x00,0x00,0x00,0x00,
    0x00,0x00,0x00,0x00,0x00,0x00,0x00,0x00,0x00,0x00,0x00,0x00,0x00,0x00,0x00,
    0x00,0x00,0x00,0x00,0x00,0x00,0x00,0x00,0x00,0x00,0x00,0x00,0x00,0x00,0x00,
    0x00,0x00,0x00,0x00,0x00,0x00,0x00,0x00,0x00,0x00,0x00,0x00,0x00,0x00,0x00,
    0x00,0x00,0x00,0x00,0x5A,0xA7,0x87,0x40,0x5A,0xA8,0x88,0xF2,0x5A,0xA8,0x88,
    0xFF,0x5A,0xA8,0x88,0xFF,0x5A,0xA8,0x88,0xFF,0x5A,0xA8,0x88,0xFF,0x5A,0xA8,
    0x88,0xFF,0x5A,0xA8,0x88,0xFF,0x5A,0xA8,0x88,0xFF,0x5A,0xA8,0x88,0xFF,0x5A,
    0xA8,0x88,0xFF,0x5A,0xA8,0x88,0xFF,0x58,0xA8,0x8A,0xFF,0x26,0xB4,0xB0,0xFF,
    0x00,0xB8,0xB8,0xFF,0x00,0xB8,0xB8,0xFF,0x24,0xB9,0xB9,0xFF,0x6F,0xC4,0xC4,
    0xFF,0xC4,0xE1,0xE1,0xFF,0xF8,0xFB,0xFB,0xFF,0xFF,0xFF,0xFF,0xFF,0xFF,0xFF,
    0xFF,0xFF,0xFF,0xFF,0xFF,0xFF,0xFB,0xFB,0xFB,0xFF,0xFF,0xFF,0xFF,0xFF,0xFF,
    0xFF,0xFF,0xFF,0xFF,0xFF,0xFF,0xFF,0xFF,0xFF,0xFF,0xFF,0xFC,0xFC,0xFC,0xFF,
    0xE0,0xE0,0xE0,0xFF,0x9D,0x9D,0x9D,0xFF,0x36,0x36,0x36,0xFF,0x2A,0x2A,0x2A,
    0xFF,0x2A,0x2A,0x2A,0xFF,0x37,0x37,0x37,0xFF,0x5A,0x5A,0x5A,0xFF,0x4C,0x4C,
    0x4C,0xFF,0x17,0x17,0x17,0xBB,0x05,0x05,0x05,0x05,0x00,0x00,0x00,0x00,0x00,
    0x00,0x00,0x00,0x00,0x00,0x00,0x00,0x00,0x00,0x00,0x00,0x06,0x06,0x06,0x04,
    0x15,0x15,0x15,0xB4,0x4A,0x4A,0x4A,0xFF,0x5B,0x5B,0x5B,0xFF,0x38,0x38,0x38,
    0xFF,0x2A,0x2A,0x2A,0xFF,0x2A,0x2A,0x2A,0xFF,0x36,0x36,0x36,0xFF,0x9D,0x9D,
    0x9D,0xFF,0xDE,0xDE,0xDE,0xFF,0xFC,0xFC,0xFC,0xFF,0xFF,0xFF,0xFF,0xFF,0xFF,
    0xFF,0xFF,0xFF,0xFF,0xFF,0xFF,0xFF,0xFF,0xFF,0xFF,0xFF,0xFB,0xFB,0xFB,0xFF,
    0xFF,0xFF,0xFF,0xFF,0xFF,0xFF,0xFF,0xFF,0xFF,0xFF,0xFF,0xFF,0xFA,0xFC,0xFC,
    0xFF,0xCF,0xE5,0xE5,0xFF,0x79,0xC7,0xC7,0xFF,0x2E,0xBA,0xBA,0xFF,0x00,0xB8,
    0xB8,0xFF,0x00,0xB8,0xB8,0xFF,0x28,0xB4,0xAF,0xFF,0x59,0xA7,0x88,0xFF,0x5A,
    0xA8,0x88,0xFF,0x5A,0xA8,0x88,0xFF,0x5A,0xA8,0x88,0xFF,0x5A,0xA8,0x88,0xFF,
    0x5A,0xA8,0x88,0xFF,0x5A,0xA8,0x88,0xFF,0x5A,0xA8,0x88,0xFF,0x5A,0xA8,0x88,
    0xFF,0x5A,0xA8,0x88,0xFF,0x5A,0xA8,0x88,0xFF,0x5A,0xA8,0x88,0xEB,0x5A,0xA7,
    0x87,0x31,0x00,0x00,0x00,0x00,0x00,0x00,0x00,0x00,0x00,0x00,0x00,0x00,0x00,
    0x00,0x00,0x00,0x00,0x00,0x00,0x00,0x00,0x00,0x00,0x00,0x00,0x00,0x00,0x00,
    0x00,0x00,0x00,0x00,0x00,0x00,0x00,0x00,0x00,0x00,0x00,0x00,0x00,0x00,0x00,
    0x00,0x00,0x00,0x00,0x00,0x00,0x00,0x00,0x00,0x5A,0xA6,0x87,0x0D,0x5A,0xA8,
    0x88,0xCB,0x5A,0xA8,0x88,0xFF,0x5A,0xA8,0x88,0xFF,0x5A,0xA8,0x88,0xFF,0x5A,
    0xA8,0x88,0xFF,0x5A,0xA8,0x88,0xFF,0x5A,0xA8,0x88,0xFF,0x5A,0xA8,0x88,0xFF,
    0x5A,0xA8,0x88,0xFF,0x5A,0xA8,0x88,0xFF,0x5A,0xA8,0x88,0xFF,0x5A,0xA8,0x88,
    0xFF,0x58,0xA7,0x8A,0xFF,0x26,0xB4,0xB0,0xFF,0x00,0xB8,0xB8,0xFF,0x00,0xB8,
    0xB8,0xFF,0x00,0xB8,0xB8,0xFF,0x03,0xB8,0xB8,0xFF,0x21,0xB9,0xB9,0xFF,0x8E,
    0xCC,0xCC,0xFF,0xE2,0xEF,0xEF,0xFF,0xFB,0xFD,0xFD,0xFF,0xFF,0xFF,0xFF,0xFF,
    0xFB,0xFB,0xFB,0xFF,0xFF,0xFF,0xFF,0xFF,0xFF,0xFF,0xFF,0xFF,0xFF,0xFF,0xFF,
    0xFF,0xFF,0xFF,0xFF,0xFF,0xFF,0xFF,0xFF,0xFF,0xFA,0xFA,0xFA,0xFF,0xC6,0xC6,
    0xC6,0xFF,0x50,0x50,0x50,0xFF,0x2A,0x2A,0x2A,0xFF,0x2A,0x2A,0x2A,0xFF,0x2B,
    0x2B,0x2B,0xFF,0x46,0x46,0x46,0xFF,0x5C,0x5C,0x5C,0xFF,0x38,0x38,0x38,0xFC,
    0x06,0x06,0x06,0x68,0x00,0x00,0x00,0x00,0x00,0x00,0x00,0x00,0x00,0x00,0x00,
    0x00,0x00,0x00,0x00,0x00,0x05,0x05,0x05,0x60,0x36,0x36,0x36,0xFB,0x5C,0x5C,
    0x5C,0xFF,0x47,0x47,0x47,0xFF,0x2B,0x2B,0x2B,0xFF,0x2A,0x2A,0x2A,0xFF,0x2A,
    0x2A,0x2A,0xFF,0x50,0x50,0x50,0xFF,0xC4,0xC4,0xC4,0xFF,0xF9,0xF9,0xF9,0xFF,
    0xFF,0xFF,0xFF,0xFF,0xFF,0xFF,0xFF,0xFF,0xFF,0xFF,0xFF,0xFF,0xFF,0xFF,0xFF,
    0xFF,0xFF,0xFF,0xFF,0xFF,0xFB,0xFB,0xFB,0xFF,0xFF,0xFF,0xFF,0xFF,0xFC,0xFD,
    0xFD,0xFF,0xE7,0xF2,0xF2,0xFF,0x9C,0xD1,0xD1,0xFF,0x2D,0xBA,0xBA,0xFF,0x04,
    0xB8,0xB8,0xFF,0x00,0xB8,0xB8,0xFF,0x00,0xB8,0xB8,0xFF,0x00,0xB8,0xB8,0xFF,
    0x27,0xB4,0xAF,0xFF,0x58,0xA7,0x89,0xFF,0x5A,0xA8,0x88,0xFF,0x5A,0xA8,0x88,
    0xFF,0x5A,0xA8,0x88,0xFF,0x5A,0xA8,0x88,0xFF,0x5A,0xA8,0x88,0xFF,0x5A,0xA8,
    0x88,0xFF,0x5A,0xA8,0x88,0xFF,0x5A,0xA8,0x88,0xFF,0x5A,0xA8,0x88,0xFF,0x5A,
    0xA8,0x88,0xFF,0x5A,0xA8,0x88,0xFF,0x5A,0xA7,0x88,0xB7,0x5A,0xA6,0x87,0x08,
    0x00,0x00,0x00,0x00,0x00,0x00,0x00,0x00,0x00,0x00,0x00,0x00,0x00,0x00,0x00,
    0x00,0x00,0x00,0x00,0x00,0x00,0x00,0x00,0x00,0x00,0x00,0x00,0x00,0x00,0x00,
    0x00,0x00,0x00,0x00,0x00,0x00,0x00,0x00,0x00,0x00,0x00,0x00,0x00,0x00,0x5A,
    0xA5,0x86,0x01,0x5A,0xA7,0x87,0x85,0x5A,0xA8,0x88,0xFF,0x5A,0xA8,0x88,0xFF,
    0x5A,0xA8,0x88,0xFF,0x5A,0xA8,0x88,0xFF,0x5A,0xA8,0x88,0xFF,0x5A,0xA8,0x88,
    0xFF,0x5A,0xA8,0x88,0xFF,0x5A,0xA8,0x88,0xFF,0x5A,0xA8,0x88,0xFF,0x5A,0xA8,
    0x88,0xFF,0x5A,0xA8,0x88,0xFF,0x5A,0xA8,0x88,0xFF,0x58,0xA8,0x8A,0xFF,0x26,
    0xB4,0xB0,0xFF,0x00,0xB8,0xB8,0xFF,0x00,0xB8,0xB8,0xFF,0x00,0xB8,0xB8,0xFF,
    0x00,0xB8,0xB8,0xFF,0x00,0xB8,0xB8,0xFF,0x00,0xB8,0xB8,0xFF,0x54,0xBE,0xBE,
    0xFF,0xB9,0xDC,0xDC,0xFF,0xF3,0xF8,0xF8,0xFF,0xFB,0xFB,0xFB,0xFF,0xFF,0xFF,
    0xFF,0xFF,0xFF,0xFF,0xFF,0xFF,0xFF,0xFF,0xFF,0xFF,0xFF,0xFF,0xFF,0xFF,0xFF,
    0xFF,0xFF,0xFF,0xFF,0xFF,0xFF,0xFF,0xF1,0xF1,0xF1,0xFF,0x7D,0x7D,0x7D,0xFF,
    0x2B,0x2B,0x2B,0xFF,0x2A,0x2A,0x2A,0xFF,0x2A,0x2A,0x2A,0xFF,0x31,0x3B,0x3B,
    0xFF,0x54,0x67,0x67,0xFF,0x58,0x59,0x59,0xFF,0x26,0x26,0x26,0xE2,0x02,0x02,
    0x02,0x24,0x00,0x00,0x00,0x00,0x00,0x00,0x00,0x00,0x03,0x03,0x03,0x21,0x24,
    0x24,0x24,0xDF,0x57,0x58,0x58,0xFF,0x55,0x63,0x63,0xFF,0x32,0x3A,0x3A,0xFF,
    0x2A,0x2A,0x2A,0xFF,0x2A,0x2A,0x2A,0xFF,0x2B,0x2B,0x2B,0xFF,0x7C,0x7C,0x7C,
    0xFF,0xF0,0xF0,0xF0,0xFF,0xFF,0xFF,0xFF,0xFF,0xFF,0xFF,0xFF,0xFF,0xFF,0xFF,
    0xFF,0xFF,0xFF,0xFF,0xFF,0xFF,0xFF,0xFF,0xFF,0xFF,0xFF,0xFF,0xFF,0xFF,0xFB,
    0xFB,0xFB,0xFF,0xF6,0xFA,0xFA,0xFF,0xC1,0xE0,0xE0,0xFF,0x61,0xC1,0xC1,0xFF,
    0x00,0xB8,0xB8,0xFF,0x00,0xB8,0xB8,0xFF,0x00,0xB8,0xB8,0xFF,0x00,0xB8,0xB8,
    0xFF,0x00,0xB8,0xB8,0xFF,0x00,0xB8,0xB8,0xFF,0x27,0xB4,0xAF,0xFF,0x59,0xA7,
    0x88,0xFF,0x5A,0xA8,0x88,0xFF,0x5A,0xA8,0x88,0xFF,0x5A,0xA8,0x88,0xFF,0x5A,
    0xA8,0x88,0xFF,0x5A,0xA8,0x88,0xFF,0x5A,0xA8,0x88,0xFF,0x5A,0xA8,0x88,0xFF,
    0x5A,0xA8,0x88,0xFF,0x5A,0xA8,0x88,0xFF,0x5A,0xA8,0x88,0xFF,0x5A,0xA8,0x88,
    0xFF,0x5A,0xA8,0x88,0xFF,0x5A,0xA7,0x87,0x6C,0x00,0x00,0x00,0x00,0x00,0x00,
    0x00,0x00,0x00,0x00,0x00,0x00,0x00,0x00,0x00,0x00,0x00,0x00,0x00,0x00,0x00,
    0x00,0x00,0x00,0x00,0x00,0x00,0x00,0x00,0x00,0x00,0x00,0x00,0x00,0x00,0x00,
    0x00,0x00,0x00,0x00,0x00,0x00,0x00,0x00,0x56,0x9B,0x7E,0x2E,0x58,0xA3,0x84,
    0xEB,0x59,0xA6,0x86,0xFE,0x59,0xA7,0x87,0xFF,0x5A,0xA7,0x88,0xFF,0x5A,0xA8,
    0x88,0xFF,0x5A,0xA8,0x88,0xFF,0x5A,0xA8,0x88,0xFF,0x5A,0xA8,0x88,0xFF,0x5A,
    0xA8,0x88,0xFF,0x5A,0xA8,0x88,0xFF,0x5A,0xA8,0x88,0xFF,0x5A,0xA8,0x88,0xFF,
    0x5A,0xA8,0x88,0xFF,0x58,0xA7,0x89,0xFF,0x27,0xB4,0xAF,0xFF,0x00,0xB8,0xB8,
    0xFF,0x00,0xB8,0xB8,0xFF,0x00,0xB8,0xB8,0xFF,0x00,0xB8,0xB8,0xFF,0x00,0xB8,
    0xB8,0xFF,0x00,0xB8,0xB8,0xFF,0x00,0xB8,0xB8,0xFF,0x2D,0xBA,0xBA,0xFF,0x84,
    0xC9,0xC9,0xFF,0xDF,0xEC,0xEC,0xFF,0xFD,0xFD,0xFD,0xFF,0xFF,0xFF,0xFF,0xFF,
    0xFF,0xFF,0xFF,0xFF,0xFF,0xFF,0xFF,0xFF,0xFF,0xFF,0xFF,0xFF,0xFF,0xFF,0xFF,
    0xFF,0xFF,0xFF,0xFF,0xFF,0xB8,0xB8,0xB8,0xFF,0x32,0x32,0x32,0xFF,0x2A,0x2A,
    0x2A,0xFF,0x2A,0x2A,0x2A,0xFF,0x2B,0x38,0x38,0xFF,0x42,0x96,0x96,0xFF,0x5C,
    0x7A,0x7A,0xFF,0x4E,0x4E,0x4E,0xFF,0x13,0x13,0x13,0xAB,0x0C,0x0C,0x0C,0x05,
    0x0A,0x0A,0x0A,0x05,0x11,0x11,0x11,0xA3,0x4C,0x4C,0x4C,0xFF,0x5C,0x77,0x77,
    0xFF,0x43,0x91,0x91,0xFF,0x2B,0x36,0x36,0xFF,0x2A,0x2A,0x2A,0xFF,0x2A,0x2A,
    0x2A,0xFF,0x31,0x31,0x31,0xFF,0xB8,0xB8,0xB8,0xFF,0xFF,0xFF,0xFF,0xFF,0xFF,
    0xFF,0xFF,0xFF,0xFF,0xFF,0xFF,0xFF,0xFF,0xFF,0xFF,0xFF,0xFF,0xFF,0xFF,0xFF,
    0xFF,0xFF,0xFF,0xFF,0xFD,0xFD,0xFD,0xFF,0xE5,0xEF,0xEF,0xFF,0x8F,0xCD,0xCD,
    0xFF,0x35,0xBB,0xBB,0xFF,0x00,0xB8,0xB8,0xFF,0x00,0xB8,0xB8,0xFF,0x00,0xB8,
    0xB8,0xFF,0x00,0xB8,0xB8,0xFF,0x00,0xB8,0xB8,0xFF,0x00,0xB8,0xB8,0xFF,0x00,
    0xB8,0xB8,0xFF,0x28,0xB4,0xAF,0xFF,0x59,0xA6,0x87,0xFF,0x5A,0xA8,0x88,0xFF,
    0x5A,0xA8,0x88,0xFF,0x5A,0xA8,0x88,0xFF,0x5A,0xA8,0x88,0xFF,0x5A,0xA8,0x88,
    0xFF,0x5A,0xA8,0x88,0xFF,0x5A,0xA8,0x88,0xFF,0x5A,0xA8,0x88,0xFF,0x5A,0xA8,
    0x88,0xFF,0x5A,0xA8,0x88,0xFF,0x5A,0xA7,0x87,0xFF,0x59,0xA6,0x87,0xFD,0x59,
    0xA6,0x86,0xE4,0x58,0xA1,0x83,0x20,0x00,0x00,0x00,0x00,0x00,0x00,0x00,0x00,
    0x00,0x00,0x00,0x00,0x00,0x00,0x00,0x00,0x00,0x00,0x00,0x00,0x00,0x00,0x00,
    0x00,0x00,0x00,0x00,0x00,0x00,0x00,0x00,0x00,0x00,0x00,0x00,0x00,0x00,0x00,
    0x00,0x00,0x46,0x6E,0x5C,0x01,0x3B,0x56,0x4A,0x22,0x3E,0x63,0x53,0x7A,0x43,
    0x72,0x5E,0xC4,0x49,0x82,0x6A,0xEF,0x50,0x92,0x77,0xFF,0x54,0x9C,0x7E,0xFF,
    0x57,0xA1,0x82,0xFF,0x59,0xA5,0x86,0xFF,0x5A,0xA8,0x88,0xFF,0x5A,0xA8,0x88,
    0xFF,0x5A,0xA8,0x88,0xFF,0x5A,0xA8,0x88,0xFF,0x5A,0xA8,0x88,0xFF,0x59,0xA7,
    0x87,0xFF,0x29,0xB4,0xAE,0xFF,0x00,0xB8,0xB8,0xFF,0x00,0xB8,0xB8,0xFF,0x00,
    0xB8,0xB8,0xFF,0x00,0xB8,0xB8,0xFF,0x00,0xB8,0xB8,0xFF,0x00,0xB8,0xB8,0xFF,
    0x00,0xB8,0xB8,0xFF,0x00,0xB8,0xB8,0xFF,0x09,0xB8,0xB8,0xFF,0x57,0xBF,0xC0,
    0xFF,0xCA,0xE4,0xE7,0xFF,0xF9,0xFC,0xFC,0xFF,0xFF,0xFF,0xFF,0xFF,0xFF,0xFF,
    0xFF,0xFF,0xFF,0xFF,0xFF,0xFF,0xFF,0xFF,0xFF,0xFF,0xFF,0xFF,0xFF,0xFF,0xE6,
    0xE6,0xE6,0xFF,0x4B,0x4B,0x4B,0xFF,0x2A,0x2A,0x2A,0xFF,0x2A,0x2A,0x2A,0xFF,
    0x2A,0x2A,0x2A,0xFF,0x33,0xA0,0xA0,0xFF,0x52,0xB1,0xB1,0xFF,0x5C,0x60,0x60,
    0xFF,0x3B,0x3A,0x3A,0xFF,0x0E,0x0E,0x0E,0x5C,0x0D,0x0D,0x0D,0x55,0x39,0x39,
    0x39,0xFF,0x5C,0x5F,0x5F,0xFF,0x52,0xAD,0xAD,0xFF,0x33,0x9F,0x9F,0xFF,0x2A,
    0x2A,0x2A,0xFF,0x2A,0x2A,0x2A,0xFF,0x2A,0x2A,0x2A,0xFF,0x4B,0x4B,0x4B,0xFF,
    0xE6,0xE6,0xE6,0xFF,0xFF,0xFF,0xFF,0xFF,0xFF,0xFF,0xFF,0xFF,0xFF,0xFF,0xFF,
    0xFF,0xFF,0xFF,0xFF,0xFF,0xFF,0xFF,0xFF,0xFF,0xFA,0xFD,0xFD,0xFF,0xD2,0xE8,
    0xEA,0xFF,0x62,0xC1,0xC1,0xFF,0x0D,0xB8,0xB8,0xFF,0x00,0xB8,0xB8,0xFF,0x00,
    0xB8,0xB8,0xFF,0x00,0xB8,0xB8,0xFF,0x00,0xB8,0xB8,0xFF,0x00,0xB8,0xB8,0xFF,
    0x00,0xB8,0xB8,0xFF,0x00,0xB8,0xB8,0xFF,0x00,0xB8,0xB8,0xFF,0x2B,0xB3,0xAD,
    0xFF,0x5A,0xA7,0x88,0xFF,0x5A,0xA8,0x88,0xFF,0x5A,0xA8,0x88,0xFF,0x5A,0xA8,
    0x88,0xFF,0x5A,0xA8,0x88,0xFF,0x5A,0xA8,0x88,0xFF,0x59,0xA7,0x87,0xFF,0x58,
    0xA3,0x84,0xFF,0x55,0x9E,0x80,0xFF,0x53,0x97,0x7B,0xFF,0x4D,0x8B,0x71,0xEC,
    0x48,0x7E,0x67,0xBE,0x44,0x74,0x60,0x71,0x43,0x6E,0x5C,0x1C,0x49,0x7A,0x65,
    0x01,0x00,0x00,0x00,0x00,0x00,0x00,0x00,0x00,0x00,0x00,0x00,0x00,0x00,0x00,
    0x00,0x00,0x00,0x00,0x00,0x00,0x00,0x00,0x00,0x00,0x00,0x00,0x00,0x00,0x00,
    0x00,0x00,0x00,0x00,0x00,0x00,0x00,0x00,0x00,0x00,0x00,0x00,0x00,0x00,0x00,
    0x00,0x00,0x00,0x00,0x00,0x00,0x00,0x00,0x2D,0x1E,0x26,0x09,0x2C,0x27,0x2A,
    0x2F,0x2D,0x31,0x2F,0x77,0x34,0x49,0x3F,0xD8,0x3A,0x5E,0x4E,0xFF,0x43,0x73,
    0x5F,0xFF,0x4B,0x86,0x6D,0xFF,0x52,0x96,0x7A,0xFF,0x58,0xA3,0x84,0xFF,0x5A,
    0xA8,0x88,0xFF,0x5A,0xA8,0x88,0xFF,0x5A,0xA8,0x88,0xFF,0x2E,0xB2,0xAB,0xFF,
    0x01,0xB8,0xB8,0xFF,0x00,0xB8,0xB8,0xFF,0x00,0xB8,0xB8,0xFF,0x00,0xB8,0xB8,
    0xFF,0x00,0xB8,0xB8,0xFF,0x00,0xB8,0xB8,0xFF,0x00,0xB8,0xB8,0xFF,0x00,0xB8,
    0xB8,0xFF,0x00,0xB8,0xB8,0xFF,0x04,0xB8,0xB9,0xFF,0x48,0xC2,0xC9,0xFF,0xAF,
    0xDD,0xE3,0xFF,0xF2,0xF8,0xF9,0xFF,0xFF,0xFF,0xFF,0xFF,0xFF,0xFF,0xFF,0xFF,
    0xFF,0xFF,0xFF,0xFF,0xFF,0xFF,0xFF,0xFF,0xFB,0xFB,0xFB,0xFF,0x8E,0x8E,0x8E,
    0xFF,0x25,0x25,0x25,0xFF,0x2A,0x2A,0x2A,0xFF,0x2A,0x28,0x28,0xFF,0x2E,0x74,
    0x74,0xFF,0x3F,0xE3,0xE3,0xFF,0x59,0x94,0x94,0xFF,0x56,0x53,0x53,0xFF,0x23,
    0x23,0x23,0xF5,0x22,0x22,0x22,0xF3,0x55,0x53,0x53,0xFF,0x5A,0x90,0x90,0xFF,
    0x40,0xE2,0xE2,0xFF,0x2E,0x73,0x73,0xFF,0x2A,0x28,0x28,0xFF,0x2A,0x2A,0x2A,
    0xFF,0x25,0x25,0x25,0xFF,0x8D,0x8D,0x8D,0xFF,0xFB,0xFB,0xFB,0xFF,0xFF,0xFF,
    0xFF,0xFF,0xFF,0xFF,0xFF,0xFF,0xFF,0xFF,0xFF,0xFF,0xFF,0xFF,0xFF,0xFF,0xF5,
    0xFA,0xFA,0xFF,0xB7,0xE0,0xE5,0xFF,0x52,0xC3,0xCA,0xFF,0x03,0xB8,0xB9,0xFF,
    0x00,0xB8,0xB8,0xFF,0x00,0xB8,0xB8,0xFF,0x00,0xB8,0xB8,0xFF,0x00,0xB8,0xB8,
    0xFF,0x00,0xB8,0xB8,0xFF,0x00,0xB8,0xB8,0xFF,0x00,0xB8,0xB8,0xFF,0x00,0xB8,
    0xB8,0xFF,0x01,0xB8,0xB8,0xFF,0x30,0xB1,0xAA,0xFF,0x5A,0xA8,0x88,0xFF,0x5A,
    0xA8,0x88,0xFF,0x5A,0xA8,0x88,0xFF,0x59,0xA5,0x86,0xFF,0x54,0x9B,0x7E,0xFF,
    0x4E,0x8C,0x72,0xFF,0x46,0x7A,0x64,0xFF,0x3E,0x66,0x55,0xFF,0x37,0x54,0x47,
    0xCF,0x2F,0x3B,0x36,0x71,0x2A,0x28,0x29,0x2B,0x28,0x11,0x1E,0x07,0x00,0x00,
    0x00,0x00,0x00,0x00,0x00,0x00,0x00,0x00,0x00,0x00,0x00,0x00,0x00,0x00,0x00,
    0x00,0x00,0x00,0x00,0x00,0x00,0x00,0x00,0x00,0x00,0x00,0x00,0x00,0x00,0x00,
    0x00,0x00,0x00,0x00,0x00,0x00,0x00,0x00,0x00,0x00,0x00,0x00,0x00,0x00,0x00,
    0x00,0x00,0x00,0x00,0x00,0x00,0x00,0x00,0x00,0x00,0x00,0x00,0x00,0x00,0x00,
    0x00,0x00,0x00,0x00,0x00,0x00,0x00,0x00,0x00,0x00,0x2F,0x2E,0x2F,0x01,0x2E,
    0x2C,0x2D,0x0A,0x2E,0x2D,0x2D,0x3E,0x2C,0x2D,0x2C,0xB0,0x2D,0x36,0x32,0xF3,
    0x32,0x45,0x3C,0xFD,0x38,0x57,0x4A,0xFF,0x44,0x76,0x61,0xFF,0x51,0x93,0x77,
    0xFF,0x58,0xA3,0x84,0xFF,0x35,0xB0,0xA8,0xFF,0x04,0xB8,0xB8,0xFF,0x00,0xB8,
    0xB8,0xFF,0x00,0xB8,0xB8,0xFF,0x00,0xB8,0xB8,0xFF,0x00,0xB8,0xB8,0xFF,0x00,
    0xB8,0xB8,0xFF,0x00,0xB8,0xB8,0xFF,0x00,0xB8,0xB8,0xFF,0x00,0xB8,0xB8,0xFF,
    0x03,0xB8,0xB8,0xFF,0x26,0xBD,0xC4,0xFF,0x40,0xC6,0xD0,0xFF,0x90,0xD4,0xDB,
    0xFF,0xE9,0xF4,0xF5,0xFF,0xFF,0xFF,0xFF,0xFF,0xFF,0xFF,0xFF,0xFF,0xFF,0xFF,
    0xFF,0xFF,0xFE,0xFE,0xFE,0xFF,0xCE,0xCE,0xCE,0xFF,0x2B,0x2B,0x2B,0xFF,0x2B,
    0x2B,0x2B,0xFF,0x2A,0x2A,0x2A,0xFF,0x2B,0x36,0x36,0xFF,0x38,0xD9,0xD9,0xFF,
    0x49,0xDD,0xDD,0xFF,0x5D,0x6F,0x6F,0xFF,0x4A,0x4A,0x4A,0xFF,0x49,0x49,0x49,
    0xFF,0x5D,0x6D,0x6D,0xFF,0x4A,0xDB,0xDB,0xFF,0x38,0xD9,0xD9,0xFF,0x2B,0x36,
    0x36,0xFF,0x2A,0x2A,0x2A,0xFF,0x2B,0x2B,0x2B,0xFF,0x2B,0x2B,0x2B,0xFF,0xCE,
    0xCE,0xCE,0xFF,0xFE,0xFE,0xFE,0xFF,0xFF,0xFF,0xFF,0xFF,0xFF,0xFF,0xFF,0xFF,
    0xFF,0xFF,0xFF,0xFF,0xED,0xF6,0xF7,0xFF,0x98,0xD6,0xDD,0xFF,0x45,0xC6,0xD1,
    0xFF,0x25,0xBD,0xC3,0xFF,0x03,0xB8,0xB8,0xFF,0x00,0xB8,0xB8,0xFF,0x00,0xB8,
    0xB8,0xFF,0x00,0xB8,0xB8,0xFF,0x00,0xB8,0xB8,0xFF,0x00,0xB8,0xB8,0xFF,0x00,
    0xB8,0xB8,0xFF,0x00,0xB8,0xB8,0xFF,0x00,0xB8,0xB8,0xFF,0x03,0xB8,0xB8,0xFF,
    0x37,0xB0,0xA6,0xFF,0x59,0xA5,0x86,0xFF,0x54,0x99,0x7C,0xFF,0x48,0x7F,0x68,
    0xFF,0x3B,0x5F,0x4F,0xFF,0x33,0x4B,0x40,0xFD,0x2F,0x3B,0x35,0xF1,0x2B,0x2E,
    0x2D,0xA7,0x2B,0x2A,0x2A,0x34,0x2A,0x27,0x28,0x08,0x2B,0x28,0x29,0x01,0x00,
    0x00,0x00,0x00,0x00,0x00,0x00,0x00,0x00,0x00,0x00,0x00,0x00,0x00,0x00,0x00,
    0x00,0x00,0x00,0x00,0x00,0x00,0x00,0x00,0x00,0x00,0x00,0x00,0x00,0x00,0x00,
    0x00,0x00,0x00,0x00,0x00,0x00,0x00,0x00,0x00,0x00,0x00,0x00,0x00,0x00,0x00,
    0x00,0x00,0x00,0x00,0x00,0x00,0x00,0x00,0x00,0x00,0x00,0x00,0x00,0x00,0x00,
    0x00,0x00,0x00,0x00,0x00,0x00,0x00,0x00,0x00,0x00,0x00,0x00,0x00,0x00,0x00,
    0x00,0x00,0x00,0x00,0x00,0x00,0x00,0x00,0x00,0x00,0x00,0x00,0x00,0x00,0x00,
    0x00,0x32,0x32,0x32,0x01,0x2F,0x2F,0x2F,0x1E,0x2D,0x2D,0x2D,0x7C,0x2B,0x2B,
    0x2B,0xCA,0x2B,0x2D,0x2C,0xF5,0x2C,0x33,0x30,0xFF,0x35,0x4E,0x42,0xFF,0x6C,
    0x9D,0x99,0xFF,0x64,0xBA,0xBA,0xFF,0x3F,0xB9,0xB9,0xFF,0x14,0xB8,0xB8,0xFF,
    0x00,0xB8,0xB8,0xFF,0x00,0xB8,0xB8,0xFF,0x00,0xB8,0xB8,0xFF,0x00,0xB8,0xB8,
    0xFF,0x00,0xB8,0xB8,0xFF,0x00,0xB8,0xB8,0xFF,0x00,0xB8,0xB8,0xFF,0x1F,0xBB,
    0xBF,0xFF,0x34,0xC4,0xCE,0xFF,0x38,0xC5,0xD0,0xFF,0x7F,0xD0,0xD8,0xFF,0xE2,
    0xF1,0xF3,0xFF,0xFE,0xFE,0xFE,0xFF,0xFF,0xFF,0xFF,0xFF,0xFF,0xFF,0xFF,0xFF,
    0xEE,0xEE,0xEE,0xFF,0x70,0x70,0x70,0xFF,0x2A,0x2A,0x2A,0xFF,0x2B,0x2B,0x2B,
    0xFF,0x2A,0x22,0x22,0xFF,0x33,0xA8,0xA8,0xFF,0x3E,0xF8,0xF8,0xFF,0x53,0xB6,
    0xB6,0xFF,0x5E,0x63,0x63,0xFF,0x5E,0x62,0x62,0xFF,0x54,0xB3,0xB3,0xFF,0x3E,
    0xF7,0xF7,0xFF,0x33,0xA8,0xA8,0xFF,0x2A,0x22,0x22,0xFF,0x2B,0x2B,0x2B,0xFF,
    0x2A,0x2A,0x2A,0xFF,0x6F,0x6F,0x6F,0xFF,0xEE,0xEE,0xEE,0xFF,0xFF,0xFF,0xFF,
    0xFF,0xFF,0xFF,0xFF,0xFF,0xFE,0xFF,0xFF,0xFF,0xE6,0xF3,0xF5,0xFF,0x88,0xD2,
    0xDA,0xFF,0x39,0xC5,0xD0,0xFF,0x34,0xC4,0xCE,0xFF,0x1F,0xBB,0xBF,0xFF,0x00,
    0xB8,0xB8,0xFF,0x00,0xB8,0xB8,0xFF,0x00,0xB8,0xB8,0xFF,0x00,0xB8,0xB8,0xFF,
    0x00,0xB8,0xB8,0xFF,0x00,0xB8,0xB8,0xFF,0x00,0xB8,0xB8,0xFF,0x0C,0xB8,0xB8,
    0xFF,0x36,0xB9,0xB9,0xFF,0x5A,0xBA,0xBA,0xFF,0x61,0x9D,0x98,0xFF,0x39,0x5A,
    0x4B,0xFF,0x2E,0x38,0x33,0xFF,0x2B,0x2E,0x2C,0xF3,0x2A,0x2B,0x2B,0xC5,0x2B,
    0x2B,0x2B,0x72,0x2B,0x2B,0x2B,0x19,0x2C,0x2C,0x2C,0x01,0x00,0x00,0x00,0x00,
    0x00,0x00,0x00,0x00,0x00,0x00,0x00,0x00,0x00,0x00,0x00,0x00,0x00,0x00,0x00,
    0x00,0x00,0x00,0x00,0x00,0x00,0x00,0x00,0x00,0x00,0x00,0x00,0x00,0x00,0x00,
    0x00,0x00,0x00,0x00,0x00,0x00,0x00,0x00,0x00,0x00,0x00,0x00,0x00,0x00,0x00,
    0x00,0x00,0x00,0x00,0x00,0x00,0x00,0x00,0x00,0x00,0x00,0x00,0x00,0x00,0x00,
    0x00,0x00,0x00,0x00,0x00,0x00,0x00,0x00,0x00,0x00,0x00,0x00,0x00,0x00,0x00,
    0x00,0x00,0x00,0x00,0x00,0x00,0x00,0x00,0x00,0x00,0x00,0x00,0x00,0x00,0x00,
    0x00,0x00,0x00,0x00,0x00,0x00,0x00,0x00,0x00,0x00,0x00,0x00,0x00,0x00,0x00,
    0x00,0x00,0x00,0x00,0x00,0x00,0x00,0x30,0x30,0x30,0x0C,0x2D,0x2D,0x2D,0x3D,
    0x2C,0x2C,0x2C,0x96,0x25,0x24,0x24,0xF0,0x90,0x90,0x90,0xFF,0xC5,0xC8,0xC8,
    0xFF,0xB0,0xC4,0xC4,0xFF,0x90,0xBF,0xBF,0xFF,0x60,0xBA,0xBA,0xFF,0x17,0xB8,
    0xB8,0xFF,0x00,0xB8,0xB8,0xFF,0x00,0xB8,0xB8,0xFF,0x00,0xB8,0xB8,0xFF,0x00,
    0xB8,0xB8,0xFF,0x00,0xB8,0xB8,0xFF,0x13,0xB9,0xBA,0xFF,0x32,0xC3,0xCC,0xFF,
    0x35,0xC5,0xD0,0xFF,0x31,0xC5,0xD0,0xFF,0x70,0xCC,0xD5,0xFF,0xD6,0xEC,0xEF,
    0xFF,0xFE,0xFE,0xFE,0xFF,0xFF,0xFF,0xFF,0xFF,0xFB,0xFB,0xFB,0xFF,0xAE,0xAE,
    0xAE,0xFF,0x30,0x30,0x30,0xFF,0x2B,0x2B,0x2B,0xFF,0x2B,0x28,0x28,0xFF,0x2D,
    0x60,0x60,0xFF,0x3B,0xF1,0xF1,0xFF,0x44,0xEC,0xEC,0xFF,0x5B,0x87,0x87,0xFF,
    0x5B,0x85,0x85,0xFF,0x45,0xEA,0xEA,0xFF,0x3B,0xF2,0xF2,0xFF,0x2D,0x60,0x60,
    0xFF,0x2B,0x28,0x28,0xFF,0x2B,0x2B,0x2B,0xFF,0x2F,0x2F,0x2F,0xFF,0xAD,0xAD,
    0xAD,0xFF,0xFA,0xFA,0xFA,0xFF,0xFF,0xFF,0xFF,0xFF,0xFF,0xFF,0xFF,0xFF,0xDB,
    0xEE,0xF0,0xFF,0x79,0xCE,0xD7,0xFF,0x31,0xC5,0xD0,0xFF,0x35,0xC5,0xD0,0xFF,
    0x31,0xC3,0xCC,0xFF,0x13,0xB9,0xBA,0xFF,0x00,0xB8,0xB8,0xFF,0x00,0xB8,0xB8,
    0xFF,0x00,0xB8,0xB8,0xFF,0x00,0xB8,0xB8,0xFF,0x00,0xB8,0xB8,0xFF,0x01,0xB8,
    0xB8,0xFF,0x53,0xB9,0xB9,0xFF,0x88,0xBE,0xBE,0xFF,0xA9,0xC3,0xC3,0xFF,0xC1,
    0xC7,0xC7,0xFF,0x8D,0x8D,0x8D,0xFF,0x24,0x22,0x23,0xEA,0x2A,0x2A,0x2A,0x8D,
    0x2B,0x2B,0x2B,0x37,0x2B,0x2B,0x2B,0x09,0x00,0x00,0x00,0x00,0x00,0x00,0x00,
    0x00,0x00,0x00,0x00,0x00,0x00,0x00,0x00,0x00,0x00,0x00,0x00,0x00,0x00,0x00,
    0x00,0x00,0x00,0x00,0x00,0x00,0x00,0x00,0x00,0x00,0x00,0x00,0x00,0x00,0x00,
    0x00,0x00,0x00,0x00,0x00,0x00,0x00,0x00,0x00,0x00,0x00,0x00,0x00,0x00,0x00,
    0x00,0x00,0x00,0x00,0x00,0x00,0x00,0x00,0x00,0x00,0x00,0x00,0x00,0x00,0x00,
    0x00,0x00,0x00,0x00,0x00,0x00,0x00,0x00,0x00,0x00,0x00,0x00,0x00,0x00,0x00,
    0x00,0x00,0x00,0x00,0x00,0x00,0x00,0x00,0x00,0x00,0x00,0x00,0x00,0x00,0x00,
    0x00,0x00,0x00,0x00,0x00,0x00,0x00,0x00,0x00,0x00,0x00,0x00,0x00,0x00,0x00,
    0x00,0x00,0x00,0x00,0x00,0x00,0x00,0x00,0x00,0x00,0x00,0x00,0x00,0x00,0x00,
    0x00,0x00,0x00,0x00,0x00,0x00,0x00,0x00,0x00,0x2F,0x2F,0x2F,0x03,0x20,0x20,
    0x20,0x16,0x8C,0x8C,0x8C,0x73,0xC8,0xC8,0xC8,0xE6,0xCB,0xCB,0xCB,0xFC,0xC9,
    0xCA,0xCA,0xFF,0xBF,0xC8,0xC8,0xFF,0xA7,0xC3,0xC3,0xFF,0x6F,0xBB,0xBB,0xFF,
    0x27,0xB8,0xB8,0xFF,0x06,0xB8,0xB8,0xFF,0x00,0xB8,0xB8,0xFF,0x00,0xB8,0xB8,
    0xFF,0x03,0xB8,0xB8,0xFF,0x2E,0xBF,0xC7,0xFF,0x35,0xC5,0xD0,0xFF,0x35,0xC5,
    0xD0,0xFF,0x35,0xC5,0xD0,0xFF,0x66,0xCB,0xD4,0xFF,0xD1,0xEA,0xED,0xFF,0xFD,
    0xFE,0xFE,0xFF,0xFF,0xFF,0xFF,0xFF,0xDB,0xDB,0xDB,0xFF,0x59,0x59,0x59,0xFF,
    0x2A,0x2A,0x2A,0xFF,0x2B,0x2B,0x2B,0xFF,0x2B,0x36,0x36,0xFF,0x36,0xC6,0xC6,
    0xFF,0x3C,0xFF,0xFF,0xFF,0x4C,0xD2,0xD2,0xFF,0x4D,0xCF,0xCF,0xFF,0x3C,0xFF,
    0xFF,0xFF,0x36,0xC7,0xC7,0xFF,0x2B,0x36,0x36,0xFF,0x2B,0x2B,0x2B,0xFF,0x2A,
    0x2A,0x2A,0xFF,0x58,0x58,0x58,0xFF,0xDA,0xDA,0xDA,0xFF,0xFF,0xFF,0xFF,0xFF,
    0xFD,0xFE,0xFE,0xFF,0xD6,0xEC,0xEF,0xFF,0x6D,0xCC,0xD5,0xFF,0x36,0xC5,0xD0,
    0xFF,0x35,0xC5,0xD0,0xFF,0x35,0xC5,0xD0,0xFF,0x2D,0xBF,0xC8,0xFF,0x03,0xB8,
    0xB8,0xFF,0x00,0xB8,0xB8,0xFF,0x00,0xB8,0xB8,0xFF,0x04,0xB8,0xB8,0xFF,0x1F,
    0xB8,0xB8,0xFF,0x60,0xB9,0xB9,0xFF,0x9F,0xC1,0xC1,0xFF,0xBC,0xC7,0xC7,0xFF,
    0xC7,0xCA,0xCA,0xFF,0xCB,0xCB,0xCB,0xFB,0xCA,0xC9,0xC9,0xE1,0x8B,0x8B,0x8B,
    0x67,0x1B,0x1B,0x1B,0x13,0x2B,0x2B,0x2B,0x02,0x00,0x00,0x00,0x00,0x00,0x00,
    0x00,0x00,0x00,0x00,0x00,0x00,0x00,0x00,0x00,0x00,0x00,0x00,0x00,0x00,0x00,
    0x00,0x00,0x00,0x00,0x00,0x00,0x00,0x00,0x00,0x00,0x00,0x00,0x00,0x00,0x00,
    0x00,0x00,0x00,0x00,0x00,0x00,0x00,0x00,0x00,0x00,0x00,0x00,0x00,0x00,0x00,
    0x00,0x00,0x00,0x00,0x00,0x00,0x00,0x00,0x00,0x00,0x00,0x00,0x00,0x00,0x00,
    0x00,0x00,0x00,0x00,0x00,0x00,0x00,0x00,0x00,0x00,0x00,0x00,0x00,0x00,0x00,
    0x00,0x00,0x00,0x00,0x00,0x00,0x00,0x00,0x00,0x00,0x00,0x00,0x00,0x00,0x00,
    0x00,0x00,0x00,0x00,0x00,0x00,0x00,0x00,0x00,0x00,0x00,0x00,0x00,0x00,0x00,
    0x00,0x00,0x00,0x00,0x00,0x00,0x00,0x00,0x00,0x00,0x00,0x00,0x00,0x00,0x00,
    0x00,0x00,0x00,0x00,0x00,0x00,0x00,0x00,0x00,0x00,0x00,0x00,0x00,0x00,0x00,
    0x00,0x00,0x00,0x00,0x00,0x00,0x00,0x00,0x00,0x00,0x00,0x00,0x00,0x00,0x00,
    0xC1,0xC1,0xC1,0x0A,0xC6,0xC6,0xC6,0x57,0xC9,0xC9,0xC9,0xB9,0xCA,0xCA,0xCA,
    0xF0,0xCB,0xCB,0xCB,0xFF,0xC8,0xCA,0xCA,0xFF,0xAF,0xC4,0xC4,0xFF,0x76,0xBC,
    0xBC,0xFF,0x41,0xB9,0xB9,0xFF,0x0B,0xB8,0xB8,0xFF,0x00,0xB8,0xB8,0xFF,0x23,
    0xBB,0xC0,0xFF,0x35,0xC5,0xD0,0xFF,0x35,0xC5,0xD0,0xFF,0x35,0xC5,0xD0,0xFF,
    0x35,0xC5,0xD0,0xFF,0x5E,0xC9,0xD3,0xFF,0xD3,0xEB,0xEE,0xFF,0xFD,0xFE,0xFE,
    0xFF,0xF9,0xF9,0xF9,0xFF,0x8E,0x8E,0x8E,0xFF,0x2C,0x2C,0x2C,0xFF,0x2B,0x2B,
    0x2B,0xFF,0x2B,0x2D,0x2D,0xFF,0x2F,0x86,0x86,0xFF,0x3B,0xF8,0xF8,0xFF,0x3D,
    0xFE,0xFE,0xFF,0x3D,0xFD,0xFD,0xFF,0x3B,0xF8,0xF8,0xFF,0x2F,0x87,0x87,0xFF,
    0x2B,0x2D,0x2D,0xFF,0x2B,0x2B,0x2B,0xFF,0x2C,0x2C,0x2C,0xFF,0x8C,0x8C,0x8C,
    0xFF,0xF9,0xF9,0xF9,0xFF,0xFD,0xFE,0xFE,0xFF,0xD9,0xED,0xF0,0xFF,0x66,0xCB,
    0xD4,0xFF,0x35,0xC5,0xD0,0xFF,0x35,0xC5,0xD0,0xFF,0x35,0xC5,0xD0,0xFF,0x35,
    0xC5,0xD0,0xFF,0x23,0xBB,0xC0,0xFF,0x00,0xB8,0xB8,0xFF,0x04,0xB8,0xB8,0xFF,
    0x38,0xB9,0xB9,0xFF,0x6C,0xBB,0xBB,0xFF,0xA6,0xC2,0xC2,0xFF,0xC6,0xC9,0xC9,
    0xFF,0xCA,0xCB,0xCB,0xFF,0xCB,0xCB,0xCB,0xEC,0xCB,0xCB,0xCB,0xB3,0xCA,0xCA,
    0xCA,0x4E,0xC8,0xC8,0xC8,0x07,0x00,0x00,0x00,0x00,0x00,0x00,0x00,0x00,0x00,
    0x00,0x00,0x00,0x00,0x00,0x00,0x00,0x00,0x00,0x00,0x00,0x00,0x00,0x00,0x00,
    0x00,0x00,0x00,0x00,0x00,0x00,0x00,0x00,0x00,0x00,0x00,0x00,0x00,0x00,0x00,
    0x00,0x00,0x00,0x00,0x00,0x00,0x00,0x00,0x00,0x00,0x00,0x00,0x00,0x00,0x00,
    0x00,0x00,0x00,0x00,0x00,0x00,0x00,0x00,0x00,0x00,0x00,0x00,0x00,0x00,0x00,
    0x00,0x00,0x00,0x00,0x00,0x00,0x00,0x00,0x00,0x00,0x00,0x00,0x00,0x00,0x00,
    0x00,0x00,0x00,0x00,0x00,0x00,0x00,0x00,0x00,0x00,0x00,0x00,0x00,0x00,0x00,
    0x00,0x00,0x00,0x00,0x00,0x00,0x00,0x00,0x00,0x00,0x00,0x00,0x00,0x00,0x00,
    0x00,0x00,0x00,0x00,0x00,0x00,0x00,0x00,0x00,0x00,0x00,0x00,0x00,0x00,0x00,
    0x00,0x00,0x00,0x00,0x00,0x00,0x00,0x00,0x00,0x00,0x00,0x00,0x00,0x00,0x00,
    0x00,0x00,0x00,0x00,0x00,0x00,0x00,0x00,0x00,0x00,0x00,0x00,0x00,0x00,0x00,
    0x00,0x00,0x00,0x00,0x00,0x00,0x00,0x00,0x00,0x00,0x00,0x00,0x00,0x00,0x00,
    0x00,0x00,0xC0,0xC0,0xC0,0x06,0xC6,0xC6,0xC6,0x33,0xC8,0xC8,0xC8,0x8D,0xCA,
    0xCA,0xCA,0xEF,0xCB,0xCB,0xCB,0xFF,0xC8,0xCA,0xCA,0xFF,0xB0,0xC4,0xC4,0xFF,
    0x85,0xBE,0xBE,0xFF,0x3F,0xB8,0xB8,0xFF,0x09,0xB8,0xB9,0xFF,0x33,0xC3,0xCD,
    0xFF,0x35,0xC5,0xD0,0xFF,0x35,0xC5,0xD0,0xFF,0x35,0xC5,0xD0,0xFF,0x32,0xC5,
    0xD0,0xFF,0x5E,0xC9,0xD3,0xFF,0xD1,0xEA,0xED,0xFF,0xFF,0xFF,0xFF,0xFF,0xD3,
    0xD3,0xD3,0xFF,0x3B,0x3B,0x3B,0xFF,0x2A,0x2A,0x2A,0xFF,0x2B,0x2B,0x2B,0xFF,
    0x2D,0x55,0x55,0xFF,0x38,0xD8,0xD8,0xFF,0x3C,0xFF,0xFF,0xFF,0x3C,0xFF,0xFF,
    0xFF,0x38,0xD9,0xD9,0xFF,0x2D,0x56,0x56,0xFF,0x2B,0x2B,0x2B,0xFF,0x2A,0x2A,
    0x2A,0xFF,0x3A,0x3A,0x3A,0xFF,0xD2,0xD2,0xD2,0xFF,0xFF,0xFF,0xFF,0xFF,0xD6,
    0xEC,0xEF,0xFF,0x66,0xCB,0xD4,0xFF,0x32,0xC5,0xD0,0xFF,0x35,0xC5,0xD0,0xFF,
    0x35,0xC5,0xD0,0xFF,0x35,0xC5,0xD0,0xFF,0x33,0xC3,0xCD,0xFF,0x0A,0xB8,0xBA,
    0xFF,0x32,0xB8,0xB8,0xFF,0x7C,0xBD,0xBD,0xFF,0xAA,0xC3,0xC3,0xFF,0xC5,0xC9,
    0xC9,0xFF,0xCC,0xCB,0xCB,0xFF,0xCB,0xCB,0xCB,0xEA,0xCA,0xCA,0xCA,0x84,0xC9,
    0xC9,0xC9,0x2E,0xC8,0xC8,0xC8,0x05,0x00,0x00,0x00,0x00,0x00,0x00,0x00,0x00,
    0x00,0x00,0x00,0x00,0x00,0x00,0x00,0x00,0x00,0x00,0x00,0x00,0x00,0x00,0x00,
    0x00,0x00,0x00,0x00,0x00,0x00,0x00,0x00,0x00,0x00,0x00,0x00,0x00,0x00,0x00,
    0x00,0x00,0x00,0x00,0x00,0x00,0x00,0x00,0x00,0x00,0x00,0x00,0x00,0x00,0x00,
    0x00,0x00,0x00,0x00,0x00,0x00,0x00,0x00,0x00,0x00,0x00,0x00,0x00,0x00,0x00,
    0x00,0x00,0x00,0x00,0x00,0x00,0x00,0x00,0x00,0x00,0x00,0x00,0x00,0x00,0x00,
    0x00,0x00,0x00,0x00,0x00,0x00,0x00,0x00,0x00,0x00,0x00,0x00,0x00,0x00,0x00,
    0x00,0x00,0x00,0x00,0x00,0x00,0x00,0x00,0x00,0x00,0x00,0x00,0x00,0x00,0x00,
    0x00,0x00,0x00,0x00,0x00,0x00,0x00,0x00,0x00,0x00,0x00,0x00,0x00,0x00,0x00,
    0x00,0x00,0x00,0x00,0x00,0x00,0x00,0x00,0x00,0x00,0x00,0x00,0x00,0x00,0x00,
    0x00,0x00,0x00,0x00,0x00,0x00,0x00,0x00,0x00,0x00,0x00,0x00,0x00,0x00,0x00,
    0x00,0x00,0x00,0x00,0x00,0x00,0x00,0x00,0x00,0x00,0x00,0x00,0x00,0x00,0x00,
    0x00,0x00,0x00,0x00,0x00,0x00,0x00,0x00,0x00,0x00,0x00,0x00,0x00,0x00,0x00,
    0x00,0x00,0x00,0x00,0xC3,0xC3,0xC3,0x02,0xC5,0xC5,0xC5,0x16,0xC7,0xC7,0xC7,
    0x7B,0xCA,0xCA,0xCA,0xEB,0xCB,0xCB,0xCB,0xFD,0xC7,0xCA,0xCA,0xFF,0xB4,0xC5,
    0xC5,0xFF,0x7C,0xBC,0xBC,0xFF,0x3C,0xBE,0xC6,0xFF,0x37,0xC5,0xD0,0xFF,0x35,
    0xC5,0xD0,0xFF,0x35,0xC5,0xD0,0xFF,0x35,0xC5,0xD0,0xFF,0x35,0xC5,0xD0,0xFF,
    0x66,0xCB,0xD5,0xFF,0xD6,0xEC,0xEF,0xFF,0xF7,0xF8,0xF8,0xFF,0x88,0x88,0x88,
    0xFF,0x25,0x25,0x25,0xFF,0x2A,0x2A,0x2A,0xFF,0x2B,0x2F,0x2F,0xFF,0x33,0xA6,
    0xA6,0xFF,0x3B,0xF9,0xF9,0xFF,0x3B,0xF9,0xF9,0xFF,0x33,0xA7,0xA7,0xFF,0x2B,
    0x30,0x30,0xFF,0x2A,0x2A,0x2A,0xFF,0x25,0x25,0x25,0xFF,0x86,0x86,0x86,0xFF,
    0xF7,0xF8,0xF8,0xFF,0xDA,0xEE,0xF0,0xFF,0x6C,0xCC,0xD5,0xFF,0x35,0xC5,0xD0,
    0xFF,0x35,0xC5,0xD0,0xFF,0x35,0xC5,0xD0,0xFF,0x35,0xC5,0xD0,0xFF,0x36,0xC5,
    0xD0,0xFF,0x38,0xBE,0xC6,0xFF,0x6F,0xBA,0xBB,0xFF,0xAE,0xC4,0xC4,0xFF,0xC5,
    0xC9,0xC9,0xFF,0xCB,0xCB,0xCB,0xFC,0xCB,0xCB,0xCB,0xE6,0xCA,0xCA,0xCA,0x70,
    0xC9,0xC9,0xC9,0x13,0xC9,0xC9,0xC9,0x02,0x00,0x00,0x00,0x00,0x00,0x00,0x00,
    0x00,0x00,0x00,0x00,0x00,0x00,0x00,0x00,0x00,0x00,0x00,0x00,0x00,0x00,0x00,
    0x00,0x00,0x00,0x00,0x00,0x00,0x00,0x00,0x00,0x00,0x00,0x00,0x00,0x00,0x00,
    0x00,0x00,0x00,0x00,0x00,0x00,0x00,0x00,0x00,0x00,0x00,0x00,0x00,0x00,0x00,
    0x00,0x00,0x00,0x00,0x00,0x00,0x00,0x00,0x00,0x00,0x00,0x00,0x00,0x00,0x00,
    0x00,0x00,0x00,0x00,0x00,0x00,0x00,0x00,0x00,0x00,0x00,0x00,0x00,0x00,0x00,
    0x00,0x00,0x00,0x00,0x00,0x00,0x00,0x00,0x00,0x00,0x00,0x00,0x00,0x00,0x00,
    0x00,0x00,0x00,0x00,0x00,0x00,0x00,0x00,0x00,0x00,0x00,0x00,0x00,0x00,0x00,
    0x00,0x00,0x00,0x00,0x00,0x00,0x00,0x00,0x00,0x00,0x00,0x00,0x00,0x00,0x00,
    0x00,0x00,0x00,0x00,0x00,0x00,0x00,0x00,0x00,0x00,0x00,0x00,0x00,0x00,0x00,
    0x00,0x00,0x00,0x00,0x00,0x00,0x00,0x00,0x00,0x00,0x00,0x00,0x00,0x00,0x00,
    0x00,0x00,0x00,0x00,0x00,0x00,0x00,0x00,0x00,0x00,0x00,0x00,0x00,0x00,0x00,
    0x00,0x00,0x00,0x00,0x00,0x00,0x00,0x00,0x00,0x00,0x00,0x00,0x00,0x00,0x00,
    0x00,0x00,0x00,0x00,0x00,0x00,0x00,0x00,0x00,0x00,0x00,0x00,0x00,0x00,0x00,
    0x00,0x00,0x00,0x00,0x00,0x00,0x00,0x00,0x00,0x00,0xC2,0xC2,0xC2,0x10,0xC7,
    0xC7,0xC7,0x72,0xCA,0xCA,0xCA,0xCD,0xCA,0xCB,0xCB,0xF9,0xC8,0xCA,0xCA,0xFF,
    0xB2,0xC8,0xCA,0xFF,0x89,0xD1,0xD8,0xFF,0x4B,0xC7,0xD2,0xFF,0x34,0xC5,0xD0,
    0xFF,0x35,0xC5,0xD0,0xFF,0x35,0xC5,0xD0,0xFF,0x35,0xC5,0xD0,0xFF,0x70,0xCD,
    0xD6,0xFF,0xE1,0xF0,0xF2,0xFF,0xD4,0xD5,0xD5,0xFF,0x3E,0x3E,0x3E,0xFF,0x2A,
    0x2A,0x2A,0xFF,0x2A,0x29,0x29,0xFF,0x2D,0x5A,0x5A,0xFF,0x39,0xE5,0xE5,0xFF,
    0x39,0xE5,0xE5,0xFF,0x2E,0x5D,0x5D,0xFF,0x2A,0x29,0x29,0xFF,0x2A,0x2A,0x2A,
    0xFF,0x3C,0x3C,0x3C,0xFF,0xD3,0xD3,0xD3,0xFF,0xE4,0xF2,0xF4,0xFF,0x77,0xCE,
    0xD7,0xFF,0x36,0xC5,0xD0,0xFF,0x35,0xC5,0xD0,0xFF,0x35,0xC5,0xD0,0xFF,0x34,
    0xC5,0xD0,0xFF,0x45,0xC6,0xD1,0xFF,0x7E,0xCE,0xD6,0xFF,0xAA,0xC6,0xC9,0xFF,
    0xC7,0xCA,0xCA,0xFF,0xCB,0xCB,0xCB,0xF7,0xCB,0xCB,0xCB,0xC9,0xCA,0xCA,0xCA,
    0x68,0xC9,0xC9,0xC9,0x0D,0x00,0x00,0x00,0x00,0x00,0x00,0x00,0x00,0x00,0x00,
    0x00,0x00,0x00,0x00,0x00,0x00,0x00,0x00,0x00,0x00,0x00,0x00,0x00,0x00,0x00,
    0x00,0x00,0x00,0x00,0x00,0x00,0x00,0x00,0x00,0x00,0x00,0x00,0x00,0x00,0x00,
    0x00,0x00,0x00,0x00,0x00,0x00,0x00,0x00,0x00,0x00,0x00,0x00,0x00,0x00,0x00,
    0x00,0x00,0x00,0x00,0x00,0x00,0x00,0x00,0x00,0x00,0x00,0x00,0x00,0x00,0x00,
    0x00,0x00,0x00,0x00,0x00,0x00,0x00,0x00,0x00,0x00,0x00,0x00,0x00,0x00,0x00,
    0x00,0x00,0x00,0x00,0x00,0x00,0x00,0x00,0x00,0x00,0x00,0x00,0x00,0x00,0x00,
    0x00,0x00,0x00,0x00,0x00,0x00,0x00,0x00,0x00,0x00,0x00,0x00,0x00,0x00,0x00,
    0x00,0x00,0x00,0x00,0x00,0x00,0x00,0x00,0x00,0x00,0x00,0x00,0x00,0x00,0x00,
    0x00,0x00,0x00,0x00,0x00,0x00,0x00,0x00,0x00,0x00,0x00,0x00,0x00,0x00,0x00,
    0x00,0x00,0x00,0x00,0x00,0x00,0x00,0x00,0x00,0x00,0x00,0x00,0x00,0x00,0x00,
    0x00,0x00,0x00,0x00,0x00,0x00,0x00,0x00,0x00,0x00,0x00,0x00,0x00,0x00,0x00,
    0x00,0x00,0x00,0x00,0x00,0x00,0x00,0x00,0x00,0x00,0x00,0x00,0x00,0x00,0x00,
    0x00,0x00,0x00,0x00,0x00,0x00,0x00,0x00,0x00,0x00,0x00,0x00,0x00,0x00,0x00,
    0x00,0x00,0x00,0x00,0x00,0x00,0x00,0x00,0x00,0x00,0x00,0x00,0x00,0x00,0x00,
    0x00,0x00,0x00,0x00,0x00,0x00,0x00,0x00,0x00,0x00,0x00,0x00,0xC3,0xC3,0xC3,
    0x0F,0xC7,0xC7,0xC7,0x4F,0xC9,0xC9,0xC9,0xC0,0xD0,0xD0,0xD0,0xFF,0xE7,0xEC,
    0xED,0xFF,0xC7,0xE6,0xEA,0xFF,0x7C,0xCF,0xD8,0xFF,0x33,0xC5,0xD0,0xFF,0x34,
    0xC5,0xD0,0xFF,0x35,0xC5,0xD0,0xFF,0x31,0xC5,0xD0,0xFF,0x7E,0xD0,0xD8,0xFF,
    0xDD,0xE9,0xEB,0xFF,0x92,0x92,0x92,0xFF,0x29,0x29,0x29,0xFF,0x2A,0x2A,0x2A,
    0xFF,0x2B,0x24,0x24,0xFF,0x33,0xA2,0xA2,0xFF,0x33,0xA5,0xA5,0xFF,0x2B,0x24,
    0x24,0xFF,0x2A,0x2A,0x2A,0xFF,0x29,0x29,0x29,0xFF,0x90,0x8F,0x8F,0xFF,0xE0,
    0xEA,0xEB,0xFF,0x85,0xD1,0xD9,0xFF,0x31,0xC5,0xD0,0xFF,0x35,0xC5,0xD0,0xFF,
    0x35,0xC5,0xD0,0xFF,0x31,0xC5,0xD0,0xFF,0x70,0xCD,0xD6,0xFF,0xBF,0xE3,0xE8,
    0xFF,0xE3,0xEB,0xEC,0xFF,0xD0,0xD0,0xD0,0xFF,0xCB,0xCA,0xCA,0xB6,0xCA,0xCA,
    0xCA,0x49,0xC8,0xC8,0xC8,0x0C,0x00,0x00,0x00,0x00,0x00,0x00,0x00,0x00,0x00,
    0x00,0x00,0x00,0x00,0x00,0x00,0x00,0x00,0x00,0x00,0x00,0x00,0x00,0x00,0x00,
    0x00,0x00,0x00,0x00,0x00,0x00,0x00,0x00,0x00,0x00,0x00,0x00,0x00,0x00,0x00,
    0x00,0x00,0x00,0x00,0x00,0x00,0x00,0x00,0x00,0x00,0x00,0x00,0x00,0x00,0x00,
    0x00,0x00,0x00,0x00,0x00,0x00,0x00,0x00,0x00,0x00,0x00,0x00,0x00,0x00,0x00,
    0x00,0x00,0x00,0x00,0x00,0x00,0x00,0x00,0x00,0x00,0x00,0x00,0x00,0x00,0x00,
    0x00,0x00,0x00,0x00,0x00,0x00,0x00,0x00,0x00,0x00,0x00,0x00,0x00,0x00,0x00,
    0x00,0x00,0x00,0x00,0x00,0x00,0x00,0x00,0x00,0x00,0x00,0x00,0x00,0x00,0x00,
    0x00,0x00,0x00,0x00,0x00,0x00,0x00,0x00,0x00,0x00,0x00,0x00,0x00,0x00,0x00,
    0x00,0x00,0x00,0x00,0x00,0x00,0x00,0x00,0x00,0x00,0x00,0x00,0x00,0x00,0x00,
    0x00,0x00,0x00,0x00,0x00,0x00,0x00,0x00,0x00,0x00,0x00,0x00,0x00,0x00,0x00,
    0x00,0x00,0x00,0x00,0x00,0x00,0x00,0x00,0x00,0x00,0x00,0x00,0x00,0x00,0x00,
    0x00,0x00,0x00,0x00,0x00,0x00,0x00,0x00,0x00,0x00,0x00,0x00,0x00,0x00,0x00,
    0x00,0x00,0x00,0x00,0x00,0x00,0x00,0x00,0x00,0x00,0x00,0x00,0x00,0x00,0x00,
    0x00,0x00,0x00,0x00,0x00,0x00,0x00,0x00,0x00,0x00,0x00,0x00,0x00,0x00,0x00,
    0x00,0x00,0x00,0x00,0x00,0x00,0x00,0x00,0x00,0x00,0x00,0x00,0x00,0x00,0x00,
    0x00,0x00,0x00,0x00,0x00,0x00,0x00,0x00,0x00,0x00,0x00,0x00,0x00,0x00,0xC4,
    0xC4,0xC4,0x07,0xC6,0xC6,0xC6,0x40,0xE5,0xE5,0xE5,0xC7,0xFC,0xFD,0xFD,0xFA,
    0xED,0xF6,0xF7,0xFF,0xAE,0xDD,0xE2,0xFF,0x50,0xC8,0xD2,0xFF,0x36,0xC5,0xD0,
    0xFF,0x35,0xC5,0xD0,0xFF,0x38,0xC5,0xD0,0xFF,0x8E,0xD3,0xDA,0xFF,0xBF,0xC8,
    0xC9,0xFF,0x4F,0x4F,0x4F,0xFF,0x2A,0x2A,0x2A,0xFF,0x2A,0x29,0x29,0xFF,0x2C,
    0x40,0x40,0xFF,0x2C,0x42,0x42,0xFF,0x2A,0x29,0x29,0xFF,0x2A,0x2A,0x2A,0xFF,
    0x4D,0x4D,0x4D,0xFF,0xC0,0xC7,0xC8,0xFF,0x93,0xD4,0xDC,0xFF,0x39,0xC5,0xD0,
    0xFF,0x35,0xC5,0xD0,0xFF,0x36,0xC5,0xD0,0xFF,0x49,0xC7,0xD1,0xFF,0xA3,0xD9,
    0xDF,0xFF,0xE9,0xF4,0xF6,0xFF,0xFB,0xFC,0xFD,0xF9,0xE8,0xE7,0xE7,0xBE,0xCA,
    0xCA,0xCA,0x36,0xC9,0xC9,0xC9,0x05,0x00,0x00,0x00,0x00,0x00,0x00,0x00,0x00,
    0x00,0x00,0x00,0x00,0x00,0x00,0x00,0x00,0x00,0x00,0x00,0x00,0x00,0x00,0x00,
    0x00,0x00,0x00,0x00,0x00,0x00,0x00,0x00,0x00,0x00,0x00,0x00,0x00,0x00,0x00,
    0x00,0x00,0x00,0x00,0x00,0x00,0x00,0x00,0x00,0x00,0x00,0x00,0x00,0x00,0x00,
    0x00,0x00,0x00,0x00,0x00,0x00,0x00,0x00,0x00,0x00,0x00,0x00,0x00,0x00,0x00,
    0x00,0x00,0x00,0x00,0x00,0x00,0x00,0x00,0x00,0x00,0x00,0x00,0x00,0x00,0x00,
    0x00,0x00,0x00,0x00,0x00,0x00,0x00,0x00,0x00,0x00,0x00,0x00,0x00,0x00,0x00,
    0x00,0x00,0x00,0x00,0x00,0x00,0x00,0x00,0x00,0x00,0x00,0x00,0x00,0x00,0x00,
    0x00,0x00,0x00,0x00,0x00,0x00,0x00,0x00,0x00,0x00,0x00,0x00,0x00,0x00,0x00,
    0x00,0x00,0x00,0x00,0x00,0x00,0x00,0x00,0x00,0x00,0x00,0x00,0x00,0x00,0x00,
    0x00,0x00,0x00,0x00,0x00,0x00,0x00,0x00,0x00,0x00,0x00,0x00,0x00,0x00,0x00,
    0x00,0x00,0x00,0x00,0x00,0x00,0x00,0x00,0x00,0x00,0x00,0x00,0x00,0x00,0x00,
    0x00,0x00,0x00,0x00,0x00,0x00,0x00,0x00,0x00,0x00,0x00,0x00,0x00,0x00,0x00,
    0x00,0x00,0x00,0x00,0x00,0x00,0x00,0x00,0x00,0x00,0x00,0x00,0x00,0x00,0x00,
    0x00,0x00,0x00,0x00,0x00,0x00,0x00,0x00,0x00,0x00,0x00,0x00,0x00,0x00,0x00,
    0x00,0x00,0x00,0x00,0x00,0x00,0x00,0x00,0x00,0x00,0x00,0x00,0x00,0x00,0x00,
    0x00,0x00,0x00,0x00,0x00,0x00,0x00,0x00,0x00,0x00,0x00,0x00,0x00,0x00,0x00,
    0x00,0x00,0x00,0x00,0x00,0x00,0x00,0x00,0x00,0x00,0x00,0x00,0x00,0x00,0x00,
    0x00,0xE3,0xE3,0xE3,0x05,0xF7,0xF7,0xF7,0x48,0xFD,0xFD,0xFD,0xBB,0xFB,0xFD,
    0xFD,0xF3,0xD3,0xEA,0xED,0xFF,0x7C,0xCF,0xD8,0xFF,0x40,0xC6,0xD1,0xFF,0x35,
    0xC5,0xD0,0xFF,0x40,0xC6,0xD1,0xFF,0xA3,0xD5,0xDB,0xFF,0x82,0x89,0x8A,0xFF,
    0x2C,0x2D,0x2D,0xFF,0x2A,0x2A,0x2A,0xFF,0x2C,0x2C,0x2C,0xFF,0x2C,0x2C,0x2C,
    0xFF,0x2A,0x2A,0x2A,0xFF,0x2C,0x2C,0x2C,0xFF,0x81,0x87,0x88,0xFF,0xA7,0xD6,
    0xDB,0xFF,0x43,0xC6,0xD1,0xFF,0x35,0xC5,0xD0,0xFF,0x3C,0xC6,0xD0,0xFF,0x73,
    0xCE,0xD6,0xFF,0xCB,0xE7,0xEB,0xFF,0xFA,0xFC,0xFC,0xF0,0xFE,0xFE,0xFE,0xB4,
    0xFC,0xFC,0xFC,0x40,0xEE,0xEE,0xEE,0x03,0x00,0x00,0x00,0x00,0x00,0x00,0x00,
    0x00,0x00,0x00,0x00,0x00,0x00,0x00,0x00,0x00,0x00,0x00,0x00,0x00,0x00,0x00,
    0x00,0x00,0x00,0x00,0x00,0x00,0x00,0x00,0x00,0x00,0x00,0x00,0x00,0x00,0x00,
    0x00,0x00,0x00,0x00,0x00,0x00,0x00,0x00,0x00,0x00,0x00,0x00,0x00,0x00,0x00,
    0x00,0x00,0x00,0x00,0x00,0x00,0x00,0x00,0x00,0x00,0x00,0x00,0x00,0x00,0x00,
    0x00,0x00,0x00,0x00,0x00,0x00,0x00,0x00,0x00,0x00,0x00,0x00,0x00,0x00,0x00,
    0x00,0x00,0x00,0x00,0x00,0x00,0x00,0x00,0x00,0x00,0x00,0x00,0x00,0x00,0x00,
    0x00,0x00,0x00,0x00,0x00,0x00,0x00,0x00,0x00,0x00,0x00,0x00,0x00,0x00,0x00,
    0x00,0x00,0x00,0x00,0x00,0x00,0x00,0x00,0x00,0x00,0x00,0x00,0x00,0x00,0x00,
    0x00,0x00,0x00,0x00,0x00,0x00,0x00,0x00,0x00,0x00,0x00,0x00,0x00,0x00,0x00,
    0x00,0x00,0x00,0x00,0x00,0x00,0x00,0x00,0x00,0x00,0x00,0x00,0x00,0x00,0x00,
    0x00,0x00,0x00,0x00,0x00,0x00,0x00,0x00,0x00,0x00,0x00,0x00,0x00,0x00,0x00,
    0x00,0x00,0x00,0x00,0x00,0x00,0x00,0x00,0x00,0x00,0x00,0x00,0x00,0x00,0x00,
    0x00,0x00,0x00,0x00,0x00,0x00,0x00,0x00,0x00,0x00,0x00,0x00,0x00,0x00,0x00,
    0x00,0x00,0x00,0x00,0x00,0x00,0x00,0x00,0x00,0x00,0x00,0x00,0x00,0x00,0x00,
    0x00,0x00,0x00,0x00,0x00,0x00,0x00,0x00,0x00,0x00,0x00,0x00,0x00,0x00,0x00,
    0x00,0x00,0x00,0x00,0x00,0x00,0x00,0x00,0x00,0x00,0x00,0x00,0x00,0x00,0x00,
    0x00,0x00,0x00,0x00,0x00,0x00,0x00,0x00,0x00,0x00,0x00,0x00,0x00,0x00,0x00,
    0x00,0x00,0x00,0x00,0x00,0x00,0x00,0x00,0x00,0x00,0x00,0x00,0x00,0x00,0x00,
    0x00,0x00,0x00,0xF0,0xF0,0xF0,0x07,0xF9,0xF9,0xF9,0x3D,0xFC,0xFC,0xFC,0xAD,
    0xEE,0xF6,0xF7,0xFB,0xAF,0xDE,0xE3,0xFF,0x4F,0xC7,0xD2,0xFF,0x33,0xC5,0xD0,
    0xFF,0x50,0xC8,0xD2,0xFF,0x9B,0xC1,0xC6,0xFF,0x4B,0x4C,0x4D,0xFF,0x2A,0x2A,
    0x2A,0xFF,0x2B,0x2B,0x2B,0xFF,0x2A,0x2A,0x2A,0xFF,0x2A,0x2A,0x2A,0xFF,0x48,
    0x49,0x4A,0xFF,0x9E,0xC1,0xC5,0xFF,0x54,0xC9,0xD3,0xFF,0x33,0xC5,0xD0,0xFF,
    0x48,0xC7,0xD1,0xFF,0xA6,0xDB,0xE1,0xFF,0xEA,0xF5,0xF6,0xFA,0xFE,0xFE,0xFE,
    0xA4,0xFE,0xFE,0xFE,0x37,0xFA,0xFA,0xFA,0x05,0x00,0x00,0x00,0x00,0x00,0x00,
    0x00,0x00,0x00,0x00,0x00,0x00,0x00,0x00,0x00,0x00,0x00,0x00,0x00,0x00,0x00,
    0x00,0x00,0x00,0x00,0x00,0x00,0x00,0x00,0x00,0x00,0x00,0x00,0x00,0x00,0x00,
    0x00,0x00,0x00,0x00,0x00,0x00,0x00,0x00,0x00,0x00,0x00,0x00,0x00,0x00,0x00,
    0x00,0x00,0x00,0x00,0x00,0x00,0x00,0x00,0x00,0x00,0x00,0x00,0x00,0x00,0x00,
    0x00,0x00,0x00,0x00,0x00,0x00,0x00,0x00,0x00,0x00,0x00,0x00,0x00,0x00,0x00,
    0x00,0x00,0x00,0x00,0x00,0x00,0x00,0x00,0x00,0x00,0x00,0x00,0x00,0x00,0x00,
    0x00,0x00,0x00,0x00,0x00,0x00,0x00,0x00,0x00,0x00,0x00,0x00,0x00,0x00,0x00,
    0x00,0x00,0x00,0x00,0x00,0x00,0x00,0x00,0x00,0x00,0x00,0x00,0x00,0x00,0x00,
    0x00,0x00,0x00,0x00,0x00,0x00,0x00,0x00,0x00,0x00,0x00,0x00,0x00,0x00,0x00,
    0x00,0x00,0x00,0x00,0x00,0x00,0x00,0x00,0x00,0x00,0x00,0x00,0x00,0x00,0x00,
    0x00,0x00,0x00,0x00,0x00,0x00,0x00,0x00,0x00,0x00,0x00,0x00,0x00,0x00,0x00,
    0x00,0x00,0x00,0x00,0x00,0x00,0x00,0x00,0x00,0x00,0x00,0x00,0x00,0x00,0x00,
    0x00,0x00,0x00,0x00,0x00,0x00,0x00,0x00,0x00,0x00,0x00,0x00,0x00,0x00,0x00,
    0x00,0x00,0x00,0x00,0x00,0x00,0x00,0x00,0x00,0x00,0x00,0x00,0x00,0x00,0x00,
    0x00,0x00,0x00,0x00,0x00,0x00,0x00,0x00,0x00,0x00,0x00,0x00,0x00,0x00,0x00,
    0x00,0x00,0x00,0x00,0x00,0x00,0x00,0x00,0x00,0x00,0x00,0x00,0x00,0x00,0x00,
    0x00,0x00,0x00,0x00,0x00,0x00,0x00,0x00,0x00,0x00,0x00,0x00,0x00,0x00,0x00,
    0x00,0x00,0x00,0x00,0x00,0x00,0x00,0x00,0x00,0x00,0x00,0x00,0x00,0x00,0x00,
    0x00,0x00,0x00,0x00,0x00,0x00,0x00,0x00,0x00,0x00,0x00,0x00,0x00,0x00,0x00,
    0x00,0x00,0x00,0x00,0x00,0xDF,0xDF,0xDF,0x07,0xB3,0xB3,0xB3,0xB6,0xE1,0xE4,
    0xE4,0xFF,0xCF,0xE8,0xEB,0xFF,0x68,0xCB,0xD4,0xFF,0x35,0xC5,0xD0,0xFF,0x59,
    0xC7,0xD0,0xFF,0x7B,0x99,0x9C,0xFF,0x2A,0x28,0x27,0xFF,0x2A,0x2A,0x2A,0xFF,
    0x2A,0x2A,0x2A,0xFF,0x2A,0x27,0x27,0xFF,0x7C,0x96,0x99,0xFF,0x5D,0xC7,0xD1,
    0xFF,0x35,0xC5,0xD0,0xFF,0x5E,0xC9,0xD3,0xFF,0xC7,0xE5,0xE9,0xFF,0xE5,0xE9,
    0xEA,0xFF,0xBC,0xBC,0xBC,0xB2,0xE4,0xE4,0xE4,0x06,0x00,0x00,0x00,0x00,0x00,
    0x00,0x00,0x00,0x00,0x00,0x00,0x00,0x00,0x00,0x00,0x00,0x00,0x00,0x00,0x00,
    0x00,0x00,0x00,0x00,0x00,0x00,0x00,0x00,0x00,0x00,0x00,0x00,0x00,0x00,0x00,
    0x00,0x00,0x00,0x00,0x00,0x00,0x00,0x00,0x00,0x00,0x00,0x00,0x00,0x00,0x00,
    0x00,0x00,0x00,0x00,0x00,0x00,0x00,0x00,0x00,0x00,0x00,0x00,0x00,0x00,0x00,
    0x00,0x00,0x00,0x00,0x00,0x00,0x00,0x00,0x00,0x00,0x00,0x00,0x00,0x00,0x00,
    0x00,0x00,0x00,0x00,0x00,0x00,0x00,0x00,0x00,0x00,0x00,0x00,0x00,0x00,0x00,
    0x00,0x00,0x00,0x00,0x00,0x00,0x00,0x00,0x00,0x00,0x00,0x00,0x00,0x00,0x00,
    0x00,0x00,0x00,0x00,0x00,0x00,0x00,0x00,0x00,0x00,0x00,0x00,0x00,0x00,0x00,
    0x00,0x00,0x00,0x00,0x00,0x00,0x00,0x00,0x00,0x00,0x00,0x00,0x00,0x00,0x00,
    0x00,0x00,0x00,0x00,0x00,0x00,0x00,0x00,0x00,0x00,0x00,0x00,0x00,0x00,0x00,
    0x00,0x00,0x00,0x00,0x00,0x00,0x00,0x00,0x00,0x00,0x00,0x00,0x00,0x00,0x00,
    0x00,0x00,0x00,0x00,0x00,0x00,0x00,0x00,0x00,0x00,0x00,0x00,0x00,0x00,0x00,
    0x00,0x00,0x00,0x00,0x00,0x00,0x00,0x00,0x00,0x00,0x00,0x00,0x00,0x00,0x00,
    0x00,0x00,0x00,0x00,0x00,0x00,0x00,0x00,0x00,0x00,0x00,0x00,0x00,0x00,0x00,
    0x00,0x00,0x00,0x00,0x00,0x00,0x00,0x00,0x00,0x00,0x00,0x00,0x00,0x00,0x00,
    0x00,0x00,0x00,0x00,0x00,0x00,0x00,0x00,0x00,0x00,0x00,0x00,0x00,0x00,0x00,
    0x00,0x00,0x00,0x00,0x00,0x00,0x00,0x00,0x00,0x00,0x00,0x00,0x00,0x00,0x00,
    0x00,0x00,0x00,0x00,0x00,0x00,0x00,0x00,0x00,0x00,0x00,0x00,0x00,0x00,0x00,
    0x00,0x00,0x00,0x00,0x00,0x00,0x00,0x00,0x00,0x00,0x00,0x00,0x00,0x00,0x00,
    0x00,0x00,0x00,0x00,0x00,0x00,0x00,0x00,0x00,0x00,0x00,0x00,0x00,0x00,0x07,
    0x07,0x07,0x2A,0x2E,0x2E,0x2E,0xF3,0x71,0x70,0x70,0xFF,0xB9,0xCD,0xCD,0xFF,
    0xD1,0xF1,0xF2,0xFF,0x89,0xD3,0xDB,0xFF,0x43,0xC5,0xCF,0xFF,0x49,0x97,0x9E,
    0xFF,0x2B,0x28,0x28,0xFF,0x2A,0x2A,0x2A,0xFF,0x2A,0x2A,0x2A,0xFF,0x2B,0x28,
    0x27,0xFF,0x47,0x90,0x97,0xFF,0x40,0xC4,0xCF,0xFF,0x81,0xD1,0xD9,0xFF,0xD0,
    0xEF,0xF1,0xFF,0xC3,0xD4,0xD4,0xFF,0x7B,0x7A,0x7A,0xFF,0x30,0x30,0x30,0xF3,
    0x07,0x07,0x07,0x2A,0x00,0x00,0x00,0x00,0x00,0x00,0x00,0x00,0x00,0x00,0x00,
    0x00,0x00,0x00,0x00,0x00,0x00,0x00,0x00,0x00,0x00,0x00,0x00,0x00,0x00,0x00,
    0x00,0x00,0x00,0x00,0x00,0x00,0x00,0x00,0x00,0x00,0x00,0x00,0x00,0x00,0x00,
    0x00,0x00,0x00,0x00,0x00,0x00,0x00,0x00,0x00,0x00,0x00,0x00,0x00,0x00,0x00,
    0x00,0x00,0x00,0x00,0x00,0x00,0x00,0x00,0x00,0x00,0x00,0x00,0x00,0x00,0x00,
    0x00,0x00,0x00,0x00,0x00,0x00,0x00,0x00,0x00,0x00,0x00,0x00,0x00,0x00,0x00,
    0x00,0x00,0x00,0x00,0x00,0x00,0x00,0x00,0x00,0x00,0x00,0x00,0x00,0x00,0x00,
    0x00,0x00,0x00,0x00,0x00,0x00,0x00,0x00,0x00,0x00,0x00,0x00,0x00,0x00,0x00,
    0x00,0x00,0x00,0x00,0x00,0x00,0x00,0x00,0x00,0x00,0x00,0x00,0x00,0x00,0x00,
    0x00,0x00,0x00,0x00,0x00,0x00,0x00,0x00,0x00,0x00,0x00,0x00,0x00,0x00,0x00,
    0x00,0x00,0x00,0x00,0x00,0x00,0x00,0x00,0x00,0x00,0x00,0x00,0x00,0x00,0x00,
    0x00,0x00,0x00,0x00,0x00,0x00,0x00,0x00,0x00,0x00,0x00,0x00,0x00,0x00,0x00,
    0x00,0x00,0x00,0x00,0x00,0x00,0x00,0x00,0x00,0x00,0x00,0x00,0x00,0x00,0x00,
    0x00,0x00,0x00,0x00,0x00,0x00,0x00,0x00,0x00,0x00,0x00,0x00,0x00,0x00,0x00,
    0x00,0x00,0x00,0x00,0x00,0x00,0x00,0x00,0x00,0x00,0x00,0x00,0x00,0x00,0x00,
    0x00,0x00,0x00,0x00,0x00,0x00,0x00,0x00,0x00,0x00,0x00,0x00,0x00,0x00,0x00,
    0x00,0x00,0x00,0x00,0x00,0x00,0x00,0x00,0x00,0x00,0x00,0x00,0x00,0x00,0x00,
    0x00,0x00,0x00,0x00,0x00,0x00,0x00,0x00,0x00,0x00,0x00,0x00,0x00,0x00,0x00,
    0x00,0x00,0x00,0x00,0x00,0x00,0x00,0x00,0x00,0x00,0x00,0x00,0x00,0x00,0x00,
    0x00,0x00,0x00,0x00,0x00,0x00,0x00,0x00,0x00,0x00,0x00,0x00,0x00,0x00,0x00,
    0x00,0x00,0x00,0x00,0x02,0x02,0x02,0x09,0x11,0x11,0x11,0xB9,0x4D,0x4C,0x4C,
    0xFF,0x5D,0x72,0x72,0xFF,0x48,0xDB,0xDB,0xFF,0x71,0xFD,0xFD,0xFF,0xA4,0xF6,
    0xF7,0xFF,0x77,0xBC,0xC1,0xFF,0x2D,0x49,0x4C,0xFF,0x2A,0x29,0x29,0xFF,0x2A,
    0x2A,0x2A,0xFF,0x2A,0x2A,0x2A,0xFF,0x2A,0x29,0x29,0xFF,0x2C,0x43,0x45,0xFF,
    0x73,0xB8,0xBD,0xFF,0xA8,0xF4,0xF6,0xFF,0x7D,0xFD,0xFD,0xFF,0x49,0xDB,0xDB,
    0xFF,0x5D,0x71,0x71,0xFF,0x4D,0x4C,0x4C,0xFF,0x11,0x11,0x11,0xB9,0x02,0x02,
    0x02,0x09,0x00,0x00,0x00,0x00,0x00,0x00,0x00,0x00,0x00,0x00,0x00,0x00,0x00,
    0x00,0x00,0x00,0x00,0x00,0x00,0x00,0x00,0x00,0x00,0x00,0x00,0x00,0x00,0x00,
    0x00,0x00,0x00,0x00,0x00,0x00,0x00,0x00,0x00,0x00,0x00,0x00,0x00,0x00,0x00,
    0x00,0x00,0x00,0x00,0x00,0x00,0x00,0x00,0x00,0x00,0x00,0x00,0x00,0x00,0x00,
    0x00,0x00,0x00,0x00,0x00,0x00,0x00,0x00,0x00,0x00,0x00,0x00,0x00,0x00,0x00,
    0x00,0x00,0x00,0x00,0x00,0x00,0x00,0x00,0x00,0x00,0x00,0x00,0x00,0x00,0x00,
    0x00,0x00,0x00,0x00,0x00,0x00,0x00,0x00,0x00,0x00,0x00,0x00,0x00,0x00,0x00,
    0x00,0x00,0x00,0x00,0x00,0x00,0x00,0x00,0x00,0x00,0x00,0x00,0x00,0x00,0x00,
    0x00,0x00,0x00,0x00,0x00,0x00,0x00,0x00,0x00,0x00,0x00,0x00,0x00,0x00,0x00,
    0x00,0x00,0x00,0x00,0x00,0x00,0x00,0x00,0x00,0x00,0x00,0x00,0x00,0x00,0x00,
    0x00,0x00,0x00,0x00,0x00,0x00,0x00,0x00,0x00,0x00,0x00,0x00,0x00,0x00,0x00,
    0x00,0x00,0x00,0x00,0x00,0x00,0x00,0x00,0x00,0x00,0x00,0x00,0x00,0x00,0x00,
    0x00,0x00,0x00,0x00,0x00,0x00,0x00,0x00,0x00,0x00,0x00,0x00,0x00,0x00,0x00,
    0x00,0x00,0x00,0x00,0x00,0x00,0x00,0x00,0x00,0x00,0x00,0x00,0x00,0x00,0x00,
    0x00,0x00,0x00,0x00,0x00,0x00,0x00,0x00,0x00,0x00,0x00,0x00,0x00,0x00,0x00,
    0x00,0x00,0x00,0x00,0x00,0x00,0x00,0x00,0x00,0x00,0x00,0x00,0x00,0x00,0x00,
    0x00,0x00,0x00,0x00,0x00,0x00,0x00,0x00,0x00,0x00,0x00,0x00,0x00,0x00,0x00,
    0x00,0x00,0x00,0x00,0x00,0x00,0x00,0x00,0x00,0x00,0x00,0x00,0x00,0x00,0x00,
    0x00,0x00,0x00,0x00,0x00,0x00,0x00,0x00,0x00,0x00,0x00,0x00,0x00,0x00,0x00,
    0x00,0x00,0x00,0x00,0x00,0x00,0x00,0x00,0x00,0x04,0x04,0x04,0x01,0x00,0x00,
    0x00,0x60,0x3D,0x3D,0x3D,0xF9,0x5D,0x62,0x62,0xFF,0x53,0xB7,0xB7,0xFF,0x3E,
    0xFA,0xFA,0xFF,0x3B,0xFF,0xFF,0xFF,0x46,0xE9,0xE9,0xFF,0x48,0x79,0x79,0xFF,
    0x2B,0x2B,0x2B,0xFF,0x2A,0x2A,0x2A,0xFF,0x2A,0x2A,0x2A,0xFF,0x2A,0x2A,0x2A,
    0xFF,0x2A,0x2A,0x2A,0xFF,0x2B,0x2B,0x2B,0xFF,0x48,0x77,0x77,0xFF,0x4B,0xE9,
    0xE9,0xFF,0x3B,0xFF,0xFF,0xFF,0x3E,0xFA,0xFA,0xFF,0x53,0xB7,0xB7,0xFF,0x5D,
    0x62,0x62,0xFF,0x3D,0x3D,0x3D,0xF9,0x00,0x00,0x00,0x60,0x04,0x04,0x04,0x01,
    0x00,0x00,0x00,0x00,0x00,0x00,0x00,0x00,0x00,0x00,0x00,0x00,0x00,0x00,0x00,
    0x00,0x00,0x00,0x00,0x00,0x00,0x00,0x00,0x00,0x00,0x00,0x00,0x00,0x00,0x00,
    0x00,0x00,0x00,0x00,0x00,0x00,0x00,0x00,0x00,0x00,0x00,0x00,0x00,0x00,0x00,
    0x00,0x00,0x00,0x00,0x00,0x00,0x00,0x00,0x00,0x00,0x00,0x00,0x00,0x00,0x00,
    0x00,0x00,0x00,0x00,0x00,0x00,0x00,0x00,0x00,0x00,0x00,0x00,0x00,0x00,0x00,
    0x00,0x00,0x00,0x00,0x00,0x00,0x00,0x00,0x00,0x00,0x00,0x00,0x00,0x00,0x00,
    0x00,0x00,0x00,0x00,0x00,0x00,0x00,0x00,0x00,0x00,0x00,0x00,0x00,0x00,0x00,
    0x00,0x00,0x00,0x00,0x00,0x00,0x00,0x00,0x00,0x00,0x00,0x00,0x00,0x00,0x00,
    0x00,0x00,0x00,0x00,0x00,0x00,0x00,0x00,0x00,0x00,0x00,0x00,0x00,0x00,0x00,
    0x00,0x00,0x00,0x00,0x00,0x00,0x00,0x00,0x00,0x00,0x00,0x00,0x00,0x00,0x00,
    0x00,0x00,0x00,0x00,0x00,0x00,0x00,0x00,0x00,0x00,0x00,0x00,0x00,0x00,0x00,
    0x00,0x00,0x00,0x00,0x00,0x00,0x00,0x00,0x00,0x00,0x00,0x00,0x00,0x00,0x00,
    0x00,0x00,0x00,0x00,0x00,0x00,0x00,0x00,0x00,0x00,0x00,0x00,0x00,0x00,0x00,
    0x00,0x00,0x00,0x00,0x00,0x00,0x00,0x00,0x00,0x00,0x00,0x00,0x00,0x00,0x00,
    0x00,0x00,0x00,0x00,0x00,0x00,0x00,0x00,0x00,0x00,0x00,0x00,0x00,0x00,0x00,
    0x00,0x00,0x00,0x00,0x00,0x00,0x00,0x00,0x00,0x00,0x00,0x00,0x00,0x00,0x00,
    0x00,0x00,0x00,0x00,0x00,0x00,0x00,0x00,0x00,0x00,0x00,0x00,0x00,0x00,0x00,
    0x00,0x00,0x00,0x00,0x00,0x00,0x00,0x00,0x00,0x00,0x00,0x00,0x00,0x00,0x00,
    0x00,0x00,0x00,0x00,0x00,0x00,0x00,0x00,0x00,0x00,0x00,0x00,0x00,0x00,0x00,
    0x00,0x00,0x00,0x03,0x03,0x03,0x1C,0x28,0x28,0x28,0xE9,0x58,0x58,0x58,0xFF,
    0x5A,0x8C,0x8C,0xFF,0x44,0xED,0xED,0xFF,0x3C,0xFF,0xFF,0xFF,0x3B,0xF5,0xF5,
    0xFF,0x33,0xA0,0xA0,0xFF,0x2B,0x31,0x31,0xFF,0x2A,0x2A,0x2A,0xFF,0x29,0x29,
    0x29,0xFF,0x49,0x4D,0x52,0xFF,0x49,0x4D,0x51,0xFF,0x29,0x29,0x29,0xFF,0x2A,
    0x2A,0x2A,0xFF,0x2B,0x31,0x31,0xFF,0x32,0xA0,0xA0,0xFF,0x3B,0xF5,0xF5,0xFF,
    0x3C,0xFF,0xFF,0xFF,0x44,0xED,0xED,0xFF,0x5A,0x8C,0x8C,0xFF,0x58,0x58,0x58,
    0xFF,0x28,0x28,0x28,0xE9,0x04,0x04,0x04,0x1C,0x00,0x00,0x00,0x00,0x00,0x00,
    0x00,0x00,0x00,0x00,0x00,0x00,0x00,0x00,0x00,0x00,0x00,0x00,0x00,0x00,0x00,
    0x00,0x00,0x00,0x00,0x00,0x00,0x00,0x00,0x00,0x00,0x00,0x00,0x00,0x00,0x00,
    0x00,0x00,0x00,0x00,0x00,0x00,0x00,0x00,0x00,0x00,0x00,0x00,0x00,0x00,0x00,
    0x00,0x00,0x00,0x00,0x00,0x00,0x00,0x00,0x00,0x00,0x00,0x00,0x00,0x00,0x00,
    0x00,0x00,0x00,0x00,0x00,0x00,0x00,0x00,0x00,0x00,0x00,0x00,0x00,0x00,0x00,
    0x00,0x00,0x00,0x00,0x00,0x00,0x00,0x00,0x00,0x00,0x00,0x00,0x00,0x00,0x00,
    0x00,0x00,0x00,0x00,0x00,0x00,0x00,0x00,0x00,0x00,0x00,0x00,0x00,0x00,0x00,
    0x00,0x00,0x00,0x00,0x00,0x00,0x00,0x00,0x00,0x00,0x00,0x00,0x00,0x00,0x00,
    0x00,0x00,0x00,0x00,0x00,0x00,0x00,0x00,0x00,0x00,0x00,0x00,0x00,0x00,0x00,
    0x00,0x00,0x00,0x00,0x00,0x00,0x00,0x00,0x00,0x00,0x00,0x00,0x00,0x00,0x00,
    0x00,0x00,0x00,0x00,0x00,0x00,0x00,0x00,0x00,0x00,0x00,0x00,0x00,0x00,0x00,
    0x00,0x00,0x00,0x00,0x00,0x00,0x00,0x00,0x00,0x00,0x00,0x00,0x00,0x00,0x00,
    0x00,0x00,0x00,0x00,0x00,0x00,0x00,0x00,0x00,0x00,0x00,0x00,0x00,0x00,0x00,
    0x00,0x00,0x00,0x00,0x00,0x00,0x00,0x00,0x00,0x00,0x00,0x00,0x00,0x00,0x00,
    0x00,0x00,0x00,0x00,0x00,0x00,0x00,0x00,0x00,0x00,0x00,0x00,0x00,0x00,0x00,
    0x00,0x00,0x00,0x00,0x00,0x00,0x00,0x00,0x00,0x00,0x00,0x00,0x00,0x00,0x00,
    0x00,0x00,0x00,0x00,0x00,0x00,0x00,0x00,0x00,0x00,0x00,0x00,0x00,0x00,0x00,
    0x00,0x00,0x00,0x00,0x00,0x00,0x00,0x00,0x00,0x00,0x00,0x00,0x00,0x00,0x00,
    0x00,0x00,0x00,0x00,0x00,0x00,0x00,0x00,0x05,0x05,0x05,0x05,0x15,0x15,0x15,
    0xB0,0x4A,0x4A,0x4A,0xFF,0x5D,0x6B,0x6B,0xFF,0x4C,0xD5,0xD5,0xFF,0x3C,0xFF,
    0xFF,0xFF,0x3C,0xFC,0xFC,0xFF,0x35,0xBA,0xBA,0xFF,0x2C,0x3A,0x3A,0xFF,0x2A,
    0x2A,0x2A,0xFF,0x29,0x29,0x29,0xFF,0x45,0x44,0x44,0xFF,0x89,0x9F,0xB6,0xFF,
    0x89,0x9F,0xB6,0xFF,0x45,0x44,0x44,0xFF,0x29,0x29,0x29,0xFF,0x2A,0x2A,0x2A,
    0xFF,0x2C,0x3A,0x3A,0xFF,0x35,0xBA,0xBA,0xFF,0x3C,0xFC,0xFC,0xFF,0x3C,0xFF,
    0xFF,0xFF,0x4C,0xD5,0xD5,0xFF,0x5D,0x6A,0x6A,0xFF,0x4A,0x4A,0x4A,0xFF,0x15,
    0x15,0x15,0xB0,0x07,0x07,0x07,0x05,0x00,0x00,0x00,0x00,0x00,0x00,0x00,0x00,
    0x00,0x00,0x00,0x00,0x00,0x00,0x00,0x00,0x00,0x00,0x00,0x00,0x00,0x00,0x00,
    0x00,0x00,0x00,0x00,0x00,0x00,0x00,0x00,0x00,0x00,0x00,0x00,0x00,0x00,0x00,
    0x00,0x00,0x00,0x00,0x00,0x00,0x00,0x00,0x00,0x00,0x00,0x00,0x00,0x00,0x00,
    0x00,0x00,0x00,0x00,0x00,0x00,0x00,0x00,0x00,0x00,0x00,0x00,0x00,0x00,0x00,
    0x00,0x00,0x00,0x00,0x00,0x00,0x00,0x00,0x00,0x00,0x00,0x00,0x00,0x00,0x00,
    0x00,0x00,0x00,0x00,0x00,0x00,0x00,0x00,0x00,0x00,0x00,0x00,0x00,0x00,0x00,
    0x00,0x00,0x00,0x00,0x00,0x00,0x00,0x00,0x00,0x00,0x00,0x00,0x00,0x00,0x00,
    0x00,0x00,0x00,0x00,0x00,0x00,0x00,0x00,0x00,0x00,0x00,0x00,0x00,0x00,0x00,
    0x00,0x00,0x00,0x00,0x00,0x00,0x00,0x00,0x00,0x00,0x00,0x00,0x00,0x00,0x00,
    0x00,0x00,0x00,0x00,0x00,0x00,0x00,0x00,0x00,0x00,0x00,0x00,0x00,0x00,0x00,
    0x00,0x00,0x00,0x00,0x00,0x00,0x00,0x00,0x00,0x00,0x00,0x00,0x00,0x00,0x00,
    0x00,0x00,0x00,0x00,0x00,0x00,0x00,0x00,0x00,0x00,0x00,0x00,0x00,0x00,0x00,
    0x00,0x00,0x00,0x00,0x00,0x00,0x00,0x00,0x00,0x00,0x00,0x00,0x00,0x00,0x00,
    0x00,0x00,0x00,0x00,0x00,0x00,0x00,0x00,0x00,0x00,0x00,0x00,0x00,0x00,0x00,
    0x00,0x00,0x00,0x00,0x00,0x00,0x00,0x00,0x00,0x00,0x00,0x00,0x00,0x00,0x00,
    0x00,0x00,0x00,0x00,0x00,0x00,0x00,0x00,0x00,0x00,0x00,0x00,0x00,0x00,0x00,
    0x00,0x00,0x00,0x00,0x00,0x00,0x00,0x00,0x00,0x00,0x00,0x00,0x00,0x00,0x00,
    0x00,0x00,0x00,0x00,0x00,0x00,0x00,0x00,0x00,0x00,0x00,0x00,0x00,0x00,0x00,
    0x00,0x00,0x05,0x05,0x05,0x63,0x36,0x36,0x36,0xFB,0x5D,0x5C,0x5C,0xFF,0x53,
    0xB7,0xB7,0xFF,0x3E,0xFB,0xFB,0xFF,0x3C,0xFE,0xFE,0xFF,0x36,0xC8,0xC8,0xFF,
    0x2D,0x4D,0x4D,0xFF,0x2A,0x29,0x29,0xFF,0x2A,0x2A,0x2A,0xFF,0x34,0x34,0x33,
    0xFF,0x89,0x92,0x9C,0xFF,0x8D,0xB6,0xDD,0xFF,0x8D,0xB7,0xDD,0xFF,0x8A,0x93,
    0x9D,0xFF,0x34,0x34,0x33,0xFF,0x2A,0x2A,0x2A,0xFF,0x2A,0x29,0x29,0xFF,0x2D,
    0x4D,0x4D,0xFF,0x36,0xC8,0xC8,0xFF,0x3C,0xFE,0xFE,0xFF,0x3E,0xFB,0xFB,0xFF,
    0x53,0xB7,0xB7,0xFF,0x5D,0x5C,0x5C,0xFF,0x36,0x36,0x36,0xFB,0x05,0x05,0x05,
    0x64,0x00,0x00,0x00,0x00,0x00,0x00,0x00,0x00,0x00,0x00,0x00,0x00,0x00,0x00,
    0x00,0x00,0x00,0x00,0x00,0x00,0x00,0x00,0x00,0x00,0x00,0x00,0x00,0x00,0x00,
    0x00,0x00,0x00,0x00,0x00,0x00,0x00,0x00,0x00,0x00,0x00,0x00,0x00,0x00,0x00,
    0x00,0x00,0x00,0x00,0x00,0x00,0x00,0x00,0x00,0x00,0x00,0x00,0x00,0x00,0x00,
    0x00,0x00,0x00,0x00,0x00,0x00,0x00,0x00,0x00,0x00,0x00,0x00,0x00,0x00,0x00,
    0x00,0x00,0x00,0x00,0x00,0x00,0x00,0x00,0x00,0x00,0x00,0x00,0x00,0x00,0x00,
    0x00,0x00,0x00,0x00,0x00,0x00,0x00,0x00,0x00,0x00,0x00,0x00,0x00,0x00,0x00,
    0x00,0x00,0x00,0x00,0x00,0x00,0x00,0x00,0x00,0x00,0x00,0x00,0x00,0x00,0x00,
    0x00,0x00,0x00,0x00,0x00,0x00,0x00,0x00,0x00,0x00,0x00,0x00,0x00,0x00,0x00,
    0x00,0x00,0x00,0x00,0x00,0x00,0x00,0x00,0x00,0x00,0x00,0x00,0x00,0x00,0x00,
    0x00,0x00,0x00,0x00,0x00,0x00,0x00,0x00,0x00,0x00,0x00,0x00,0x00,0x00,0x00,
    0x00,0x00,0x00,0x00,0x00,0x00,0x00,0x00,0x00,0x00,0x00,0x00,0x00,0x00,0x00,
    0x00,0x00,0x00,0x00,0x00,0x00,0x00,0x00,0x00,0x00,0x00,0x00,0x00,0x00,0x00,
    0x00,0x00,0x00,0x00,0x00,0x00,0x00,0x00,0x00,0x00,0x00,0x00,0x00,0x00,0x00,
    0x00,0x00,0x00,0x00,0x00,0x00,0x00,0x00,0x00,0x00,0x00,0x00,0x00,0x00,0x00,
    0x00,0x00,0x00,0x00,0x00,0x00,0x00,0x00,0x00,0x00,0x00,0x00,0x00,0x00,0x00,
    0x00,0x00,0x00,0x00,0x00,0x00,0x00,0x00,0x00,0x00,0x00,0x00,0x00,0x00,0x00,
    0x00,0x00,0x00,0x00,0x00,0x00,0x00,0x00,0x00,0x00,0x00,0x00,0x00,0x00,0x00,
    0x00,0x00,0x00,0x00,0x00,0x00,0x00,0x06,0x06,0x06,0x1E,0x21,0x21,0x21,0xDC,
    0x57,0x57,0x57,0xFF,0x5A,0x8E,0x8E,0xFF,0x43,0xF0,0xF0,0xFF,0x3C,0xFD,0xFD,
    0xFF,0x37,0xD6,0xD6,0xFF,0x2D,0x5F,0x5F,0xFF,0x2B,0x2B,0x2B,0xFF,0x2A,0x2A,
    0x2A,0xFF,0x2C,0x2C,0x2C,0xFF,0x78,0x79,0x7B,0xFF,0xAC,0xC2,0xD9,0xFF,0x80,
    0xB4,0xE1,0xFF,0x80,0xB5,0xE1,0xFF,0xAD,0xC2,0xD9,0xFF,0x78,0x7A,0x7C,0xFF,
    0x2C,0x2C,0x2C,0xFF,0x2A,0x2A,0x2A,0xFF,0x2A,0x2B,0x2B,0xFF,0x2E,0x5E,0x5E,
    0xFF,0x37,0xD6,0xD6,0xFF,0x3C,0xFD,0xFD,0xFF,0x43,0xEF,0xEF,0xFF,0x5A,0x8E,
    0x8E,0xFF,0x57,0x57,0x57,0xFF,0x21,0x21,0x21,0xDD,0x09,0x09,0x09,0x1F,0x00,
    0x00,0x00,0x00,0x00,0x00,0x00,0x00,0x00,0x00,0x00,0x00,0x00,0x00,0x00,0x00,
    0x00,0x00,0x00,0x00,0x00,0x00,0x00,0x00,0x00,0x00,0x00,0x00,0x00,0x00,0x00,
    0x00,0x00,0x00,0x00,0x00,0x00,0x00,0x00,0x00,0x00,0x00,0x00,0x00,0x00,0x00,
    0x00,0x00,0x00,0x00,0x00,0x00,0x00,0x00,0x00,0x00,0x00,0x00,0x00,0x00,0x00,
    0x00,0x00,0x00,0x00,0x00,0x00,0x00,0x00,0x00,0x00,0x00,0x00,0x00,0x00,0x00,
    0x00,0x00,0x00,0x00,0x00,0x00,0x00,0x00,0x00,0x00,0x00,0x00,0x00,0x00,0x00,
    0x00,0x00,0x00,0x00,0x00,0x00,0x00,0x00,0x00,0x00,0x00,0x00,0x00,0x00,0x00,
    0x00,0x00,0x00,0x00,0x00,0x00,0x00,0x00,0x00,0x00,0x00,0x00,0x00,0x00,0x00,
    0x00,0x00,0x00,0x00,0x00,0x00,0x00,0x00,0x00,0x00,0x00,0x00,0x00,0x00,0x00,
    0x00,0x00,0x00,0x00,0x00,0x00,0x00,0x00,0x00,0x00,0x00,0x00,0x00,0x00,0x00,
    0x00,0x00,0x00,0x00,0x00,0x00,0x00,0x00,0x00,0x00,0x00,0x00,0x00,0x00,0x00,
    0x00,0x00,0x00,0x00,0x00,0x00,0x00,0x00,0x00,0x00,0x00,0x00,0x00,0x00,0x00,
    0x00,0x00,0x00,0x00,0x00,0x00,0x00,0x00,0x00,0x00,0x00,0x00,0x00,0x00,0x00,
    0x00,0x00,0x00,0x00,0x00,0x00,0x00,0x00,0x00,0x00,0x00,0x00,0x00,0x00,0x00,
    0x00,0x00,0x00,0x00,0x00,0x00,0x00,0x00,0x00,0x00,0x00,0x00,0x00,0x00,0x00,
    0x00,0x00,0x00,0x00,0x00,0x00,0x00,0x00,0x00,0x00,0x00,0x00,0x00,0x00,0x00,
    0x00,0x00,0x00,0x00,0x00,0x00,0x00,0x00,0x00,0x00,0x00,0x00,0x00,0x00,0x00,
    0x00,0x00,0x00,0x00,0x00,0x00,0x00,0x00,0x00,0x00,0x00,0x00,0x0B,0x0B,0x0B,
    0x04,0x11,0x11,0x11,0x9A,0x4A,0x4A,0x4A,0xFF,0x5D,0x71,0x71,0xFF,0x4C,0xD4,
    0xD4,0xFF,0x3D,0xFE,0xFE,0xFF,0x38,0xDD,0xDD,0xFF,0x2E,0x6F,0x6F,0xFF,0x2B,
    0x2A,0x2A,0xFF,0x2A,0x2A,0x2A,0xFF,0x27,0x27,0x27,0xFF,0x5D,0x5D,0x5E,0xFF,
    0xC7,0xCD,0xD5,0xFF,0x96,0xBF,0xE4,0xFF,0x7C,0xB3,0xE1,0xFF,0x7C,0xB3,0xE1,
    0xFF,0x97,0xBF,0xE4,0xFF,0xC8,0xCE,0xD5,0xFF,0x5E,0x5E,0x5E,0xFF,0x27,0x27,
    0x27,0xFF,0x2A,0x2A,0x2A,0xFF,0x2B,0x2A,0x2A,0xFF,0x2E,0x6E,0x6E,0xFF,0x38,
    0xDD,0xDD,0xFF,0x3D,0xFD,0xFD,0xFF,0x4C,0xD4,0xD4,0xFF,0x5D,0x71,0x71,0xFF,
    0x4A,0x4A,0x4A,0xFF,0x12,0x12,0x12,0x9B,0x0F,0x0F,0x0F,0x04,0x00,0x00,0x00,
    0x00,0x00,0x00,0x00,0x00,0x00,0x00,0x00,0x00,0x00,0x00,0x00,0x00,0x00,0x00,
    0x00,0x00,0x00,0x00,0x00,0x00,0x00,0x00,0x00,0x00,0x00,0x00,0x00,0x00,0x00,
    0x00,0x00,0x00,0x00,0x00,0x00,0x00,0x00,0x00,0x00,0x00,0x00,0x00,0x00,0x00,
    0x00,0x00,0x00,0x00,0x00,0x00,0x00,0x00,0x00,0x00,0x00,0x00,0x00,0x00,0x00,
    0x00,0x00,0x00,0x00,0x00,0x00,0x00,0x00,0x00,0x00,0x00,0x00,0x00,0x00,0x00,
    0x00,0x00,0x00,0x00,0x00,0x00,0x00,0x00,0x00,0x00,0x00,0x00,0x00,0x00,0x00,
    0x00,0x00,0x00,0x00,0x00,0x00,0x00,0x00,0x00,0x00,0x00,0x00,0x00,0x00,0x00,
    0x00,0x00,0x00,0x00,0x00,0x00,0x00,0x00,0x00,0x00,0x00,0x00,0x00,0x00,0x00,
    0x00,0x00,0x00,0x00,0x00,0x00,0x00,0x00,0x00,0x00,0x00,0x00,0x00,0x00,0x00,
    0x00,0x00,0x00,0x00,0x00,0x00,0x00,0x00,0x00,0x00,0x00,0x00,0x00,0x00,0x00,
    0x00,0x00,0x00,0x00,0x00,0x00,0x00,0x00,0x00,0x00,0x00,0x00,0x00,0x00,0x00,
    0x00,0x00,0x00,0x00,0x00,0x00,0x00,0x00,0x00,0x00,0x00,0x00,0x00,0x00,0x00,
    0x00,0x00,0x00,0x00,0x00,0x00,0x00,0x00,0x00,0x00,0x00,0x00,0x00,0x00,0x00,
    0x00,0x00,0x00,0x00,0x00,0x00,0x00,0x00,0x00,0x00,0x00,0x00,0x00,0x00,0x00,
    0x00,0x00,0x00,0x00,0x00,0x00,0x00,0x00,0x00,0x00,0x00,0x00,0x00,0x00,0x00,
    0x00,0x00,0x00,0x00,0x00,0x00,0x00,0x00,0x00,0x00,0x00,0x00,0x00,0x00,0x00,
    0x00,0x00,0x00,0x00,0x00,0x00,0x00,0x00,0x00,0x00,0x00,0x00,0x00,0x00,0x00,
    0x00,0x00,0x00,0x00,0x00,0x00,0x0A,0x0A,0x0A,0x4A,0x37,0x37,0x37,0xFB,0x5B,
    0x5E,0x5E,0xFF,0x55,0xAE,0xAE,0xFF,0x3E,0xFB,0xFB,0xFF,0x39,0xDF,0xDF,0xFF,
    0x2E,0x6C,0x6C,0xFF,0x2B,0x2A,0x2A,0xFF,0x2A,0x2A,0x2A,0xFF,0x2A,0x2A,0x2A,
    0xFF,0x46,0x46,0x46,0xFF,0xCB,0xCC,0xCD,0xFF,0xC2,0xD6,0xEB,0xFF,0x7C,0xB3,
    0xE1,0xFF,0x7C,0xB3,0xE1,0xFF,0x7C,0xB3,0xE1,0xFF,0x7C,0xB3,0xE1,0xFF,0xC3,
    0xD6,0xEB,0xFF,0xCC,0xCC,0xCD,0xFF,0x46,0x46,0x46,0xFF,0x2A,0x2A,0x2A,0xFF,
    0x2A,0x2A,0x2A,0xFF,0x2B,0x2A,0x2A,0xFF,0x2D,0x6C,0x6C,0xFF,0x38,0xDE,0xDE,
    0xFF,0x3E,0xFA,0xFA,0xFF,0x55,0xAE,0xAE,0xFF,0x5B,0x5E,0x5E,0xFF,0x37,0x37,
    0x37,0xFB,0x0D,0x0D,0x0D,0x4C,0x00,0x00,0x00,0x00,0x00,0x00,0x00,0x00,0x00,
    0x00,0x00,0x00,0x00,0x00,0x00,0x00,0x00,0x00,0x00,0x00,0x00,0x00,0x00,0x00,
    0x00,0x00,0x00,0x00,0x00,0x00,0x00,0x00,0x00,0x00,0x00,0x00,0x00,0x00,0x00,
    0x00,0x00,0x00,0x00,0x00,0x00,0x00,0x00,0x00,0x00,0x00,0x00,0x00,0x00,0x00,
    0x00,0x00,0x00,0x00,0x00,0x00,0x00,0x00,0x00,0x00,0x00,0x00,0x00,0x00,0x00,
    0x00,0x00,0x00,0x00,0x00,0x00,0x00,0x00,0x00,0x00,0x00,0x00,0x00,0x00,0x00,
    0x00,0x00,0x00,0x00,0x00,0x00,0x00,0x00,0x00,0x00,0x00,0x00,0x00,0x00,0x00,
    0x00,0x00,0x00,0x00,0x00,0x00,0x00,0x00,0x00,0x00,0x00,0x00,0x00,0x00,0x00,
    0x00,0x00,0x00,0x00,0x00,0x00,0x00,0x00,0x00,0x00,0x00,0x00,0x00,0x00,0x00,
    0x00,0x00,0x00,0x00,0x00,0x00,0x00,0x00,0x00,0x00,0x00,0x00,0x00,0x00,0x00,
    0x00,0x00,0x00,0x00,0x00,0x00,0x00,0x00,0x00,0x00,0x00,0x00,0x00,0x00,0x00,
    0x00,0x00,0x00,0x00,0x00,0x00,0x00,0x00,0x00,0x00,0x00,0x00,0x00,0x00,0x00,
    0x00,0x00,0x00,0x00,0x00,0x00,0x00,0x00,0x00,0x00,0x00,0x00,0x00,0x00,0x00,
    0x00,0x00,0x00,0x00,0x00,0x00,0x00,0x00,0x00,0x00,0x00,0x00,0x00,0x00,0x00,
    0x00,0x00,0x00,0x00,0x00,0x00,0x00,0x00,0x00,0x00,0x00,0x00,0x00,0x00,0x00,
    0x00,0x00,0x00,0x00,0x00,0x00,0x00,0x00,0x00,0x00,0x00,0x00,0x00,0x00,0x00,
    0x00,0x00,0x00,0x00,0x00,0x00,0x00,0x00,0x00,0x00,0x00,0x00,0x00,0x00,0x00,
    0x00,0x00,0x00,0x00,0x00,0x00,0x00,0x00,0x00,0x00,0x00,0x0E,0x0E,0x0E,0x15,
    0x21,0x21,0x21,0xE7,0x53,0x52,0x52,0xFF,0x5B,0x88,0x88,0xFF,0x42,0xEE,0xEE,
    0xFF,0x38,0xDD,0xDD,0xFF,0x2D,0x6C,0x6C,0xFF,0x2B,0x2C,0x2C,0xFF,0x2B,0x2B,
    0x2B,0xFF,0x2A,0x2A,0x2A,0xFF,0x3F,0x3F,0x3F,0xFF,0xB5,0xB5,0xB5,0xFF,0xE9,
    0xEE,0xF3,0xFF,0x8C,0xB9,0xE2,0xFF,0x7C,0xB3,0xE1,0xFF,0x7C,0xB3,0xE1,0xFF,
    0x7C,0xB3,0xE1,0xFF,0x7C,0xB3,0xE1,0xFF,0x8C,0xBA,0xE2,0xFF,0xEA,0xEE,0xF3,
    0xFF,0xB6,0xB6,0xB5,0xFF,0x3F,0x3F,0x3F,0xFF,0x2A,0x2A,0x2A,0xFF,0x2B,0x2B,
    0x2B,0xFF,0x2B,0x2C,0x2C,0xFF,0x2D,0x6B,0x6B,0xFF,0x38,0xDC,0xDC,0xFF,0x42,
    0xEE,0xEE,0xFF,0x5B,0x88,0x88,0xFF,0x53,0x52,0x52,0xFF,0x21,0x21,0x21,0xE7,
    0x10,0x10,0x10,0x15,0x00,0x00,0x00,0x00,0x00,0x00,0x00,0x00,0x00,0x00,0x00,
    0x00,0x00,0x00,0x00,0x00,0x00,0x00,0x00,0x00,0x00,0x00,0x00,0x00,0x00,0x00,
    0x00,0x00,0x00,0x00,0x00,0x00,0x00,0x00,0x00,0x00,0x00,0x00,0x00,0x00,0x00,
    0x00,0x00,0x00,0x00,0x00,0x00,0x00,0x00,0x00,0x00,0x00,0x00,0x00,0x00,0x00,
    0x00,0x00,0x00,0x00,0x00,0x00,0x00,0x00,0x00,0x00,0x00,0x00,0x00,0x00,0x00,
    0x00,0x00,0x00,0x00,0x00,0x00,0x00,0x00,0x00,0x00,0x00,0x00,0x00,0x00,0x00,
    0x00,0x00,0x00,0x00,0x00,0x00,0x00,0x00,0x00,0x00,0x00,0x00,0x00,0x00,0x00,
    0x00,0x00,0x00,0x00,0x00,0x00,0x00,0x00,0x00,0x00,0x00,0x00,0x00,0x00,0x00,
    0x00,0x00,0x00,0x00,0x00,0x00,0x00,0x00,0x00,0x00,0x00,0x00,0x00,0x00,0x00,
    0x00,0x00,0x00,0x00,0x00,0x00,0x00,0x00,0x00,0x00,0x00,0x00,0x00,0x00,0x00,
    0x00,0x00,0x00,0x00,0x00,0x00,0x00,0x00,0x00,0x00,0x00,0x00,0x00,0x00,0x00,
    0x00,0x00,0x00,0x00,0x00,0x00,0x00,0x00,0x00,0x00,0x00,0x00,0x00,0x00,0x00,
    0x00,0x00,0x00,0x00,0x00,0x00,0x00,0x00,0x00,0x00,0x00,0x00,0x00,0x00,0x00,
    0x00,0x00,0x00,0x00,0x00,0x00,0x00,0x00,0x00,0x00,0x00,0x00,0x00,0x00,0x00,
    0x00,0x00,0x00,0x00,0x00,0x00,0x00,0x00,0x00,0x00,0x00,0x00,0x00,0x00,0x00,
    0x00,0x00,0x00,0x00,0x00,0x00,0x00,0x00,0x00,0x00,0x00,0x00,0x00,0x00,0x00,
    0x00,0x00,0x00,0x00,0x00,0x00,0x00,0x00,0x00,0x00,0x00,0x00,0x00,0x00,0x00,
    0x00,0x0A,0x0A,0x0A,0x03,0x0A,0x0A,0x0A,0x99,0x45,0x45,0x45,0xFE,0x5D,0x6F,
    0x6F,0xFF,0x4A,0xD9,0xD9,0xFF,0x38,0xD5,0xD5,0xFF,0x2E,0x6D,0x6D,0xFF,0x2A,
    0x29,0x29,0xFF,0x2B,0x2B,0x2B,0xFF,0x2A,0x2A,0x2A,0xFF,0x2E,0x2E,0x2E,0xFF,
    0xA0,0xA0,0xA0,0xFF,0xF4,0xF4,0xF4,0xFF,0xC1,0xD6,0xEC,0xFF,0x7D,0xB4,0xE1,
    0xFF,0x7C,0xB3,0xE1,0xFF,0x7C,0xB3,0xE1,0xFF,0x7C,0xB3,0xE1,0xFF,0x7C,0xB3,
    0xE1,0xFF,0x7D,0xB4,0xE1,0xFF,0xC2,0xD6,0xEC,0xFF,0xF4,0xF4,0xF4,0xFF,0xA0,
    0xA0,0xA0,0xFF,0x2E,0x2E,0x2E,0xFF,0x2A,0x2A,0x2A,0xFF,0x2B,0x2B,0x2B,0xFF,
    0x2A,0x29,0x29,0xFF,0x2D,0x6C,0x6C,0xFF,0x37,0xD4,0xD4,0xFF,0x4A,0xD8,0xD8,
    0xFF,0x5D,0x6F,0x6F,0xFF,0x45,0x45,0x45,0xFE,0x0B,0x0B,0x0B,0x9A,0x0D,0x0D,
    0x0D,0x03,0x00,0x00,0x00,0x00,0x00,0x00,0x00,0x00,0x00,0x00,0x00,0x00,0x00,
    0x00,0x00,0x00,0x00,0x00,0x00,0x00,0x00,0x00,0x00,0x00,0x00,0x00,0x00,0x00,
    0x00,0x00,0x00,0x00,0x00,0x00,0x00,0x00,0x00,0x00,0x00,0x00,0x00,0x00,0x00,
    0x00,0x00,0x00,0x00,0x00,0x00,0x00,0x00,0x00,0x00,0x00,0x00,0x00,0x00,0x00,
    0x00,0x00,0x00,0x00,0x00,0x00,0x00,0x00,0x00,0x00,0x00,0x00,0x00,0x00,0x00,
    0x00,0x00,0x00,0x00,0x00,0x00,0x00,0x00,0x00,0x00,0x00,0x00,0x00,0x00,0x00,
    0x00,0x00,0x00,0x00,0x00,0x00,0x00,0x00,0x00,0x00,0x00,0x00,0x00,0x00,0x00,
    0x00,0x00,0x00,0x00,0x00,0x00,0x00,0x00,0x00,0x00,0x00,0x00,0x00,0x00,0x00,
    0x00,0x00,0x00,0x00,0x00,0x00,0x00,0x00,0x00,0x00,0x00,0x00,0x00,0x00,0x00,
    0x00,0x00,0x00,0x00,0x00,0x00,0x00,0x00,0x00,0x00,0x00,0x00,0x00,0x00,0x00,
    0x00,0x00,0x00,0x00,0x00,0x00,0x00,0x00,0x00,0x00,0x00,0x00,0x00,0x00,0x00,
    0x00,0x00,0x00,0x00,0x00,0x00,0x00,0x00,0x00,0x00,0x00,0x00,0x00,0x00,0x00,
    0x00,0x00,0x00,0x00,0x00,0x00,0x00,0x00,0x00,0x00,0x00,0x00,0x00,0x00,0x00,
    0x00,0x00,0x00,0x00,0x00,0x00,0x00,0x00,0x00,0x00,0x00,0x00,0x00,0x00,0x00,
    0x00,0x00,0x00,0x00,0x00,0x00,0x00,0x00,0x00,0x00,0x00,0x00,0x00,0x00,0x00,
    0x00,0x00,0x00,0x00,0x00,0x00,0x00,0x00,0x00,0x00,0x00,0x00,0x00,0x00,0x00,
    0x00,0x00,0x00,0x00,0x00,0x00,0x00,0x00,0x00,0x00,0x00,0x00,0x00,0x3D,0x33,
    0x33,0x33,0xF0,0x5C,0x60,0x60,0xFF,0x53,0xB1,0xB1,0xFF,0x39,0xBE,0xBE,0xFF,
    0x2C,0x5D,0x5D,0xFF,0x2A,0x29,0x29,0xFF,0x2B,0x2B,0x2B,0xFF,0x2B,0x2B,0x2B,
    0xFF,0x2A,0x2A,0x2A,0xFF,0x91,0x91,0x91,0xFF,0xF2,0xF2,0xF2,0xFF,0xEF,0xF3,
    0xF9,0xFF,0x98,0xBF,0xE4,0xFF,0x7C,0xB3,0xE1,0xFF,0x7C,0xB3,0xE1,0xFF,0x7D,
    0xB3,0xE1,0xFF,0x7C,0xB3,0xE1,0xFF,0x7C,0xB3,0xE1,0xFF,0x7C,0xB3,0xE1,0xFF,
    0x98,0xC0,0xE4,0xFF,0xEF,0xF4,0xF9,0xFF,0xF2,0xF2,0xF2,0xFF,0x92,0x92,0x92,
    0xFF,0x2A,0x2A,0x2A,0xFF,0x2B,0x2B,0x2B,0xFF,0x2B,0x2B,0x2B,0xFF,0x2A,0x29,
    0x29,0xFF,0x2C,0x5C,0x5C,0xFF,0x38,0xBD,0xBD,0xFF,0x53,0xB1,0xB1,0xFF,0x5C,
    0x60,0x60,0xFF,0x33,0x33,0x33,0xF1,0x00,0x00,0x00,0x3E,0x00,0x00,0x00,0x00,
    0x00,0x00,0x00,0x00,0x00,0x00,0x00,0x00,0x00,0x00,0x00,0x00,0x00,0x00,0x00,
    0x00,0x00,0x00,0x00,0x00,0x00,0x00,0x00,0x00,0x00,0x00,0x00,0x00,0x00,0x00,
    0x00,0x00,0x00,0x00,0x00,0x00,0x00,0x00,0x00,0x00,0x00,0x00,0x00,0x00,0x00,
    0x00,0x00,0x00,0x00,0x00,0x00,0x00,0x00,0x00,0x00,0x00,0x00,0x00,0x00,0x00,
    0x00,0x00,0x00,0x00,0x00,0x00,0x00,0x00,0x00,0x00,0x00,0x00,0x00,0x00,0x00,
    0x00,0x00,0x00,0x00,0x00,0x00,0x00,0x00,0x00,0x00,0x00,0x00,0x00,0x00,0x00,
    0x00,0x00,0x00,0x00,0x00,0x00,0x00,0x00,0x00,0x00,0x00,0x00,0x00,0x00,0x00,
    0x00,0x00,0x00,0x00,0x00,0x00,0x00,0x00,0x00,0x00,0x00,0x00,0x00,0x00,0x00,
    0x00,0x00,0x00,0x00,0x00,0x00,0x00,0x00,0x00,0x00,0x00,0x00,0x00,0x00,0x00,
    0x00,0x00,0x00,0x00,0x00,0x00,0x00,0x00,0x00,0x00,0x00,0x00,0x00,0x00,0x00,
    0x00,0x00,0x00,0x00,0x00,0x00,0x00,0x00,0x00,0x00,0x00,0x00,0x00,0x00,0x00,
    0x00,0x00,0x00,0x00,0x00,0x00,0x00,0x00,0x00,0x00,0x00,0x00,0x00,0x00,0x00,
    0x00,0x00,0x00,0x00,0x00,0x00,0x00,0x00,0x00,0x00,0x00,0x00,0x00,0x00,0x00,
    0x00,0x00,0x00,0x00,0x00,0x00,0x00,0x00,0x00,0x00,0x00,0x00,0x00,0x00,0x00,
    0x00,0x00,0x00,0x00,0x00,0x00,0x00,0x00,0x00,0x00,0x00,0x00,0x00,0x00,0x00,
    0x00,0x00,0x00,0x00,0x00,0x00,0x00,0x00,0x00,0x00,0x00,0x00,0x00,0x00,0x00,
    0x02,0x02,0x02,0x0C,0x1D,0x1D,0x1D,0xC8,0x53,0x54,0x54,0xFF,0x59,0x76,0x76,
    0xFF,0x3D,0x9A,0x9A,0xFF,0x2B,0x4A,0x4A,0xFF,0x2A,0x2A,0x2A,0xFF,0x2A,0x2A,
    0x2A,0xFF,0x2B,0x2B,0x2B,0xFF,0x30,0x30,0x30,0xFF,0x87,0x87,0x87,0xFF,0xED,
    0xED,0xED,0xFF,0xFE,0xFE,0xFE,0xFF,0xD0,0xDF,0xF0,0xFF,0x82,0xB5,0xE1,0xFF,
    0x7C,0xB3,0xE1,0xFF,0x7C,0xB3,0xE1,0xFF,0x8E,0xB9,0xE1,0xFF,0x8B,0xB8,0xE1,
    0xFF,0x7C,0xB3,0xE1,0xFF,0x7C,0xB3,0xE1,0xFF,0x82,0xB5,0xE1,0xFF,0xD1,0xE0,
    0xF0,0xFF,0xFE,0xFE,0xFE,0xFF,0xED,0xED,0xED,0xFF,0x88,0x88,0x88,0xFF,0x31,
    0x31,0x31,0xFF,0x2B,0x2B,0x2B,0xFF,0x2A,0x2A,0x2A,0xFF,0x2A,0x2A,0x2A,0xFF,
    0x2B,0x49,0x49,0xFF,0x3D,0x98,0x98,0xFF,0x59,0x75,0x75,0xFF,0x53,0x53,0x53,
    0xFF,0x1D,0x1D,0x1D,0xCA,0x03,0x03,0x03,0x0D,0x00,0x00,0x00,0x00,0x00,0x00,
    0x00,0x00,0x00,0x00,0x00,0x00,0x00,0x00,0x00,0x00,0x00,0x00,0x00,0x00,0x00,
    0x00,0x00,0x00,0x00,0x00,0x00,0x00,0x00,0x00,0x00,0x00,0x00,0x00,0x00,0x00,
    0x00,0x00,0x00,0x00,0x00,0x00,0x00,0x00,0x00,0x00,0x00,0x00,0x00,0x00,0x00,
    0x00,0x00,0x00,0x00,0x00,0x00,0x00,0x00,0x00,0x00,0x00,0x00,0x00,0x00,0x00,
    0x00,0x00,0x00,0x00,0x00,0x00,0x00,0x00,0x00,0x00,0x00,0x00,0x00,0x00,0x00,
    0x00,0x00,0x00,0x00,0x00,0x00,0x00,0x00,0x00,0x00,0x00,0x00,0x00,0x00,0x00,
    0x00,0x00,0x00,0x00,0x00,0x00,0x00,0x00,0x00,0x00,0x00,0x00,0x00,0x00,0x00,
    0x00,0x00,0x00,0x00,0x00,0x00,0x00,0x00,0x00,0x00,0x00,0x00,0x00,0x00,0x00,
    0x00,0x00,0x00,0x00,0x00,0x00,0x00,0x00,0x00,0x00,0x00,0x00,0x00,0x00,0x00,
    0x00,0x00,0x00,0x00,0x00,0x00,0x00,0x00,0x00,0x00,0x00,0x00,0x00,0x00,0x00,
    0x00,0x00,0x00,0x00,0x00,0x00,0x00,0x00,0x00,0x00,0x00,0x00,0x00,0x00,0x00,
    0x00,0x00,0x00,0x00,0x00,0x00,0x00,0x00,0x00,0x00,0x00,0x00,0x00,0x00,0x00,
    0x00,0x00,0x00,0x00,0x00,0x00,0x00,0x00,0x00,0x00,0x00,0x00,0x00,0x00,0x00,
    0x00,0x00,0x00,0x00,0x00,0x00,0x00,0x00,0x00,0x00,0x00,0x00,0x00,0x00,0x00,
    0x00,0x00,0x00,0x00,0x00,0x00,0x00,0x00,0x00,0x00,0x00,0x00,0x00,0x00,0x00,
    0x00,0x00,0x00,0x00,0x00,0x10,0x10,0x10,0x01,0x0F,0x0F,0x0F,0x80,0x42,0x42,
    0x42,0xFF,0x5C,0x5C,0x5C,0xFF,0x44,0x50,0x50,0xFF,0x2A,0x38,0x38,0xFF,0x2A,
    0x29,0x29,0xFF,0x2A,0x2A,0x2A,0xFF,0x2B,0x2B,0x2B,0xFF,0x2A,0x2A,0x2A,0xFF,
    0x7F,0x7F,0x7F,0xFF,0xE6,0xE6,0xE6,0xFF,0xFF,0xFF,0xFF,0xFF,0xF7,0xF9,0xFC,
    0xFF,0xAB,0xC9,0xE8,0xFF,0x7C,0xB3,0xE1,0xFF,0x7C,0xB3,0xE1,0xFF,0x7A,0xB2,
    0xE1,0xFF,0xAB,0xC9,0xE7,0xFF,0xA8,0xC7,0xE6,0xFF,0x7B,0xB2,0xE1,0xFF,0x7C,
    0xB3,0xE1,0xFF,0x7C,0xB3,0xE1,0xFF,0xAC,0xCA,0xE8,0xFF,0xF7,0xF9,0xFC,0xFF,
    0xFF,0xFF,0xFF,0xFF,0xE7,0xE7,0xE7,0xFF,0x80,0x80,0x80,0xFF,0x2A,0x2A,0x2A,
    0xFF,0x2B,0x2B,0x2B,0xFF,0x2A,0x2A,0x2A,0xFF,0x2A,0x29,0x29,0xFF,0x2A,0x37,
    0x37,0xFF,0x43,0x4E,0x4E,0xFF,0x5C,0x5C,0x5C,0xFF,0x42,0x42,0x42,0xFF,0x0F,
    0x0F,0x0F,0x82,0x14,0x14,0x14,0x01,0x00,0x00,0x00,0x00,0x00,0x00,0x00,0x00,
    0x00,0x00,0x00,0x00,0x00,0x00,0x00,0x00,0x00,0x00,0x00,0x00,0x00,0x00,0x00,
    0x00,0x00,0x00,0x00,0x00,0x00,0x00,0x00,0x00,0x00,0x00,0x00,0x00,0x00,0x00,
    0x00,0x00,0x00,0x00,0x00,0x00,0x00,0x00,0x00,0x00,0x00,0x00,0x00,0x00,0x00,
    0x00,0x00,0x00,0x00,0x00,0x00,0x00,0x00,0x00,0x00,0x00,0x00,0x00,0x00,0x00,
    0x00,0x00,0x00,0x00,0x00,0x00,0x00,0x00,0x00,0x00,0x00,0x00,0x00,0x00,0x00,
    0x00,0x00,0x00,0x00,0x00,0x00,0x00,0x00,0x00,0x00,0x00,0x00,0x00,0x00,0x00,
    0x00,0x00,0x00,0x00,0x00,0x00,0x00,0x00,0x00,0x00,0x00,0x00,0x00,0x00,0x00,
    0x00,0x00,0x00,0x00,0x00,0x00,0x00,0x00,0x00,0x00,0x00,0x00,0x00,0x00,0x00,
    0x00,0x00,0x00,0x00,0x00,0x00,0x00,0x00,0x00,0x00,0x00,0x00,0x00,0x00,0x00,
    0x00,0x00,0x00,0x00,0x00,0x00,0x00,0x00,0x00,0x00,0x00,0x00,0x00,0x00,0x00,
    0x00,0x00,0x00,0x00,0x00,0x00,0x00,0x00,0x00,0x00,0x00,0x00,0x00,0x00,0x00,
    0x00,0x00,0x00,0x00,0x00,0x00,0x00,0x00,0x00,0x00,0x00,0x00,0x00,0x00,0x00,
    0x00,0x00,0x00,0x00,0x00,0x00,0x00,0x00,0x00,0x00,0x00,0x00,0x00,0x00,0x00,
    0x00,0x00,0x00,0x00,0x00,0x00,0x00,0x00,0x00,0x00,0x00,0x00,0x00,0x00,0x00,
    0x00,0x00,0x00,0x00,0x00,0x00,0x00,0x00,0x00,0x00,0x00,0x00,0x00,0x00,0x0A,
    0x0A,0x0A,0x3A,0x2B,0x2B,0x2B,0xF3,0x5A,0x5A,0x5A,0xFF,0x4E,0x4E,0x4E,0xFF,
    0x2D,0x2D,0x2D,0xFF,0x2A,0x2A,0x2A,0xFF,0x2A,0x2A,0x2A,0xFF,0x2A,0x2A,0x2A,
    0xFF,0x2A,0x2A,0x2A,0xFF,0x7A,0x7A,0x7A,0xFF,0xE8,0xE8,0xE8,0xFF,0xFF,0xFF,
    0xFF,0xFF,0xFF,0xFF,0xFF,0xFF,0xE7,0xEE,0xF6,0xFF,0x85,0xB6,0xE1,0xFF,0x7C,
    0xB3,0xE1,0xFF,0x7C,0xB3,0xE1,0xFF,0x7A,0xB2,0xE1,0xFF,0xBF,0xD5,0xEC,0xFF,
    0xBD,0xD4,0xEB,0xFF,0x7A,0xB2,0xE1,0xFF,0x7C,0xB3,0xE1,0xFF,0x7C,0xB3,0xE1,
    0xFF,0x86,0xB7,0xE1,0xFF,0xE8,0xEF,0xF7,0xFF,0xFF,0xFF,0xFF,0xFF,0xFF,0xFF,
    0xFF,0xFF,0xE8,0xE8,0xE8,0xFF,0x7B,0x7B,0x7B,0xFF,0x2B,0x2B,0x2B,0xFF,0x2A,
    0x2A,0x2A,0xFF,0x2A,0x2A,0x2A,0xFF,0x2A,0x2A,0x2A,0xFF,0x2D,0x2D,0x2D,0xFF,
    0x4E,0x4E,0x4E,0xFF,0x5A,0x5A,0x5A,0xFF,0x2B,0x2B,0x2B,0xF4,0x0C,0x0C,0x0C,
    0x3B,0x00,0x00,0x00,0x00,0x00,0x00,0x00,0x00,0x00,0x00,0x00,0x00,0x00,0x00,
    0x00,0x00,0x00,0x00,0x00,0x00,0x00,0x00,0x00,0x00,0x00,0x00,0x00,0x00,0x00,
    0x00,0x00,0x00,0x00,0x00,0x00,0x00,0x00,0x00,0x00,0x00,0x00,0x00,0x00,0x00,
    0x00,0x00,0x00,0x00,0x00,0x00,0x00,0x00,0x00,0x00,0x00,0x00,0x00,0x00,0x00,
    0x00,0x00,0x00,0x00,0x00,0x00,0x00,0x00,0x00,0x00,0x00,0x00,0x00,0x00,0x00,
    0x00,0x00,0x00,0x00,0x00,0x00,0x00,0x00,0x00,0x00,0x00,0x00,0x00,0x00,0x00,
    0x00,0x00,0x00,0x00,0x00,0x00,0x00,0x00,0x00,0x00,0x00,0x00,0x00,0x00,0x00,
    0x00,0x00,0x00,0x00,0x00,0x00,0x00,0x00,0x00,0x00,0x00,0x00,0x00,0x00,0x00,
    0x00,0x00,0x00,0x00,0x00,0x00,0x00,0x00,0x00,0x00,0x00,0x00,0x00,0x00,0x00,
    0x00,0x00,0x00,0x00,0x00,0x00,0x00,0x00,0x00,0x00,0x00,0x00,0x00,0x00,0x00,
    0x00,0x00,0x00,0x00,0x00,0x00,0x00,0x00,0x00,0x00,0x00,0x00,0x00,0x00,0x00,
    0x00,0x00,0x00,0x00,0x00,0x00,0x00,0x00,0x00,0x00,0x00,0x00,0x00,0x00,0x00,
    0x00,0x00,0x00,0x00,0x00,0x00,0x00,0x00,0x00,0x00,0x00,0x00,0x00,0x00,0x00,
    0x00,0x00,0x00,0x00,0x00,0x00,0x00,0x00,0x00,0x00,0x00,0x00,0x00,0x00,0x00,
    0x00,0x00,0x00,0x00,0x00,0x00,0x00,0x00,0x00,0x00,0x00,0x00,0x00,0x00,0x00,
    0x00,0x00,0x00,0x00,0x0C,0x0C,0x0C,0x0D,0x17,0x17,0x17,0xC5,0x50,0x50,0x50,
    0xFF,0x57,0x57,0x57,0xFF,0x35,0x35,0x35,0xFF,0x2A,0x2A,0x2A,0xFF,0x2A,0x2A,
    0x2A,0xFF,0x2A,0x2A,0x2A,0xFF,0x31,0x31,0x31,0xFF,0x80,0x80,0x80,0xFF,0xE8,
    0xE8,0xE8,0xFF,0xFF,0xFF,0xFF,0xFF,0xFF,0xFF,0xFF,0xFF,0xFE,0xFE,0xFE,0xFF,
    0xC2,0xD6,0xEC,0xFF,0x7A,0xB2,0xE1,0xFF,0x7C,0xB3,0xE1,0xFF,0x7C,0xB3,0xE1,
    0xFF,0x7A,0xB2,0xE1,0xFF,0xCE,0xDD,0xEE,0xFF,0xCC,0xDC,0xEE,0xFF,0x7A,0xB2,
    0xE1,0xFF,0x7C,0xB3,0xE1,0xFF,0x7C,0xB3,0xE1,0xFF,0x7A,0xB2,0xE1,0xFF,0xC3,
    0xD7,0xEC,0xFF,0xFE,0xFE,0xFF,0xFF,0xFF,0xFF,0xFF,0xFF,0xFF,0xFF,0xFF,0xFF,
    0xE8,0xE8,0xE8,0xFF,0x81,0x81,0x81,0xFF,0x32,0x32,0x32,0xFF,0x2A,0x2A,0x2A,
    0xFF,0x2A,0x2A,0x2A,0xFF,0x2A,0x2A,0x2A,0xFF,0x35,0x35,0x35,0xFF,0x57,0x57,
    0x57,0xFF,0x50,0x50,0x50,0xFF,0x17,0x17,0x17,0xC6,0x0F,0x0F,0x0F,0x0D,0x00,
    0x00,0x00,0x00,0x00,0x00,0x00,0x00,0x00,0x00,0x00,0x00,0x00,0x00,0x00,0x00,
    0x00,0x00,0x00,0x00,0x00,0x00,0x00,0x00,0x00,0x00,0x00,0x00,0x00,0x00,0x00,
    0x00,0x00,0x00,0x00,0x00,0x00,0x00,0x00,0x00,0x00,0x00,0x00,0x00,0x00,0x00,
    0x00,0x00,0x00,0x00,0x00,0x00,0x00,0x00,0x00,0x00,0x00,0x00,0x00,0x00,0x00,
    0x00,0x00,0x00,0x00,0x00,0x00,0x00,0x00,0x00,0x00,0x00,0x00,0x00,0x00,0x00,
    0x00,0x00,0x00,0x00,0x00,0x00,0x00,0x00,0x00,0x00,0x00,0x00,0x00,0x00,0x00,
    0x00,0x00,0x00,0x00,0x00,0x00,0x00,0x00,0x00,0x00,0x00,0x00,0x00,0x00,0x00,
    0x00,0x00,0x00,0x00,0x00,0x00,0x00,0x00,0x00,0x00,0x00,0x00,0x00,0x00,0x00,
    0x00,0x00,0x00,0x00,0x00,0x00,0x00,0x00,0x00,0x00,0x00,0x00,0x00,0x00,0x00,
    0x00,0x00,0x00,0x00,0x00,0x00,0x00,0x00,0x00,0x00,0x00,0x00,0x00,0x00,0x00,
    0x00,0x00,0x00,0x00,0x00,0x00,0x00,0x00,0x00,0x00,0x00,0x00,0x00,0x00,0x00,
    0x00,0x00,0x00,0x00,0x00,0x00,0x00,0x00,0x00,0x00,0x00,0x00,0x00,0x00,0x00,
    0x00,0x00,0x00,0x00,0x00,0x00,0x00,0x00,0x00,0x00,0x00,0x00,0x00,0x00,0x00,
    0x00,0x00,0x00,0x00,0x00,0x00,0x00,0x00,0x00,0x00,0x00,0x00,0x00,0x00,0x00,
    0x00,0x00,0x00,0x00,0x00,0x00,0x00,0x00,0x00,0x0B,0x0B,0x0B,0x01,0x06,0x06,
    0x06,0x6F,0x41,0x41,0x41,0xFC,0x5C,0x5C,0x5C,0xFF,0x42,0x42,0x42,0xFF,0x2B,
    0x2B,0x2B,0xFF,0x2A,0x2A,0x2A,0xFF,0x2A,0x2A,0x2A,0xFF,0x2B,0x2B,0x2B,0xFF,
    0x89,0x89,0x89,0xFF,0xE7,0xE7,0xE7,0xFF,0xFF,0xFF,0xFF,0xFF,0xFF,0xFF,0xFF,
    0xFF,0xFF,0xFF,0xFF,0xFF,0xF7,0xF9,0xFB,0xFF,0x95,0xBE,0xE3,0xFF,0x7B,0xB3,
    0xE1,0xFF,0x7C,0xB3,0xE1,0xFF,0x7C,0xB3,0xE1,0xFF,0x7C,0xB3,0xE1,0xFF,0xD7,
    0xE2,0xEE,0xFF,0xD5,0xE0,0xEE,0xFF,0x7C,0xB3,0xE1,0xFF,0x7C,0xB3,0xE1,0xFF,
    0x7C,0xB3,0xE1,0xFF,0x7B,0xB3,0xE1,0xFF,0x96,0xBE,0xE3,0xFF,0xF7,0xF9,0xFC,
    0xFF,0xFF,0xFF,0xFF,0xFF,0xFF,0xFF,0xFF,0xFF,0xFF,0xFF,0xFF,0xFF,0xE7,0xE7,
    0xE7,0xFF,0x8A,0x8A,0x8A,0xFF,0x2B,0x2B,0x2B,0xFF,0x2A,0x2A,0x2A,0xFF,0x2A,
    0x2A,0x2A,0xFF,0x2B,0x2B,0x2B,0xFF,0x42,0x42,0x42,0xFF,0x5C,0x5C,0x5C,0xFF,
    0x41,0x41,0x41,0xFC,0x07,0x07,0x07,0x6F,0x0E,0x0E,0x0E,0x01,0x00,0x00,0x00,
    0x00,0x00,0x00,0x00,0x00,0x00,0x00,0x00,0x00,0x00,0x00,0x00,0x00,0x00,0x00,
    0x00,0x00,0x00,0x00,0x00,0x00,0x00,0x00,0x00,0x00,0x00,0x00,0x00,0x00,0x00,
    0x00,0x00,0x00,0x00,0x00,0x00,0x00,0x00,0x00,0x00,0x00,0x00,0x00,0x00,0x00,
    0x00,0x00,0x00,0x00,0x00,0x00,0x00,0x00,0x00,0x00,0x00,0x00,0x00,0x00,0x00,
    0x00,0x00,0x00,0x00,0x00,0x00,0x00,0x00,0x00,0x00,0x00,0x00,0x00,0x00,0x00,
    0x00,0x00,0x00,0x00,0x00,0x00,0x00,0x00,0x00,0x00,0x00,0x00,0x00,0x00,0x00,
    0x00,0x00,0x00,0x00,0x00,0x00,0x00,0x00,0x00,0x00,0x00,0x00,0x00,0x00,0x00,
    0x00,0x00,0x00,0x00,0x00,0x00,0x00,0x00,0x00,0x00,0x00,0x00,0x00,0x00,0x00,
    0x00,0x00,0x00,0x00,0x00,0x00,0x00,0x00,0x00,0x00,0x00,0x00,0x00,0x00,0x00,
    0x00,0x00,0x00,0x00,0x00,0x00,0x00,0x00,0x00,0x00,0x00,0x00,0x00,0x00,0x00,
    0x00,0x00,0x00,0x00,0x00,0x00,0x00,0x00,0x00,0x00,0x00,0x00,0x00,0x00,0x00,
    0x00,0x00,0x00,0x00,0x00,0x00,0x00,0x00,0x00,0x00,0x00,0x00,0x00,0x00,0x00,
    0x00,0x00,0x00,0x00,0x00,0x00,0x00,0x00,0x00,0x00,0x00,0x00,0x00,0x00,0x00,
    0x00,0x00,0x00,0x00,0x00,0x00,0x00,0x00,0x00,0x00,0x00,0x00,0x00,0x00,0x00,
    0x00,0x00,0x00,0x03,0x03,0x03,0x20,0x2D,0x2D,0x2D,0xED,0x58,0x58,0x58,0xFF,
    0x4E,0x4E,0x4E,0xFF,0x2D,0x2D,0x2D,0xFF,0x2A,0x2A,0x2A,0xFF,0x2A,0x2A,0x2A,
    0xFF,0x2B,0x2B,0x2B,0xFF,0x8D,0x8D,0x8D,0xFF,0xEE,0xEE,0xEE,0xFF,0xFF,0xFF,
    0xFF,0xFF,0xFF,0xFF,0xFF,0xFF,0xFF,0xFF,0xFF,0xFF,0xFF,0xFF,0xFF,0xFF,0xDD,
    0xE7,0xF3,0xFF,0x80,0xB5,0xE1,0xFF,0x7C,0xB3,0xE1,0xFF,0x7C,0xB3,0xE1,0xFF,
    0x7C,0xB3,0xE1,0xFF,0x79,0xB3,0xDE,0xFF,0xC3,0xCC,0xD5,0xFF,0xC1,0xCB,0xD4,
    0xFF,0x79,0xB3,0xDE,0xFF,0x7C,0xB3,0xE1,0xFF,0x7C,0xB3,0xE1,0xFF,0x7C,0xB3,
    0xE1,0xFF,0x81,0xB5,0xE1,0xFF,0xDE,0xE8,0xF3,0xFF,0xFF,0xFF,0xFF,0xFF,0xFF,
    0xFF,0xFF,0xFF,0xFF,0xFF,0xFF,0xFF,0xFF,0xFF,0xFF,0xFF,0xEE,0xEE,0xEE,0xFF,
    0x8E,0x8E,0x8E,0xFF,0x2B,0x2B,0x2B,0xFF,0x2A,0x2A,0x2A,0xFF,0x2A,0x2A,0x2A,
    0xFF,0x2D,0x2D,0x2D,0xFF,0x4E,0x4E,0x4E,0xFF,0x58,0x58,0x58,0xFF,0x2D,0x2D,
    0x2D,0xEE,0x04,0x04,0x04,0x22,0x00,0x00,0x00,0x00,0x00,0x00,0x00,0x00,0x00,
    0x00,0x00,0x00,0x00,0x00,0x00,0x00,0x00,0x00,0x00,0x00,0x00,0x00,0x00,0x00,
    0x00,0x00,0x00,0x00,0x00,0x00,0x00,0x00,0x00,0x00,0x00,0x00,0x00,0x00,0x00,
    0x00,0x00,0x00,0x00,0x00,0x00,0x00,0x00,0x00,0x00,0x00,0x00,0x00,0x00,0x00,
    0x00,0x00,0x00,0x00,0x00,0x00,0x00,0x00,0x00,0x00,0x00,0x00,0x00,0x00,0x00,
    0x00,0x00,0x00,0x00,0x00,0x00,0x00,0x00,0x00,0x00,0x00,0x00,0x00,0x00,0x00,
    0x00,0x00,0x00,0x00,0x00,0x00,0x00,0x00,0x00,0x00,0x00,0x00,0x00,0x00,0x00,
    0x00,0x00,0x00,0x00,0x00,0x00,0x00,0x00,0x00,0x00,0x00,0x00,0x00,0x00,0x00,
    0x00,0x00,0x00,0x00,0x00,0x00,0x00,0x00,0x00,0x00,0x00,0x00,0x00,0x00,0x00,
    0x00,0x00,0x00,0x00,0x00,0x00,0x00,0x00,0x00,0x00,0x00,0x00,0x00,0x00,0x00,
    0x00,0x00,0x00,0x00,0x00,0x00,0x00,0x00,0x00,0x00,0x00,0x00,0x00,0x00,0x00,
    0x00,0x00,0x00,0x00,0x00,0x00,0x00,0x00,0x00,0x00,0x00,0x00,0x00,0x00,0x00,
    0x00,0x00,0x00,0x00,0x00,0x00,0x00,0x00,0x00,0x00,0x00,0x00,0x00,0x00,0x00,
    0x00,0x00,0x00,0x00,0x00,0x00,0x00,0x00,0x00,0x00,0x00,0x00,0x00,0x00,0x00,
    0x00,0x00,0x00,0x00,0x00,0x00,0x00,0x00,0x04,0x04,0x04,0x05,0x16,0x16,0x16,
    0xBD,0x4C,0x4C,0x4C,0xFF,0x57,0x57,0x57,0xFF,0x32,0x32,0x32,0xFF,0x2A,0x2A,
    0x2A,0xFF,0x2A,0x2A,0x2A,0xFF,0x39,0x39,0x39,0xFF,0x85,0x85,0x85,0xFF,0xE7,
    0xE7,0xE7,0xFF,0xFF,0xFF,0xFF,0xFF,0xFF,0xFF,0xFF,0xFF,0xFF,0xFF,0xFF,0xFF,
    0xFF,0xFF,0xFF,0xFF,0xFE,0xFF,0xFF,0xFF,0xB8,0xD1,0xEA,0xFF,0x7D,0xB3,0xE1,
    0xFF,0x7C,0xB3,0xE1,0xFF,0x7C,0xB3,0xE1,0xFF,0x77,0xB4,0xDF,0xFF,0x62,0xBB,
    0xD3,0xFF,0xBA,0xC8,0xCB,0xFF,0xB9,0xC8,0xCB,0xFF,0x5F,0xBB,0xD3,0xFF,0x77,
    0xB4,0xDF,0xFF,0x7C,0xB3,0xE1,0xFF,0x7C,0xB3,0xE1,0xFF,0x7D,0xB3,0xE1,0xFF,
    0xBA,0xD2,0xEA,0xFF,0xFF,0xFF,0xFF,0xFF,0xFF,0xFF,0xFF,0xFF,0xFF,0xFF,0xFF,
    0xFF,0xFF,0xFF,0xFF,0xFF,0xFF,0xFF,0xFF,0xFF,0xE7,0xE7,0xE7,0xFF,0x86,0x86,
    0x86,0xFF,0x39,0x39,0x39,0xFF,0x2A,0x2A,0x2A,0xFF,0x2A,0x2A,0x2A,0xFF,0x32,
    0x32,0x32,0xFF,0x57,0x57,0x57,0xFF,0x4C,0x4C,0x4C,0xFF,0x16,0x16,0x16,0xBD,
    0x06,0x06,0x06,0x05,0x00,0x00,0x00,0x00,0x00,0x00,0x00,0x00,0x00,0x00,0x00,
    0x00,0x00,0x00,0x00,0x00,0x00,0x00,0x00,0x00,0x00,0x00,0x00,0x00,0x00,0x00,
    0x00,0x00,0x00,0x00,0x00,0x00,0x00,0x00,0x00,0x00,0x00,0x00,0x00,0x00,0x00,
    0x00,0x00,0x00,0x00,0x00,0x00,0x00,0x00,0x00,0x00,0x00,0x00,0x00,0x00,0x00,
    0x00,0x00,0x00,0x00,0x00,0x00,0x00,0x00,0x00,0x00,0x00,0x00,0x00,0x00,0x00,
    0x00,0x00,0x00,0x00,0x00,0x00,0x00,0x00,0x00,0x00,0x00,0x00,0x00,0x00,0x00,
    0x00,0x00,0x00,0x00,0x00,0x00,0x00,0x00,0x00,0x00,0x00,0x00,0x00,0x00,0x00,
    0x00,0x00,0x00,0x00,0x00,0x00,0x00,0x00,0x00,0x00,0x00,0x00,0x00,0x00,0x00,
    0x00,0x00,0x00,0x00,0x00,0x00,0x00,0x00,0x00,0x00,0x00,0x00,0x00,0x00,0x00,
    0x00,0x00,0x00,0x00,0x00,0x00,0x00,0x00,0x00,0x00,0x00,0x00,0x00,0x00,0x00,
    0x00,0x00,0x00,0x00,0x00,0x00,0x00,0x00,0x00,0x00,0x00,0x00,0x00,0x00,0x00,
    0x00,0x00,0x00,0x00,0x00,0x00,0x00,0x00,0x00,0x00,0x00,0x00,0x00,0x00,0x00,
    0x00,0x00,0x00,0x00,0x00,0x00,0x00,0x00,0x00,0x00,0x00,0x00,0x00,0x00,0x00,
    0x00,0x00,0x00,0x00,0x00,0x00,0x00,0x00,0x00,0x00,0x00,0x00,0x00,0x00,0x00,
    0x00,0x00,0x06,0x06,0x06,0x68,0x39,0x39,0x39,0xFD,0x59,0x59,0x59,0xFF,0x3E,
    0x3E,0x3E,0xFF,0x2A,0x2A,0x2A,0xFF,0x28,0x28,0x28,0xFF,0x40,0x40,0x40,0xFF,
    0x93,0x93,0x93,0xFF,0xD3,0xD3,0xD3,0xFF,0xFB,0xFB,0xFB,0xFF,0xFF,0xFF,0xFF,
    0xFF,0xFF,0xFF,0xFF,0xFF,0xFF,0xFF,0xFF,0xFF,0xFF,0xFF,0xFF,0xFF,0xF5,0xF7,
    0xFB,0xFF,0x9B,0xC1,0xE5,0xFF,0x7C,0xB3,0xE1,0xFF,0x7C,0xB3,0xE1,0xFF,0x76,
    0xB4,0xDE,0xFF,0x56,0xBD,0xD4,0xFF,0x51,0xC3,0xCD,0xFF,0xBB,0xC9,0xCB,0xFF,
    0xBB,0xC9,0xCB,0xFF,0x4E,0xC3,0xCE,0xFF,0x56,0xBD,0xD4,0xFF,0x76,0xB4,0xDE,
    0xFF,0x7C,0xB3,0xE1,0xFF,0x7C,0xB3,0xE1,0xFF,0x9C,0xC2,0xE5,0xFF,0xF5,0xF8,
    0xFB,0xFF,0xFF,0xFF,0xFF,0xFF,0xFF,0xFF,0xFF,0xFF,0xFF,0xFF,0xFF,0xFF,0xFF,
    0xFF,0xFF,0xFF,0xFB,0xFB,0xFB,0xFF,0xD3,0xD3,0xD3,0xFF,0x94,0x94,0x94,0xFF,
    0x41,0x41,0x41,0xFF,0x28,0x28,0x28,0xFF,0x2A,0x2A,0x2A,0xFF,0x3E,0x3E,0x3E,
    0xFF,0x59,0x59,0x59,0xFF,0x39,0x39,0x39,0xFD,0x06,0x06,0x06,0x69,0x1A,0x1A,
    0x1A,0x01,0x00,0x00,0x00,0x00,0x00,0x00,0x00,0x00,0x00,0x00,0x00,0x00,0x00,
    0x00,0x00,0x00,0x00,0x00,0x00,0x00,0x00,0x00,0x00,0x00,0x00,0x00,0x00,0x00,
    0x00,0x00,0x00,0x00,0x00,0x00,0x00,0x00,0x00,0x00,0x00,0x00,0x00,0x00,0x00,
    0x00,0x00,0x00,0x00,0x00,0x00,0x00,0x00,0x00,0x00,0x00,0x00,0x00,0x00,0x00,
    0x00,0x00,0x00,0x00,0x00,0x00,0x00,0x00,0x00,0x00,0x00,0x00,0x00,0x00,0x00,
    0x00,0x00,0x00,0x00,0x00,0x00,0x00,0x00,0x00,0x00,0x00,0x00,0x00,0x00,0x00,
    0x00,0x00,0x00,0x00,0x00,0x00,0x00,0x00,0x00,0x00,0x00,0x00,0x00,0x00,0x00,
    0x00,0x00,0x00,0x00,0x00,0x00,0x00,0x00,0x00,0x00,0x00,0x00,0x00,0x00,0x00,
    0x00,0x00,0x00,0x00,0x00,0x00,0x00,0x00,0x00,0x00,0x00,0x00,0x00,0x00,0x00,
    0x00,0x00,0x00,0x00,0x00,0x00,0x00,0x00,0x00,0x00,0x00,0x00,0x00,0x00,0x00,
    0x00,0x00,0x00,0x00,0x00,0x00,0x00,0x00,0x00,0x00,0x00,0x00,0x00,0x00,0x00,
    0x00,0x00,0x00,0x00,0x00,0x00,0x00,0x00,0x00,0x00,0x00,0x00,0x00,0x00,0x00,
    0x00,0x00,0x00,0x00,0x00,0x00,0x00,0x00,0x00,0x00,0x00,0x00,0x00,0x00,0x00,
    0x00,0x00,0x00,0x00,0x00,0x00,0x00,0x07,0x07,0x07,0x22,0x23,0x23,0x23,0xE1,
    0x57,0x57,0x57,0xFF,0x4B,0x4B,0x4B,0xFF,0x2D,0x2D,0x2D,0xFF,0x2B,0x2B,0x2B,
    0xFF,0x51,0x51,0x51,0xFF,0xA6,0xA6,0xA6,0xFF,0xCA,0xCA,0xCA,0xFF,0xEB,0xEB,
    0xEB,0xFF,0xFF,0xFF,0xFF,0xFF,0xFF,0xFF,0xFF,0xFF,0xFF,0xFF,0xFF,0xFF,0xFF,
    0xFF,0xFF,0xFF,0xFF,0xFF,0xFF,0xFF,0xE2,0xEB,0xF5,0xFF,0x8C,0xBA,0xE3,0xFF,
    0x7C,0xB3,0xE1,0xFF,0x73,0xB5,0xDD,0xFF,0x4F,0xBF,0xD3,0xFF,0x36,0xC5,0xD0,
    0xFF,0x5C,0xC4,0xCE,0xFF,0xBD,0xC9,0xCB,0xFF,0xBD,0xC9,0xCB,0xFF,0x58,0xC4,
    0xCD,0xFF,0x36,0xC5,0xD0,0xFF,0x4F,0xBF,0xD3,0xFF,0x73,0xB5,0xDC,0xFF,0x7C,
    0xB3,0xE1,0xFF,0x8D,0xBA,0xE3,0xFF,0xE3,0xEC,0xF5,0xFF,0xFF,0xFF,0xFF,0xFF,
    0xFF,0xFF,0xFF,0xFF,0xFF,0xFF,0xFF,0xFF,0xFF,0xFF,0xFF,0xFF,0xFF,0xFF,0xFF,
    0xFF,0xEB,0xEB,0xEB,0xFF,0xCA,0xCA,0xCA,0xFF,0xA7,0xA7,0xA7,0xFF,0x53,0x53,
    0x53,0xFF,0x2B,0x2B,0x2B,0xFF,0x2D,0x2D,0x2D,0xFF,0x4B,0x4B,0x4B,0xFF,0x57,
    0x57,0x57,0xFF,0x23,0x23,0x23,0xE1,0x09,0x09,0x09,0x23,0x00,0x00,0x00,0x00,
    0x00,0x00,0x00,0x00,0x00,0x00,0x00,0x00,0x00,0x00,0x00,0x00,0x00,0x00,0x00,
    0x00,0x00,0x00,0x00,0x00,0x00,0x00,0x00,0x00,0x00,0x00,0x00,0x00,0x00,0x00,
    0x00,0x00,0x00,0x00,0x00,0x00,0x00,0x00,0x00,0x00,0x00,0x00,0x00,0x00,0x00,
    0x00,0x00,0x00,0x00,0x00,0x00,0x00,0x00,0x00,0x00,0x00,0x00,0x00,0x00,0x00,
    0x00,0x00,0x00,0x00,0x00,0x00,0x00,0x00,0x00,0x00,0x00,0x00,0x00,0x00,0x00,
    0x00,0x00,0x00,0x00,0x00,0x00,0x00,0x00,0x00,0x00,0x00,0x00,0x00,0x00,0x00,
    0x00,0x00,0x00,0x00,0x00,0x00,0x00,0x00,0x00,0x00,0x00,0x00,0x00,0x00,0x00,
    0x00,0x00,0x00,0x00,0x00,0x00,0x00,0x00,0x00,0x00,0x00,0x00,0x00,0x00,0x00,
    0x00,0x00,0x00,0x00,0x00,0x00,0x00,0x00,0x00,0x00,0x00,0x00,0x00,0x00,0x00,
    0x00,0x00,0x00,0x00,0x00,0x00,0x00,0x00,0x00,0x00,0x00,0x00,0x00,0x00,0x00,
    0x00,0x00,0x00,0x00,0x00,0x00,0x00,0x00,0x00,0x00,0x00,0x00,0x00,0x00,0x00,
    0x00,0x00,0x00,0x00,0x00,0x00,0x00,0x00,0x00,0x00,0x00,0x00,0x00,0x00,0x00,
    0x00,0x00,0x00,0x00,0x00,0x00,0x00,0x00,0x00,0x00,0x00,0x00,0x07,0x07,0x07,
    0x05,0x12,0x12,0x12,0x9E,0x4C,0x4C,0x4C,0xFF,0x55,0x55,0x55,0xFF,0x32,0x32,
    0x32,0xFF,0x31,0x31,0x31,0xFF,0x6A,0x6A,0x6A,0xFF,0xB2,0xB2,0xB2,0xFF,0xCA,
    0xCA,0xCA,0xFF,0xD6,0xD6,0xD6,0xFF,0xFA,0xFA,0xFA,0xFF,0xFF,0xFF,0xFF,0xFF,
    0xFF,0xFF,0xFF,0xFF,0xFF,0xFF,0xFF,0xFF,0xFF,0xFF,0xFF,0xFF,0xFE,0xFE,0xFF,
    0xFF,0xCE,0xDE,0xF0,0xFF,0x7F,0xB4,0xE1,0xFF,0x70,0xB6,0xDB,0xFF,0x4A,0xC0,
    0xD2,0xFF,0x36,0xC5,0xD0,0xFF,0x34,0xC5,0xD0,0xFF,0x63,0xC4,0xCD,0xFF,0xBF,
    0xC9,0xCB,0xFF,0xBF,0xC9,0xCB,0xFF,0x61,0xC4,0xCD,0xFF,0x34,0xC5,0xD0,0xFF,
    0x36,0xC5,0xD0,0xFF,0x4A,0xC0,0xD1,0xFF,0x6F,0xB6,0xDB,0xFF,0x7F,0xB5,0xE1,
    0xFF,0xCF,0xDF,0xF0,0xFF,0xFE,0xFE,0xFF,0xFF,0xFF,0xFF,0xFF,0xFF,0xFF,0xFF,
    0xFF,0xFF,0xFF,0xFF,0xFF,0xFF,0xFF,0xFF,0xFF,0xFF,0xFA,0xFA,0xFA,0xFF,0xD6,
    0xD6,0xD6,0xFF,0xCA,0xCA,0xCA,0xFF,0xB3,0xB3,0xB3,0xFF,0x6B,0x6B,0x6B,0xFF,
    0x32,0x32,0x32,0xFF,0x32,0x32,0x32,0xFF,0x55,0x55,0x55,0xFF,0x4C,0x4C,0x4C,
    0xFF,0x13,0x13,0x13,0x9F,0x0A,0x0A,0x0A,0x05,0x00,0x00,0x00,0x00,0x00,0x00,
    0x00,0x00,0x00,0x00,0x00,0x00,0x00,0x00,0x00,0x00,0x00,0x00,0x00,0x00,0x00,
    0x00,0x00,0x00,0x00,0x00,0x00,0x00,0x00,0x00,0x00,0x00,0x00,0x00,0x00,0x00,
    0x00,0x00,0x00,0x00,0x00,0x00,0x00,0x00,0x00,0x00,0x00,0x00,0x00,0x00,0x00,
    0x00,0x00,0x00,0x00,0x00,0x00,0x00,0x00,0x00,0x00,0x00,0x00,0x00,0x00,0x00,
    0x00,0x00,0x00,0x00,0x00,0x00,0x00,0x00,0x00,0x00,0x00,0x00,0x00,0x00,0x00,
    0x00,0x00,0x00,0x00,0x00,0x00,0x00,0x00,0x00,0x00,0x00,0x00,0x00,0x00,0x00,
    0x00,0x00,0x00,0x00,0x00,0x00,0x00,0x00,0x00,0x00,0x00,0x00,0x00,0x00,0x00,
    0x00,0x00,0x00,0x00,0x00,0x00,0x00,0x00,0x00,0x00,0x00,0x00,0x00,0x00,0x00,
    0x00,0x00,0x00,0x00,0x00,0x00,0x00,0x00,0x00,0x00,0x00,0x00,0x00,0x00,0x00,
    0x00,0x00,0x00,0x00,0x00,0x00,0x00,0x00,0x00,0x00,0x00,0x00,0x00,0x00,0x00,
    0x00,0x00,0x00,0x00,0x00,0x00,0x00,0x00,0x00,0x00,0x00,0x00,0x00,0x00,0x00,
    0x00,0x00,0x00,0x00,0x00,0x00,0x00,0x00,0x00,0x00,0x00,0x00,0x00,0x00,0x00,
    0x00,0x00,0x00,0x00,0x00,0x00,0x06,0x06,0x06,0x49,0x38,0x38,0x38,0xFD,0x58,
    0x58,0x58,0xFF,0x3B,0x3B,0x3B,0xFF,0x3F,0x3F,0x3F,0xFF,0x8A,0x8A,0x8A,0xFF,
    0xBE,0xBE,0xBE,0xFF,0xCB,0xCB,0xCB,0xFF,0xCC,0xCC,0xCC,0xFF,0xE9,0xE9,0xE9,
    0xFF,0xFF,0xFF,0xFF,0xFF,0xFF,0xFF,0xFF,0xFF,0xFF,0xFF,0xFF,0xFF,0xFF,0xFF,
    0xFF,0xFF,0xFF,0xFF,0xFF,0xFF,0xFA,0xFB,0xFD,0xFF,0xB6,0xD0,0xE9,0xFF,0x67,
    0xB8,0xD8,0xFF,0x43,0xC2,0xD1,0xFF,0x34,0xC5,0xD0,0xFF,0x35,0xC5,0xD0,0xFF,
    0x34,0xC5,0xD0,0xFF,0x68,0xC5,0xCE,0xFF,0xC0,0xCA,0xCB,0xFF,0xBF,0xC9,0xCB,
    0xFF,0x64,0xC4,0xCD,0xFF,0x34,0xC5,0xD0,0xFF,0x35,0xC5,0xD0,0xFF,0x34,0xC5,
    0xD0,0xFF,0x42,0xC2,0xD0,0xFF,0x66,0xB9,0xD8,0xFF,0xB8,0xD1,0xE9,0xFF,0xFA,
    0xFB,0xFD,0xFF,0xFF,0xFF,0xFF,0xFF,0xFF,0xFF,0xFF,0xFF,0xFF,0xFF,0xFF,0xFF,
    0xFF,0xFF,0xFF,0xFF,0xFF,0xFF,0xFF,0xFF,0xE8,0xE8,0xE8,0xFF,0xCC,0xCC,0xCC,
    0xFF,0xCB,0xCB,0xCB,0xFF,0xBF,0xBF,0xBF,0xFF,0x8B,0x8B,0x8B,0xFF,0x41,0x41,
    0x41,0xFF,0x3B,0x3B,0x3B,0xFF,0x58,0x58,0x58,0xFF,0x38,0x38,0x38,0xFD,0x07,
    0x07,0x07,0x4A,0x00,0x00,0x00,0x00,0x00,0x00,0x00,0x00,0x00,0x00,0x00,0x00,
    0x00,0x00,0x00,0x00,0x00,0x00,0x00,0x00,0x00,0x00,0x00,0x00,0x00,0x00,0x00,
    0x00,0x00,0x00,0x00,0x00,0x00,0x00,0x00,0x00,0x00,0x00,0x00,0x00,0x00,0x00,
    0x00,0x00,0x00,0x00,0x00,0x00,0x00,0x00,0x00,0x00,0x00,0x00,0x00,0x00,0x00,
    0x00,0x00,0x00,0x00,0x00,0x00,0x00,0x00,0x00,0x00,0x00,0x00,0x00,0x00,0x00,
    0x00,0x00,0x00,0x00,0x00,0x00,0x00,0x00,0x00,0x00,0x00,0x00,0x00,0x00,0x00,
    0x00,0x00,0x00,0x00,0x00,0x00,0x00,0x00,0x00,0x00,0x00,0x00,0x00,0x00,0x00,
    0x00,0x00,0x00,0x00,0x00,0x00,0x00,0x00,0x00,0x00,0x00,0x00,0x00,0x00,0x00,
    0x00,0x00,0x00,0x00,0x00,0x00,0x00,0x00,0x00,0x00,0x00,0x00,0x00,0x00,0x00,
    0x00,0x00,0x00,0x00,0x00,0x00,0x00,0x00,0x00,0x00,0x00,0x00,0x00,0x00,0x00,
    0x00,0x00,0x00,0x00,0x00,0x00,0x00,0x00,0x00,0x00,0x00,0x00,0x00,0x00,0x00,
    0x00,0x00,0x00,0x00,0x00,0x00,0x00,0x00,0x00,0x00,0x00,0x00,0x00,0x00,0x00,
    0x00,0x00,0x00,0x00,0x00,0x00,0x00,0x00,0x00,0x00,0x00,0x06,0x06,0x06,0x16,
    0x20,0x20,0x20,0xDF,0x53,0x53,0x53,0xFF,0x48,0x48,0x48,0xFF,0x57,0x57,0x57,
    0xFF,0xA6,0xA6,0xA6,0xFF,0xC6,0xC6,0xC6,0xFF,0xCB,0xCB,0xCB,0xFF,0xCB,0xCB,
    0xCB,0xFF,0xD3,0xD3,0xD3,0xFF,0xFB,0xFB,0xFB,0xFF,0xFF,0xFF,0xFF,0xFF,0xFF,
    0xFF,0xFF,0xFF,0xFF,0xFF,0xFF,0xFF,0xFF,0xFF,0xFF,0xFF,0xFF,0xFF,0xFF,0xFF,
    0xF2,0xF7,0xF9,0xFF,0x8A,0xCA,0xD9,0xFF,0x3B,0xC3,0xD0,0xFF,0x35,0xC5,0xD0,
    0xFF,0x35,0xC5,0xD0,0xFF,0x35,0xC5,0xD0,0xFF,0x34,0xC5,0xD0,0xFF,0x6A,0xC4,
    0xCD,0xFF,0xC1,0xC9,0xCB,0xFF,0xC0,0xCA,0xCB,0xFF,0x68,0xC5,0xCE,0xFF,0x34,
    0xC5,0xD0,0xFF,0x35,0xC5,0xD0,0xFF,0x35,0xC5,0xD0,0xFF,0x35,0xC5,0xD0,0xFF,
    0x3B,0xC3,0xD0,0xFF,0x8C,0xCB,0xDA,0xFF,0xF2,0xF7,0xF9,0xFF,0xFF,0xFF,0xFF,
    0xFF,0xFF,0xFF,0xFF,0xFF,0xFF,0xFF,0xFF,0xFF,0xFF,0xFF,0xFF,0xFF,0xFF,0xFF,
    0xFF,0xFF,0xFB,0xFB,0xFB,0xFF,0xD2,0xD2,0xD2,0xFF,0xCB,0xCB,0xCB,0xFF,0xCB,
    0xCB,0xCB,0xFF,0xC6,0xC6,0xC6,0xFF,0xA8,0xA8,0xA8,0xFF,0x59,0x59,0x59,0xFF,
    0x48,0x48,0x48,0xFF,0x53,0x53,0x53,0xFF,0x20,0x20,0x20,0xE0,0x09,0x09,0x09,
    0x16,0x00,0x00,0x00,0x00,0x00,0x00,0x00,0x00,0x00,0x00,0x00,0x00,0x00,0x00,
    0x00,0x00,0x00,0x00,0x00,0x00,0x00,0x00,0x00,0x00,0x00,0x00,0x00,0x00,0x00,
    0x00,0x00,0x00,0x00,0x00,0x00,0x00,0x00,0x00,0x00,0x00,0x00,0x00,0x00,0x00,
    0x00,0x00,0x00,0x00,0x00,0x00,0x00,0x00,0x00,0x00,0x00,0x00,0x00,0x00,0x00,
    0x00,0x00,0x00,0x00,0x00,0x00,0x00,0x00,0x00,0x00,0x00,0x00,0x00,0x00,0x00,
    0x00,0x00,0x00,0x00,0x00,0x00,0x00,0x00,0x00,0x00,0x00,0x00,0x00,0x00,0x00,
    0x00,0x00,0x00,0x00,0x00,0x00,0x00,0x00,0x00,0x00,0x00,0x00,0x00,0x00,0x00,
    0x00,0x00,0x00,0x00,0x00,0x00,0x00,0x00,0x00,0x00,0x00,0x00,0x00,0x00,0x00,
    0x00,0x00,0x00,0x00,0x00,0x00,0x00,0x00,0x00,0x00,0x00,0x00,0x00,0x00,0x00,
    0x00,0x00,0x00,0x00,0x00,0x00,0x00,0x00,0x00,0x00,0x00,0x00,0x00,0x00,0x00,
    0x00,0x00,0x00,0x00,0x00,0x00,0x00,0x00,0x00,0x00,0x00,0x00,0x00,0x00,0x00,
    0x00,0x00,0x00,0x00,0x00,0x00,0x00,0x00,0x00,0x00,0x00,0x00,0x00,0x00,0x00,
    0x00,0x16,0x16,0x16,0x03,0x0C,0x0C,0x0C,0x9C,0x43,0x43,0x43,0xFE,0x5F,0x5F,
    0x5F,0xFF,0x7F,0x7F,0x7F,0xFF,0xBB,0xBB,0xBB,0xFF,0xCB,0xCB,0xCB,0xFF,0xCB,
    0xCB,0xCB,0xFF,0xCB,0xCB,0xCB,0xFF,0xCB,0xCB,0xCB,0xFF,0xE8,0xE8,0xE8,0xFF,
    0xFF,0xFF,0xFF,0xFF,0xFF,0xFF,0xFF,0xFF,0xFF,0xFF,0xFF,0xFF,0xFF,0xFF,0xFF,
    0xFF,0xFE,0xFE,0xFE,0xFF,0xFC,0xFC,0xFC,0xFF,0xE5,0xF0,0xF2,0xFF,0x56,0xC7,
    0xD1,0xFF,0x34,0xC5,0xD0,0xFF,0x35,0xC5,0xD0,0xFF,0x35,0xC5,0xD0,0xFF,0x35,
    0xC5,0xD0,0xFF,0x34,0xC5,0xD0,0xFF,0x6C,0xC4,0xCD,0xFF,0xC1,0xC9,0xCA,0xFF,
    0xC1,0xC9,0xCB,0xFF,0x6A,0xC4,0xCD,0xFF,0x34,0xC5,0xD0,0xFF,0x35,0xC5,0xD0,
    0xFF,0x35,0xC5,0xD0,0xFF,0x35,0xC5,0xD0,0xFF,0x34,0xC5,0xD0,0xFF,0x5A,0xC8,
    0xD2,0xFF,0xE6,0xF1,0xF2,0xFF,0xFC,0xFC,0xFC,0xFF,0xFE,0xFE,0xFE,0xFF,0xFF,
    0xFF,0xFF,0xFF,0xFF,0xFF,0xFF,0xFF,0xFF,0xFF,0xFF,0xFF,0xFF,0xFF,0xFF,0xFF,
    0xE8,0xE8,0xE8,0xFF,0xCB,0xCB,0xCB,0xFF,0xCB,0xCB,0xCB,0xFF,0xCB,0xCB,0xCB,
    0xFF,0xCB,0xCB,0xCB,0xFF,0xBC,0xBC,0xBC,0xFF,0x80,0x80,0x80,0xFF,0x5F,0x5F,
    0x5F,0xFF,0x43,0x43,0x43,0xFE,0x0D,0x0D,0x0D,0x9D,0x19,0x19,0x19,0x03,0x00,
    0x00,0x00,0x00,0x00,0x00,0x00,0x00,0x00,0x00,0x00,0x00,0x00,0x00,0x00,0x00,
    0x00,0x00,0x00,0x00,0x00,0x00,0x00,0x00,0x00,0x00,0x00,0x00,0x00,0x00,0x00,
    0x00,0x00,0x00,0x00,0x00,0x00,0x00,0x00,0x00,0x00,0x00,0x00,0x00,0x00,0x00,
    0x00,0x00,0x00,0x00,0x00,0x00,0x00,0x00,0x00,0x00,0x00,0x00,0x00,0x00,0x00,
    0x00,0x00,0x00,0x00,0x00,0x00,0x00,0x00,0x00,0x00,0x00,0x00,0x00,0x00,0x00,
    0x00,0x00,0x00,0x00,0x00,0x00,0x00,0x00,0x00,0x00,0x00,0x00,0x00,0x00,0x00,
    0x00,0x00,0x00,0x00,0x00,0x00,0x00,0x00,0x00,0x00,0x00,0x00,0x00,0x00,0x00,
    0x00,0x00,0x00,0x00,0x00,0x00,0x00,0x00,0x00,0x00,0x00,0x00,0x00,0x00,0x00,
    0x00,0x00,0x00,0x00,0x00,0x00,0x00,0x00,0x00,0x00,0x00,0x00,0x00,0x00,0x00,
    0x00,0x00,0x00,0x00,0x00,0x00,0x00,0x00,0x00,0x00,0x00,0x00,0x00,0x00,0x00,
    0x00,0x00,0x00,0x00,0x00,0x00,0x00,0x00,0x00,0x00,0x00,0x00,0x00,0x00,0x00,
    0x00,0x00,0x00,0x00,0x00,0x00,0x00,0x00,0x00,0x00,0x03,0x03,0x03,0x33,0x0A,
    0x0A,0x0A,0xED,0x5C,0x5C,0x5C,0xFF,0xA7,0xA7,0xA7,0xFF,0xC6,0xC6,0xC6,0xFF,
    0xCB,0xCB,0xCB,0xFF,0xCB,0xCB,0xCB,0xFF,0xCB,0xCB,0xCB,0xFF,0xCB,0xCB,0xCB,
    0xFF,0xD3,0xD3,0xD3,0xFF,0xF7,0xF7,0xF7,0xFF,0xFF,0xFF,0xFF,0xFF,0xFF,0xFF,
    0xFF,0xFF,0xFF,0xFF,0xFF,0xFF,0xFD,0xFD,0xFD,0xFF,0xFC,0xFC,0xFC,0xFF,0xFD,
    0xFD,0xFD,0xFF,0xD7,0xEC,0xEE,0xFF,0x34,0xC4,0xCF,0xFF,0x35,0xC5,0xD0,0xFF,
    0x35,0xC5,0xD0,0xFF,0x35,0xC5,0xD0,0xFF,0x35,0xC5,0xD0,0xFF,0x34,0xC5,0xD0,
    0xFF,0x6D,0xC4,0xCD,0xFF,0xC1,0xC9,0xCA,0xFF,0xC1,0xC9,0xCA,0xFF,0x6A,0xC4,
    0xCD,0xFF,0x34,0xC5,0xD0,0xFF,0x35,0xC5,0xD0,0xFF,0x35,0xC5,0xD0,0xFF,0x35,
    0xC5,0xD0,0xFF,0x35,0xC5,0xD0,0xFF,0x35,0xC5,0xCF,0xFF,0xD9,0xED,0xEF,0xFF,
    0xFD,0xFD,0xFD,0xFF,0xFC,0xFC,0xFC,0xFF,0xFD,0xFD,0xFD,0xFF,0xFF,0xFF,0xFF,
    0xFF,0xFF,0xFF,0xFF,0xFF,0xFF,0xFF,0xFF,0xFF,0xF7,0xF7,0xF7,0xFF,0xD2,0xD2,
    0xD2,0xFF,0xCB,0xCB,0xCB,0xFF,0xCB,0xCB,0xCB,0xFF,0xCB,0xCB,0xCB,0xFF,0xCB,
    0xCB,0xCB,0xFF,0xC7,0xC7,0xC7,0xFF,0xA8,0xA8,0xA8,0xFF,0x5B,0x5B,0x5B,0xFF,
    0x09,0x09,0x09,0xED,0x05,0x05,0x05,0x33,0x00,0x00,0x00,0x00,0x00,0x00,0x00,
    0x00,0x00,0x00,0x00,0x00,0x00,0x00,0x00,0x00,0x00,0x00,0x00,0x00,0x00,0x00,
    0x00,0x00,0x00,0x00,0x00,0x00,0x00,0x00,0x00,0x00,0x00,0x00,0x00,0x00,0x00,
    0x00,0x00,0x00,0x00,0x00,0x00,0x00,0x00,0x00,0x00,0x00,0x00,0x00,0x00,0x00,
    0x00,0x00,0x00,0x00,0x00,0x00,0x00,0x00,0x00,0x00,0x00,0x00,0x00,0x00,0x00,
    0x00,0x00,0x00,0x00,0x00,0x00,0x00,0x00,0x00,0x00,0x00,0x00,0x00,0x00,0x00,
    0x00,0x00,0x00,0x00,0x00,0x00,0x00,0x00,0x00,0x00,0x00,0x00,0x00,0x00,0x00,
    0x00,0x00,0x00,0x00,0x00,0x00,0x00,0x00,0x00,0x00,0x00,0x00,0x00,0x00,0x00,
    0x00,0x00,0x00,0x00,0x00,0x00,0x00,0x00,0x00,0x00,0x00,0x00,0x00,0x00,0x00,
    0x00,0x00,0x00,0x00,0x00,0x00,0x00,0x00,0x00,0x00,0x00,0x00,0x00,0x00,0x00,
    0x00,0x00,0x00,0x00,0x00,0x00,0x00,0x00,0x00,0x00,0x00,0x00,0x00,0x00,0x00,
    0x00,0x00,0x00,0x00,0x00,0x00,0x00,0x00,0x00,0x00,0x00,0x00,0x00,0x00,0x00,
    0x0D,0x0D,0x0D,0x05,0x04,0x04,0x04,0xAB,0x1C,0x1C,0x1C,0xFF,0x9B,0x9B,0x9B,
    0xFF,0xCA,0xCA,0xCA,0xFF,0xCB,0xCB,0xCB,0xFF,0xCB,0xCB,0xCB,0xFF,0xCB,0xCB,
    0xCB,0xFF,0xCB,0xCB,0xCB,0xFF,0xCB,0xCB,0xCB,0xFF,0xE3,0xE3,0xE3,0xFF,0xFD,
    0xFD,0xFD,0xFF,0xFF,0xFF,0xFF,0xFF,0xFF,0xFF,0xFF,0xFF,0xFB,0xFB,0xFB,0xFF,
    0xFC,0xFC,0xFC,0xFF,0xFE,0xFE,0xFE,0xFF,0xFE,0xFF,0xFF,0xFF,0xBD,0xE1,0xE6,
    0xFF,0x2F,0xC4,0xCF,0xFF,0x35,0xC5,0xD0,0xFF,0x35,0xC5,0xD0,0xFF,0x35,0xC5,
    0xD0,0xFF,0x35,0xC5,0xD0,0xFF,0x34,0xC5,0xD0,0xFF,0x6A,0xC4,0xCD,0xFF,0xC1,
    0xC9,0xCB,0xFF,0xC0,0xCA,0xCB,0xFF,0x68,0xC5,0xCE,0xFF,0x34,0xC5,0xD0,0xFF,
    0x35,0xC5,0xD0,0xFF,0x35,0xC5,0xD0,0xFF,0x35,0xC5,0xD0,0xFF,0x35,0xC5,0xD0,
    0xFF,0x2F,0xC4,0xD0,0xFF,0xBF,0xE2,0xE6,0xFF,0xFE,0xFF,0xFF,0xFF,0xFE,0xFE,
    0xFE,0xFF,0xFC,0xFC,0xFC,0xFF,0xFB,0xFB,0xFB,0xFF,0xFE,0xFE,0xFE,0xFF,0xFF,
    0xFF,0xFF,0xFF,0xFD,0xFD,0xFD,0xFF,0xE2,0xE2,0xE2,0xFF,0xCB,0xCB,0xCB,0xFF,
    0xCB,0xCB,0xCB,0xFF,0xCB,0xCB,0xCB,0xFF,0xCB,0xCB,0xCB,0xFF,0xCB,0xCB,0xCB,
    0xFF,0xCA,0xCA,0xCA,0xFF,0x9B,0x9B,0x9B,0xFF,0x1C,0x1C,0x1C,0xFF,0x06,0x06,
    0x06,0xAC,0x11,0x11,0x11,0x05,0x00,0x00,0x00,0x00,0x00,0x00,0x00,0x00,0x00,
    0x00,0x00,0x00,0x00,0x00,0x00,0x00,0x00,0x00,0x00,0x00,0x00,0x00,0x00,0x00,
    0x00,0x00,0x00,0x00,0x00,0x00,0x00,0x00,0x00,0x00,0x00,0x00,0x00,0x00,0x00,
    0x00,0x00,0x00,0x00,0x00,0x00,0x00,0x00,0x00,0x00,0x00,0x00,0x00,0x00,0x00,
    0x00,0x00,0x00,0x00,0x00,0x00,0x00,0x00,0x00,0x00,0x00,0x00,0x00,0x00,0x00,
    0x00,0x00,0x00,0x00,0x00,0x00,0x00,0x00,0x00,0x00,0x00,0x00,0x00,0x00,0x00,
    0x00,0x00,0x00,0x00,0x00,0x00,0x00,0x00,0x00,0x00,0x00,0x00,0x00,0x00,0x00,
    0x00,0x00,0x00,0x00,0x00,0x00,0x00,0x00,0x00,0x00,0x00,0x00,0x00,0x00,0x00,
    0x00,0x00,0x00,0x00,0x00,0x00,0x00,0x00,0x00,0x00,0x00,0x00,0x00,0x00,0x00,
    0x00,0x00,0x00,0x00,0x00,0x00,0x00,0x00,0x00,0x00,0x00,0x00,0x00,0x00,0x00,
    0x00,0x00,0x00,0x00,0x00,0x00,0x00,0x00,0x00,0x00,0x00,0x00,0x00,0x00,0x00,
    0x00,0x00,0x00,0x00,0x00,0x00,0x00,0x00,0x00,0x10,0x10,0x10,0x3F,0x28,0x28,
    0x28,0xFF,0x72,0x72,0x72,0xFF,0xC6,0xC6,0xC6,0xFF,0xCB,0xCB,0xCB,0xFF,0xCB,
    0xCB,0xCB,0xFF,0xCB,0xCB,0xCB,0xFF,0xCB,0xCB,0xCB,0xFF,0xCB,0xCB,0xCB,0xFF,
    0xD0,0xD0,0xD0,0xFF,0xF2,0xF2,0xF2,0xFF,0xFF,0xFF,0xFF,0xFF,0xFD,0xFD,0xFD,
    0xFF,0xFB,0xFB,0xFB,0xFF,0xFE,0xFE,0xFE,0xFF,0xFF,0xFF,0xFF,0xFF,0xFF,0xFF,
    0xFF,0xFF,0xFD,0xFE,0xFE,0xFF,0xA0,0xD7,0xDE,0xFF,0x2F,0xC5,0xD0,0xFF,0x35,
    0xC5,0xD0,0xFF,0x35,0xC5,0xD0,0xFF,0x35,0xC5,0xD0,0xFF,0x35,0xC5,0xD0,0xFF,
    0x34,0xC5,0xD0,0xFF,0x68,0xC5,0xCE,0xFF,0xC0,0xCA,0xCB,0xFF,0xBF,0xC9,0xCB,
    0xFF,0x64,0xC4,0xCD,0xFF,0x34,0xC5,0xD0,0xFF,0x35,0xC5,0xD0,0xFF,0x35,0xC5,
    0xD0,0xFF,0x35,0xC5,0xD0,0xFF,0x35,0xC5,0xD0,0xFF,0x2E,0xC4,0xD0,0xFF,0xA3,
    0xD9,0xDF,0xFF,0xFD,0xFE,0xFE,0xFF,0xFF,0xFF,0xFF,0xFF,0xFF,0xFF,0xFF,0xFF,
    0xFE,0xFE,0xFE,0xFF,0xFB,0xFB,0xFB,0xFF,0xFD,0xFD,0xFD,0xFF,0xFE,0xFE,0xFE,
    0xFF,0xF1,0xF1,0xF1,0xFF,0xD0,0xD0,0xD0,0xFF,0xCB,0xCB,0xCB,0xFF,0xCB,0xCB,
    0xCB,0xFF,0xCB,0xCB,0xCB,0xFF,0xCB,0xCB,0xCB,0xFF,0xCB,0xCB,0xCB,0xFF,0xC6,
    0xC6,0xC6,0xFF,0x72,0x72,0x72,0xFF,0x29,0x29,0x29,0xFF,0x12,0x12,0x12,0x40,
    0x00,0x00,0x00,0x00,0x00,0x00,0x00,0x00,0x00,0x00,0x00,0x00,0x00,0x00,0x00,
    0x00,0x00,0x00,0x00,0x00,0x00,0x00,0x00,0x00,0x00,0x00,0x00,0x00,0x00,0x00,
    0x00,0x00,0x00,0x00,0x00,0x00,0x00,0x00,0x00,0x00,0x00,0x00,0x00,0x00,0x00,
    0x00,0x00,0x00,0x00,0x00,0x00,0x00,0x00,0x00,0x00,0x00,0x00,0x00,0x00,0x00,
    0x00,0x00,0x00,0x00,0x00,0x00,0x00,0x00,0x00,0x00,0x00,0x00,0x00,0x00,0x00,
    0x00,0x00,0x00,0x00,0x00,0x00,0x00,0x00,0x00,0x00,0x00,0x00,0x00,0x00,0x00,
    0x00,0x00,0x00,0x00,0x00,0x00,0x00,0x00,0x00,0x00,0x00,0x00,0x00,0x00,0x00,
    0x00,0x00,0x00,0x00,0x00,0x00,0x00,0x00,0x00,0x00,0x00,0x00,0x00,0x00,0x00,
    0x00,0x00,0x00,0x00,0x00,0x00,0x00,0x00,0x00,0x00,0x00,0x00,0x00,0x00,0x00,
    0x00,0x00,0x00,0x00,0x00,0x00,0x00,0x00,0x00,0x00,0x00,0x00,0x00,0x00,0x00,
    0x00,0x00,0x00,0x00,0x00,0x00,0x00,0x00,0x00,0x00,0x00,0x00,0x00,0x00,0x0A,
    0x0A,0x0A,0x09,0x1F,0x1F,0x1F,0xD2,0x65,0x65,0x65,0xFF,0xB6,0xB6,0xB6,0xFF,
    0xCB,0xCB,0xCB,0xFF,0xCB,0xCB,0xCB,0xFF,0xCB,0xCB,0xCB,0xFF,0xCB,0xCB,0xCB,
    0xFF,0xCB,0xCB,0xCB,0xFF,0xCB,0xCB,0xCB,0xFF,0xD9,0xD9,0xD9,0xFF,0xFB,0xFB,
    0xFB,0xFF,0xFC,0xFC,0xFC,0xFF,0xFD,0xFD,0xFD,0xFF,0xFF,0xFF,0xFF,0xFF,0xFF,
    0xFF,0xFF,0xFF,0xFF,0xFF,0xFF,0xFF,0xFF,0xFF,0xFF,0xFF,0xFB,0xFD,0xFD,0xFF,
    0x7E,0xCE,0xD7,0xFF,0x32,0xC5,0xD0,0xFF,0x35,0xC5,0xD0,0xFF,0x35,0xC5,0xD0,
    0xFF,0x35,0xC5,0xD0,0xFF,0x35,0xC5,0xD0,0xFF,0x34,0xC5,0xD0,0xFF,0x64,0xC4,
    0xCD,0xFF,0xBF,0xC9,0xCB,0xFF,0xBF,0xC9,0xCB,0xFF,0x61,0xC4,0xCD,0xFF,0x34,
    0xC5,0xD0,0xFF,0x35,0xC5,0xD0,0xFF,0x35,0xC5,0xD0,0xFF,0x35,0xC5,0xD0,0xFF,
    0x35,0xC5,0xD0,0xFF,0x31,0xC5,0xD0,0xFF,0x83,0xCF,0xD7,0xFF,0xFB,0xFD,0xFD,
    0xFF,0xFF,0xFF,0xFF,0xFF,0xFF,0xFF,0xFF,0xFF,0xFF,0xFF,0xFF,0xFF,0xFF,0xFF,
    0xFF,0xFF,0xFC,0xFC,0xFC,0xFF,0xFC,0xFC,0xFC,0xFF,0xFA,0xFA,0xFA,0xFF,0xD9,
    0xD9,0xD9,0xFF,0xCB,0xCB,0xCB,0xFF,0xCB,0xCB,0xCB,0xFF,0xCB,0xCB,0xCB,0xFF,
    0xCB,0xCB,0xCB,0xFF,0xCB,0xCB,0xCB,0xFF,0xCB,0xCB,0xCB,0xFF,0xB6,0xB6,0xB6,
    0xFF,0x64,0x64,0x64,0xFF,0x1F,0x1F,0x1F,0xD3,0x0D,0x0D,0x0D,0x09,0x00,0x00,
    0x00,0x00,0x00,0x00,0x00,0x00,0x00,0x00,0x00,0x00,0x00,0x00,0x00,0x00,0x00,
    0x00,0x00,0x00,0x00,0x00,0x00,0x00,0x00,0x00,0x00,0x00,0x00,0x00,0x00,0x00,
    0x00,0x00,0x00,0x00,0x00,0x00,0x00,0x00,0x00,0x00,0x00,0x00,0x00,0x00,0x00,
    0x00,0x00,0x00,0x00,0x00,0x00,0x00,0x00,0x00,0x00,0x00,0x00,0x00,0x00,0x00,
    0x00,0x00,0x00,0x00,0x00,0x00,0x00,0x00,0x00,0x00,0x00,0x00,0x00,0x00,0x00,
    0x00,0x00,0x00,0x00,0x00,0x00,0x00,0x00,0x00,0x00,0x00,0x00,0x00,0x00,0x00,
    0x00,0x00,0x00,0x00,0x00,0x00,0x00,0x00,0x00,0x00,0x00,0x00,0x00,0x00,0x00,
    0x00,0x00,0x00,0x00,0x00,0x00,0x00,0x00,0x00,0x00,0x00,0x00,0x00,0x00,0x00,
    0x00,0x00,0x00,0x00,0x00,0x00,0x00,0x00,0x00,0x00,0x00,0x00,0x00,0x00,0x00,
    0x00,0x00,0x00,0x00,0x00,0x00,0x00,0x00,0x00,0x00,0x00,0x00,0x00,0x00,0x00,
    0x00,0x00,0x00,0x00,0x00,0x00,0x00,0x00,0x09,0x09,0x09,0x6D,0x44,0x44,0x44,
    0xFC,0x9A,0x9A,0x9A,0xFF,0xC8,0xC8,0xC8,0xFF,0xCB,0xCB,0xCB,0xFF,0xCB,0xCB,
    0xCB,0xFF,0xCB,0xCB,0xCB,0xFF,0xCB,0xCB,0xCB,0xFF,0xCA,0xCB,0xCB,0xFF,0xC6,
    0xCA,0xCA,0xFF,0xE7,0xE8,0xE8,0xFF,0xFD,0xFD,0xFD,0xFF,0xFE,0xFE,0xFE,0xFF,
    0xFF,0xFF,0xFF,0xFF,0xFF,0xFF,0xFF,0xFF,0xFF,0xFF,0xFF,0xFF,0xFF,0xFF,0xFF,
    0xFF,0xFF,0xFF,0xFF,0xFF,0xF7,0xFA,0xFB,0xFF,0x59,0xC8,0xD2,0xFF,0x34,0xC5,
    0xD0,0xFF,0x35,0xC5,0xD0,0xFF,0x35,0xC5,0xD0,0xFF,0x35,0xC5,0xD0,0xFF,0x35,
    0xC5,0xD0,0xFF,0x34,0xC5,0xD0,0xFF,0x5D,0xC4,0xCD,0xFF,0xBE,0xC9,0xCB,0xFF,
    0xBD,0xC9,0xCB,0xFF,0x59,0xC4,0xCD,0xFF,0x34,0xC5,0xD0,0xFF,0x35,0xC5,0xD0,
    0xFF,0x35,0xC5,0xD0,0xFF,0x35,0xC5,0xD0,0xFF,0x35,0xC5,0xD0,0xFF,0x34,0xC5,
    0xD0,0xFF,0x5E,0xC8,0xD2,0xFF,0xF9,0xFB,0xFC,0xFF,0xFF,0xFF,0xFF,0xFF,0xFF,
    0xFF,0xFF,0xFF,0xFF,0xFF,0xFF,0xFF,0xFF,0xFF,0xFF,0xFF,0xFF,0xFF,0xFF,0xFF,
    0xFE,0xFE,0xFE,0xFF,0xFD,0xFD,0xFD,0xFF,0xE6,0xE8,0xE8,0xFF,0xC5,0xC9,0xC9,
    0xFF,0xCA,0xCB,0xCB,0xFF,0xCB,0xCB,0xCB,0xFF,0xCB,0xCB,0xCB,0xFF,0xCB,0xCB,
    0xCB,0xFF,0xCB,0xCB,0xCB,0xFF,0xC8,0xC8,0xC8,0xFF,0x9A,0x9A,0x9A,0xFF,0x44,
    0x44,0x44,0xFC,0x0B,0x0B,0x0B,0x6E,0x00,0x00,0x00,0x00,0x00,0x00,0x00,0x00,
    0x00,0x00,0x00,0x00,0x00,0x00,0x00,0x00,0x00,0x00,0x00,0x00,0x00,0x00,0x00,
    0x00,0x00,0x00,0x00,0x00,0x00,0x00,0x00,0x00,0x00,0x00,0x00,0x00,0x00,0x00,
    0x00,0x00,0x00,0x00,0x00,0x00,0x00,0x00,0x00,0x00,0x00,0x00,0x00,0x00,0x00,
    0x00,0x00,0x00,0x00,0x00,0x00,0x00,0x00,0x00,0x00,0x00,0x00,0x00,0x00,0x00,
    0x00,0x00,0x00,0x00,0x00,0x00,0x00,0x00,0x00,0x00,0x00,0x00,0x00,0x00,0x00,
    0x00,0x00,0x00,0x00,0x00,0x00,0x00,0x00,0x00,0x00,0x00,0x00,0x00,0x00,0x00,
    0x00,0x00,0x00,0x00,0x00,0x00,0x00,0x00,0x00,0x00,0x00,0x00,0x00,0x00,0x00,
    0x00,0x00,0x00,0x00,0x00,0x00,0x00,0x00,0x00,0x00,0x00,0x00,0x00,0x00,0x00,
    0x00,0x00,0x00,0x00,0x00,0x00,0x00,0x00,0x00,0x00,0x00,0x00,0x00,0x00,0x00,
    0x00,0x00,0x00,0x00,0x00,0x00,0x00,0x00,0x00,0x00,0x00,0x00,0x00,0x03,0x03,
    0x03,0x16,0x26,0x26,0x26,0xD6,0x75,0x75,0x75,0xFF,0xBE,0xBE,0xBE,0xFF,0xCB,
    0xCB,0xCB,0xFF,0xCB,0xCB,0xCB,0xFF,0xCB,0xCB,0xCB,0xFF,0xC8,0xCA,0xCA,0xFF,
    0xBC,0xC7,0xC7,0xFF,0x9B,0xC0,0xC0,0xFF,0x8E,0xC6,0xC6,0xFF,0xF9,0xFB,0xFB,
    0xFF,0xFF,0xFF,0xFF,0xFF,0xFF,0xFF,0xFF,0xFF,0xFF,0xFF,0xFF,0xFF,0xFF,0xFF,
    0xFF,0xFF,0xFF,0xFF,0xFF,0xFF,0xFF,0xFF,0xFF,0xFF,0xFF,0xFF,0xFF,0xFF,0xEC,
    0xF4,0xF5,0xFF,0x4C,0xC7,0xD2,0xFF,0x35,0xC5,0xD0,0xFF,0x35,0xC5,0xD0,0xFF,
    0x35,0xC5,0xD0,0xFF,0x35,0xC5,0xD0,0xFF,0x35,0xC5,0xD0,0xFF,0x35,0xC5,0xD0,
    0xFF,0x52,0xC4,0xCE,0xFF,0xBC,0xC9,0xCB,0xFF,0xBB,0xC9,0xCB,0xFF,0x4E,0xC4,
    0xCE,0xFF,0x35,0xC5,0xD0,0xFF,0x35,0xC5,0xD0,0xFF,0x35,0xC5,0xD0,0xFF,0x35,
    0xC5,0xD0,0xFF,0x35,0xC5,0xD0,0xFF,0x35,0xC5,0xD0,0xFF,0x4D,0xC7,0xD2,0xFF,
    0xEE,0xF5,0xF6,0xFF,0xFF,0xFF,0xFF,0xFF,0xFF,0xFF,0xFF,0xFF,0xFF,0xFF,0xFF,
    0xFF,0xFF,0xFF,0xFF,0xFF,0xFF,0xFF,0xFF,0xFF,0xFF,0xFF,0xFF,0xFF,0xFF,0xFF,
    0xFF,0xFF,0xF9,0xFB,0xFB,0xFF,0x8B,0xC6,0xC6,0xFF,0x99,0xC0,0xC0,0xFF,0xBC,
    0xC7,0xC7,0xFF,0xC7,0xCA,0xCA,0xFF,0xCB,0xCB,0xCB,0xFF,0xCB,0xCB,0xCB,0xFF,
    0xCB,0xCB,0xCB,0xFF,0xBE,0xBE,0xBE,0xFF,0x75,0x75,0x75,0xFF,0x26,0x26,0x26,
    0xD6,0x06,0x06,0x06,0x17,0x00,0x00,0x00,0x00,0x00,0x00,0x00,0x00,0x00,0x00,
    0x00,0x00,0x00,0x00,0x00,0x00,0x00,0x00,0x00,0x00,0x00,0x00,0x00,0x00,0x00,
    0x00,0x00,0x00,0x00,0x00,0x00,0x00,0x00,0x00,0x00,0x00,0x00,0x00,0x00,0x00,
    0x00,0x00,0x00,0x00,0x00,0x00,0x00,0x00,0x00,0x00,0x00,0x00,0x00,0x00,0x00,
    0x00,0x00,0x00,0x00,0x00,0x00,0x00,0x00,0x00,0x00,0x00,0x00,0x00,0x00,0x00,
    0x00,0x00,0x00,0x00,0x00,0x00,0x00,0x00,0x00,0x00,0x00,0x00,0x00,0x00,0x00,
    0x00,0x00,0x00,0x00,0x00,0x00,0x00,0x00,0x00,0x00,0x00,0x00,0x00,0x00,0x00,
    0x00,0x00,0x00,0x00,0x00,0x00,0x00,0x00,0x00,0x00,0x00,0x00,0x00,0x00,0x00,
    0x00,0x00,0x00,0x00,0x00,0x00,0x00,0x00,0x00,0x00,0x00,0x00,0x00,0x00,0x00,
    0x00,0x00,0x00,0x00,0x00,0x00,0x00,0x00,0x00,0x00,0x00,0x00,0x00,0x00,0x00,
    0x00,0x00,0x00,0x08,0x08,0x08,0x01,0x0E,0x0E,0x0E,0x74,0x4F,0x4F,0x4F,0xFD,
    0xA7,0xA7,0xA7,0xFF,0xCC,0xCB,0xCB,0xFF,0xCC,0xCB,0xCB,0xFF,0xC6,0xC9,0xC9,
    0xFF,0xAE,0xC4,0xC4,0xFF,0x8B,0xBF,0xBF,0xFF,0x55,0xB9,0xB9,0xFF,0x00,0xB7,
    0xB7,0xFF,0xC5,0xE1,0xE1,0xFF,0xFE,0xFE,0xFE,0xFF,0xFF,0xFF,0xFF,0xFF,0xFF,
    0xFF,0xFF,0xFF,0xFF,0xFF,0xFF,0xFF,0xFF,0xFF,0xFF,0xFF,0xFF,0xFF,0xFF,0xFF,
    0xFF,0xFF,0xFF,0xFF,0xFF,0xFF,0xFF,0xFF,0xDF,0xEF,0xF1,0xFF,0x46,0xC6,0xD1,
    0xFF,0x35,0xC5,0xD0,0xFF,0x35,0xC5,0xD0,0xFF,0x35,0xC5,0xD0,0xFF,0x35,0xC5,
    0xD0,0xFF,0x35,0xC5,0xD0,0xFF,0x35,0xC5,0xD0,0xFF,0x45,0xC3,0xCD,0xFF,0x9E,
    0xB0,0xB3,0xFF,0x9C,0xB0,0xB2,0xFF,0x40,0xC3,0xCD,0xFF,0x35,0xC5,0xD0,0xFF,
    0x35,0xC5,0xD0,0xFF,0x35,0xC5,0xD0,0xFF,0x35,0xC5,0xD0,0xFF,0x35,0xC5,0xD0,
    0xFF,0x35,0xC5,0xD0,0xFF,0x47,0xC7,0xD1,0xFF,0xE2,0xF0,0xF2,0xFF,0xFF,0xFF,
    0xFF,0xFF,0xFF,0xFF,0xFF,0xFF,0xFF,0xFF,0xFF,0xFF,0xFF,0xFF,0xFF,0xFF,0xFF,
    0xFF,0xFF,0xFF,0xFF,0xFF,0xFF,0xFF,0xFF,0xFF,0xFF,0xFF,0xFE,0xFE,0xFE,0xFF,
    0xC3,0xE0,0xE0,0xFF,0x00,0xB7,0xB7,0xFF,0x52,0xB9,0xB9,0xFF,0x88,0xBE,0xBE,
    0xFF,0xAD,0xC4,0xC4,0xFF,0xC5,0xC9,0xC9,0xFF,0xCB,0xCB,0xCB,0xFF,0xCC,0xCB,
    0xCB,0xFF,0xA7,0xA7,0xA7,0xFF,0x4E,0x4E,0x4E,0xFE,0x0F,0x0F,0x0F,0x75,0x0C,
    0x0C,0x0C,0x01,0x00,0x00,0x00,0x00,0x00,0x00,0x00,0x00,0x00,0x00,0x00,0x00,
    0x00,0x00,0x00,0x00,0x00,0x00,0x00,0x00,0x00,0x00,0x00,0x00,0x00,0x00,0x00,
    0x00,0x00,0x00,0x00,0x00,0x00,0x00,0x00,0x00,0x00,0x00,0x00,0x00,0x00,0x00,
    0x00,0x00,0x00,0x00,0x00,0x00,0x00,0x00,0x00,0x00,0x00,0x00,0x00,0x00,0x00,
    0x00,0x00,0x00,0x00,0x00,0x00,0x00,0x00,0x00,0x00,0x00,0x00,0x00,0x00,0x00,
    0x00,0x00,0x00,0x00,0x00,0x00,0x00,0x00,0x00,0x00,0x00,0x00,0x00,0x00,0x00,
    0x00,0x00,0x00,0x00,0x00,0x00,0x00,0x00,0x00,0x00,0x00,0x00,0x00,0x00,0x00,
    0x00,0x00,0x00,0x00,0x00,0x00,0x00,0x00,0x00,0x00,0x00,0x00,0x00,0x00,0x00,
    0x00,0x00,0x00,0x00,0x00,0x00,0x00,0x00,0x00,0x00,0x00,0x00,0x00,0x00,0x00,
    0x00,0x00,0x00,0x00,0x00,0x00,0x00,0x00,0x00,0x00,0x00,0x00,0x06,0x06,0x06,
    0x19,0x30,0x30,0x30,0xEA,0x83,0x84,0x84,0xFF,0xC4,0xC6,0xC6,0xFF,0xBC,0xC7,
    0xC7,0xFF,0x98,0xC0,0xC0,0xFF,0x65,0xBB,0xBB,0xFF,0x3D,0xB9,0xB9,0xFF,0x10,
    0xB8,0xB8,0xFF,0x00,0xB8,0xB8,0xFF,0x61,0xC1,0xC1,0xFF,0xEB,0xF4,0xF4,0xFF,
    0xFF,0xFF,0xFF,0xFF,0xFF,0xFF,0xFF,0xFF,0xFF,0xFF,0xFF,0xFF,0xFF,0xFF,0xFF,
    0xFF,0xFF,0xFF,0xFF,0xFF,0xFF,0xFF,0xFF,0xFF,0xFF,0xFF,0xFF,0xFF,0xFF,0xFF,
    0xFF,0xFF,0xD4,0xEA,0xED,0xFF,0x40,0xC6,0xD1,0xFF,0x35,0xC5,0xD0,0xFF,0x35,
    0xC5,0xD0,0xFF,0x35,0xC5,0xD0,0xFF,0x35,0xC5,0xD0,0xFF,0x35,0xC5,0xD0,0xFF,
    0x32,0xC1,0xCB,0xFF,0x26,0xBA,0xBE,0xFF,0x40,0x6D,0x6E,0xFF,0x3F,0x6F,0x70,
    0xFF,0x24,0xBA,0xBF,0xFF,0x32,0xC1,0xCB,0xFF,0x35,0xC5,0xD0,0xFF,0x35,0xC5,
    0xD0,0xFF,0x35,0xC5,0xD0,0xFF,0x35,0xC5,0xD0,0xFF,0x35,0xC5,0xD0,0xFF,0x41,
    0xC6,0xD1,0xFF,0xD7,0xEB,0xEE,0xFF,0xFF,0xFF,0xFF,0xFF,0xFF,0xFF,0xFF,0xFF,
    0xFF,0xFF,0xFF,0xFF,0xFF,0xFF,0xFF,0xFF,0xFF,0xFF,0xFF,0xFF,0xFF,0xFF,0xFF,
    0xFF,0xFF,0xFF,0xFF,0xFF,0xFF,0xFF,0xFF,0xFF,0xEA,0xF3,0xF3,0xFF,0x5F,0xC0,
    0xC0,0xFF,0x00,0xB8,0xB8,0xFF,0x0E,0xB8,0xB8,0xFF,0x3B,0xB9,0xB9,0xFF,0x63,
    0xBB,0xBB,0xFF,0x95,0xBF,0xBF,0xFF,0xBB,0xC6,0xC6,0xFF,0xC3,0xC5,0xC5,0xFF,
    0x82,0x83,0x83,0xFF,0x30,0x30,0x30,0xEB,0x0A,0x0A,0x0A,0x1A,0x00,0x00,0x00,
    0x00,0x00,0x00,0x00,0x00,0x00,0x00,0x00,0x00,0x00,0x00,0x00,0x00,0x00,0x00,
    0x00,0x00,0x00,0x00,0x00,0x00,0x00,0x00,0x00,0x00,0x00,0x00,0x00,0x00,0x00,
    0x00,0x00,0x00,0x00,0x00,0x00,0x00,0x00,0x00,0x00,0x00,0x00,0x00,0x00,0x00,
    0x00,0x00,0x00,0x00,0x00,0x00,0x00,0x00,0x00,0x00,0x00,0x00,0x00,0x00,0x00,
    0x00,0x00,0x00,0x00,0x00,0x00,0x00,0x00,0x00,0x00,0x00,0x00,0x00,0x00,0x00,
    0x00,0x00,0x00,0x00,0x00,0x00,0x00,0x00,0x00,0x00,0x00,0x00,0x00,0x00,0x00,
    0x00,0x00,0x00,0x00,0x00,0x00,0x00,0x00,0x00,0x00,0x00,0x00,0x00,0x00,0x00,
    0x00,0x00,0x00,0x00,0x00,0x00,0x00,0x00,0x00,0x00,0x00,0x00,0x00,0x00,0x00,
    0x00,0x00,0x00,0x00,0x00,0x00,0x00,0x00,0x00,0x00,0x00,0x00,0x00,0x00,0x00,
    0x00,0x00,0x0C,0x0C,0x0C,0x01,0x19,0x18,0x18,0x9B,0x4B,0x57,0x57,0xFF,0x87,
    0xAC,0xAC,0xFF,0x73,0xBB,0xBB,0xFF,0x37,0xB8,0xB8,0xFF,0x13,0xB8,0xB8,0xFF,
    0x03,0xB8,0xB8,0xFF,0x00,0xB8,0xB8,0xFF,0x00,0xB8,0xB8,0xFF,0x0A,0xB8,0xB8,
    0xFF,0xA4,0xD4,0xD4,0xFF,0xF9,0xFC,0xFC,0xFF,0xFF,0xFF,0xFF,0xFF,0xFF,0xFF,
    0xFF,0xFF,0xFF,0xFF,0xFF,0xFF,0xFF,0xFF,0xFF,0xFF,0xFF,0xFF,0xFF,0xFF,0xFF,
    0xFF,0xFF,0xFF,0xFF,0xFF,0xFF,0xFF,0xFF,0xFF,0xFF,0xFF,0xCA,0xE6,0xEA,0xFF,
    0x3C,0xC5,0xD0,0xFF,0x35,0xC5,0xD0,0xFF,0x35,0xC5,0xD0,0xFF,0x34,0xC4,0xCF,
    0xFF,0x31,0xC2,0xCB,0xFF,0x27,0xBC,0xC2,0xFF,0x0F,0xB8,0xB9,0xFF,0x01,0xB8,
    0xB8,0xFF,0x24,0x71,0x71,0xFF,0x23,0x74,0x74,0xFF,0x01,0xB8,0xB8,0xFF,0x0E,
    0xB8,0xB9,0xFF,0x26,0xBB,0xC1,0xFF,0x31,0xC1,0xCB,0xFF,0x34,0xC4,0xCF,0xFF,
    0x35,0xC5,0xD0,0xFF,0x35,0xC5,0xD0,0xFF,0x3D,0xC5,0xD0,0xFF,0xCD,0xE7,0xEB,
    0xFF,0xFF,0xFF,0xFF,0xFF,0xFF,0xFF,0xFF,0xFF,0xFF,0xFF,0xFF,0xFF,0xFF,0xFF,
    0xFF,0xFF,0xFF,0xFF,0xFF,0xFF,0xFF,0xFF,0xFF,0xFF,0xFF,0xFF,0xFF,0xFF,0xFF,
    0xFF,0xFF,0xFF,0xF9,0xFB,0xFB,0xFF,0xA2,0xD3,0xD3,0xFF,0x09,0xB8,0xB8,0xFF,
    0x00,0xB8,0xB8,0xFF,0x00,0xB8,0xB8,0xFF,0x02,0xB8,0xB8,0xFF,0x12,0xB8,0xB8,
    0xFF,0x33,0xB8,0xB8,0xFF,0x6F,0xBB,0xBB,0xFF,0x83,0xAB,0xAB,0xFF,0x4A,0x57,
    0x57,0xFF,0x19,0x18,0x18,0x9C,0x0E,0x0E,0x0E,0x01,0x00,0x00,0x00,0x00,0x00,
    0x00,0x00,0x00,0x00,0x00,0x00,0x00,0x00,0x00,0x00,0x00,0x00,0x00,0x00,0x00,
    0x00,0x00,0x00,0x00,0x00,0x00,0x00,0x00,0x00,0x00,0x00,0x00,0x00,0x00,0x00,
    0x00,0x00,0x00,0x00,0x00,0x00,0x00,0x00,0x00,0x00,0x00,0x00,0x00,0x00,0x00,
    0x00,0x00,0x00,0x00,0x00,0x00,0x00,0x00,0x00,0x00,0x00,0x00,0x00,0x00,0x00,
    0x00,0x00,0x00,0x00,0x00,0x00,0x00,0x00,0x00,0x00,0x00,0x00,0x00,0x00,0x00,
    0x00,0x00,0x00,0x00,0x00,0x00,0x00,0x00,0x00,0x00,0x00,0x00,0x00,0x00,0x00,
    0x00,0x00,0x00,0x00,0x00,0x00,0x00,0x00,0x00,0x00,0x00,0x00,0x00,0x00,0x00,
    0x00,0x00,0x00,0x00,0x00,0x00,0x00,0x00,0x00,0x00,0x00,0x00,0x00,0x00,0x00,
    0x00,0x00,0x00,0x00,0x00,0x00,0x00,0x00,0x00,0x00,0x00,0x08,0x08,0x08,0x34,
    0x32,0x36,0x36,0xF8,0x47,0x89,0x89,0xFF,0x0D,0xB5,0xB5,0xFF,0x00,0xB8,0xB8,
    0xFF,0x00,0xB8,0xB8,0xFF,0x00,0xB8,0xB8,0xFF,0x00,0xB8,0xB8,0xFF,0x00,0xB8,
    0xB8,0xFF,0x00,0xB8,0xB8,0xFF,0x40,0xBC,0xBC,0xFF,0xD1,0xE7,0xE7,0xFF,0xFF,
    0xFF,0xFF,0xFF,0xFF,0xFF,0xFF,0xFF,0xFF,0xFF,0xFF,0xFF,0xFF,0xFF,0xFF,0xFF,
    0xFF,0xFF,0xFF,0xFF,0xFF,0xFF,0xFF,0xFF,0xFF,0xFF,0xFF,0xFF,0xFF,0xFF,0xFF,
    0xFF,0xFF,0xFF,0xFF,0xFF,0xC2,0xE3,0xE7,0xFF,0x3B,0xC6,0xD1,0xFF,0x35,0xC4,
    0xCE,0xFF,0x2F,0xC0,0xC9,0xFF,0x24,0xBC,0xC1,0xFF,0x13,0xB8,0xBA,0xFF,0x01,
    0xB8,0xB8,0xFF,0x00,0xB8,0xB8,0xFF,0x00,0xB8,0xB8,0xFF,0x21,0x81,0x81,0xFF,
    0x20,0x83,0x83,0xFF,0x00,0xB8,0xB8,0xFF,0x00,0xB8,0xB8,0xFF,0x01,0xB8,0xB8,
    0xFF,0x12,0xB8,0xBA,0xFF,0x23,0xBC,0xC1,0xFF,0x2E,0xC0,0xC8,0xFF,0x34,0xC4,
    0xCE,0xFF,0x3B,0xC6,0xD1,0xFF,0xC4,0xE4,0xE8,0xFF,0xFF,0xFF,0xFF,0xFF,0xFF,
    0xFF,0xFF,0xFF,0xFF,0xFF,0xFF,0xFF,0xFF,0xFF,0xFF,0xFF,0xFF,0xFF,0xFF,0xFF,
    0xFF,0xFF,0xFF,0xFF,0xFF,0xFF,0xFF,0xFF,0xFF,0xFF,0xFF,0xFF,0xFF,0xFF,0xFF,
    0xFF,0xD0,0xE6,0xE6,0xFF,0x3F,0xBC,0xBC,0xFF,0x00,0xB8,0xB8,0xFF,0x00,0xB8,
    0xB8,0xFF,0x00,0xB8,0xB8,0xFF,0x00,0xB8,0xB8,0xFF,0x00,0xB8,0xB8,0xFF,0x00,
    0xB8,0xB8,0xFF,0x0C,0xB5,0xB5,0xFF,0x47,0x89,0x89,0xFF,0x32,0x36,0x36,0xF8,
    0x0A,0x0A,0x0A,0x35,0x00,0x00,0x00,0x00,0x00,0x00,0x00,0x00,0x00,0x00,0x00,
    0x00,0x00,0x00,0x00,0x00,0x00,0x00,0x00,0x00,0x00,0x00,0x00,0x00,0x00,0x00,
    0x00,0x00,0x00,0x00,0x00,0x00,0x00,0x00,0x00,0x00,0x00,0x00,0x00,0x00,0x00,
    0x00,0x00,0x00,0x00,0x00,0x00,0x00,0x00,0x00,0x00,0x00,0x00,0x00,0x00,0x00,
    0x00,0x00,0x00,0x00,0x00,0x00,0x00,0x00,0x00,0x00,0x00,0x00,0x00,0x00,0x00,
    0x00,0x00,0x00,0x00,0x00,0x00,0x00,0x00,0x00,0x00,0x00,0x00,0x00,0x00,0x00,
    0x00,0x00,0x00,0x00,0x00,0x00,0x00,0x00,0x00,0x00,0x00,0x00,0x00,0x00,0x00,
    0x00,0x00,0x00,0x00,0x00,0x00,0x00,0x00,0x00,0x00,0x00,0x00,0x00,0x00,0x00,
    0x00,0x00,0x00,0x00,0x00,0x00,0x00,0x00,0x00,0x00,0x00,0x00,0x00,0x00,0x00,
    0x00,0x08,0x08,0x08,0x06,0x14,0x14,0x14,0xB2,0x4C,0x65,0x65,0xFF,0x2C,0xAA,
    0xAA,0xFF,0x00,0xB8,0xB8,0xFF,0x00,0xB8,0xB8,0xFF,0x00,0xB8,0xB8,0xFF,0x00,
    0xB8,0xB8,0xFF,0x00,0xB8,0xB8,0xFF,0x00,0xB8,0xB8,0xFF,0x02,0xB8,0xB8,0xFF,
    0x70,0xC5,0xC5,0xFF,0xF1,0xF7,0xF7,0xFF,0xFF,0xFF,0xFF,0xFF,0xFF,0xFF,0xFF,
    0xFF,0xFF,0xFF,0xFF,0xFF,0xFF,0xFF,0xFF,0xFF,0xFF,0xFF,0xFF,0xFF,0xFF,0xFF,
    0xFF,0xFF,0xFF,0xFF,0xFF,0xFF,0xFF,0xFF,0xFF,0xFF,0xFF,0xFF,0xFF,0xFF,0xBA,
    0xDF,0xE3,0xFF,0x32,0xBE,0xC6,0xFF,0x1C,0xBA,0xBD,0xFF,0x0D,0xB8,0xBA,0xFF,
    0x02,0xB8,0xB8,0xFF,0x00,0xB8,0xB8,0xFF,0x00,0xB8,0xB8,0xFF,0x00,0xB8,0xB8,
    0xFF,0x00,0xB9,0xB9,0xFF,0x1D,0x8E,0x8E,0xFF,0x1C,0x91,0x91,0xFF,0x00,0xB9,
    0xB9,0xFF,0x00,0xB8,0xB8,0xFF,0x00,0xB8,0xB8,0xFF,0x00,0xB8,0xB8,0xFF,0x02,
    0xB8,0xB8,0xFF,0x0D,0xB8,0xBA,0xFF,0x1C,0xBA,0xBD,0xFF,0x32,0xBE,0xC5,0xFF,
    0xBE,0xE1,0xE5,0xFF,0xFF,0xFF,0xFF,0xFF,0xFF,0xFF,0xFF,0xFF,0xFF,0xFF,0xFF,
    0xFF,0xFF,0xFF,0xFF,0xFF,0xFF,0xFF,0xFF,0xFF,0xFF,0xFF,0xFF,0xFF,0xFF,0xFF,
    0xFF,0xFF,0xFF,0xFF,0xFF,0xFF,0xFF,0xFF,0xFF,0xFF,0xF1,0xF6,0xF6,0xFF,0x6F,
    0xC4,0xC4,0xFF,0x02,0xB8,0xB8,0xFF,0x00,0xB8,0xB8,0xFF,0x00,0xB8,0xB8,0xFF,
    0x00,0xB8,0xB8,0xFF,0x00,0xB8,0xB8,0xFF,0x00,0xB8,0xB8,0xFF,0x00,0xB8,0xB8,
    0xFF,0x2D,0xA9,0xA9,0xFF,0x4C,0x64,0x64,0xFF,0x14,0x14,0x14,0xB3,0x0B,0x0B,
    0x0B,0x07,0x00,0x00,0x00,0x00,0x00,0x00,0x00,0x00,0x00,0x00,0x00,0x00,0x00,
    0x00,0x00,0x00,0x00,0x00,0x00,0x00,0x00,0x00,0x00,0x00,0x00,0x00,0x00,0x00,
    0x00,0x00,0x00,0x00,0x00,0x00,0x00,0x00,0x00,0x00,0x00,0x00,0x00,0x00,0x00,
    0x00,0x00,0x00,0x00,0x00,0x00,0x00,0x00,0x00,0x00,0x00,0x00,0x00,0x00,0x00,
    0x00,0x00,0x00,0x00,0x00,0x00,0x00,0x00,0x00,0x00,0x00,0x00,0x00,0x00,0x00,
    0x00,0x00,0x00,0x00,0x00,0x00,0x00,0x00,0x00,0x00,0x00,0x00,0x00,0x00,0x00,
    0x00,0x00,0x00,0x00,0x00,0x00,0x00,0x00,0x00,0x00,0x00,0x00,0x00,0x00,0x00,
    0x00,0x00,0x00,0x00,0x00,0x00,0x00,0x00,0x00,0x00,0x00,0x00,0x00,0x00,0x00,
    0x00,0x00,0x00,0x00,0x00,0x00,0x00,0x00,0x00,0x00,0x02,0x02,0x02,0x45,0x3C,
    0x3F,0x3F,0xF5,0x45,0x90,0x90,0xFF,0x01,0xB8,0xB8,0xFF,0x00,0xB8,0xB8,0xFF,
    0x00,0xB8,0xB8,0xFF,0x00,0xB8,0xB8,0xFF,0x00,0xB8,0xB8,0xFF,0x00,0xB8,0xB8,
    0xFF,0x00,0xB8,0xB8,0xFF,0x13,0xB8,0xB8,0xFF,0xAB,0xD6,0xD6,0xFF,0xFF,0xFF,
    0xFF,0xFF,0xFF,0xFF,0xFF,0xFF,0xFF,0xFF,0xFF,0xFF,0xFF,0xFF,0xFF,0xFF,0xFF,
    0xFF,0xFF,0xFF,0xFF,0xFF,0xFF,0xFF,0xFE,0xFE,0xFE,0xFF,0xFE,0xFE,0xFE,0xFF,
    0xFC,0xFC,0xFC,0xFF,0xFC,0xFB,0xFB,0xFF,0xB0,0xD7,0xD7,0xFF,0x14,0xB8,0xB9,
    0xFF,0x00,0xB8,0xB8,0xFF,0x00,0xB8,0xB8,0xFF,0x00,0xB8,0xB8,0xFF,0x00,0xB8,
    0xB8,0xFF,0x00,0xB8,0xB8,0xFF,0x00,0xB8,0xB8,0xFF,0x00,0xB9,0xB9,0xFF,0x18,
    0x9C,0x9C,0xFF,0x17,0x9F,0x9F,0xFF,0x00,0xB9,0xB9,0xFF,0x00,0xB8,0xB8,0xFF,
    0x00,0xB8,0xB8,0xFF,0x00,0xB8,0xB8,0xFF,0x00,0xB8,0xB8,0xFF,0x00,0xB8,0xB8,
    0xFF,0x00,0xB8,0xB8,0xFF,0x15,0xB8,0xB9,0xFF,0xB3,0xD8,0xD8,0xFF,0xFC,0xFB,
    0xFB,0xFF,0xFC,0xFC,0xFC,0xFF,0xFE,0xFE,0xFE,0xFF,0xFE,0xFE,0xFE,0xFF,0xFF,
    0xFF,0xFF,0xFF,0xFF,0xFF,0xFF,0xFF,0xFF,0xFF,0xFF,0xFF,0xFF,0xFF,0xFF,0xFF,
    0xFF,0xFF,0xFF,0xFF,0xFF,0xFF,0xFF,0xFF,0xAA,0xD6,0xD6,0xFF,0x12,0xB8,0xB8,
    0xFF,0x00,0xB8,0xB8,0xFF,0x00,0xB8,0xB8,0xFF,0x00,0xB8,0xB8,0xFF,0x00,0xB8,
    0xB8,0xFF,0x00,0xB8,0xB8,0xFF,0x00,0xB8,0xB8,0xFF,0x02,0xB8,0xB8,0xFF,0x45,
    0x90,0x90,0xFF,0x3C,0x3F,0x3F,0xF5,0x04,0x04,0x04,0x45,0x00,0x00,0x00,0x00,
    0x00,0x00,0x00,0x00,0x00,0x00,0x00,0x00,0x00,0x00,0x00,0x00,0x00,0x00,0x00,
    0x00,0x00,0x00,0x00,0x00,0x00,0x00,0x00,0x00,0x00,0x00,0x00,0x00,0x00,0x00,
    0x00,0x00,0x00,0x00,0x00,0x00,0x00,0x00,0x00,0x00,0x00,0x00,0x00,0x00,0x00,
    0x00,0x00,0x00,0x00,0x00,0x00,0x00,0x00,0x00,0x00,0x00,0x00,0x00,0x00,0x00,
    0x00,0x00,0x00,0x00,0x00,0x00,0x00,0x00,0x00,0x00,0x00,0x00,0x00,0x00,0x00,
    0x00,0x00,0x00,0x00,0x00,0x00,0x00,0x00,0x00,0x00,0x00,0x00,0x00,0x00,0x00,
    0x00,0x00,0x00,0x00,0x00,0x00,0x00,0x00,0x00,0x00,0x00,0x00,0x00,0x00,0x00,
    0x00,0x00,0x00,0x00,0x00,0x00,0x00,0x00,0x00,0x00,0x00,0x00,0x00,0x00,0x00,
    0x07,0x07,0x07,0x09,0x22,0x20,0x20,0xC0,0x4D,0x6D,0x6D,0xFF,0x1E,0xB1,0xB1,
    0xFF,0x00,0xB8,0xB8,0xFF,0x00,0xB8,0xB8,0xFF,0x00,0xB8,0xB8,0xFF,0x00,0xB8,
    0xB8,0xFF,0x00,0xB8,0xB8,0xFF,0x00,0xB8,0xB8,0xFF,0x00,0xB8,0xB8,0xFF,0x34,
    0xBA,0xBA,0xFF,0xE2,0xEF,0xEF,0xFF,0xFF,0xFF,0xFF,0xFF,0xFF,0xFF,0xFF,0xFF,
    0xFE,0xFE,0xFE,0xFF,0xFD,0xFD,0xFD,0xFF,0xFC,0xFC,0xFC,0xFF,0xFC,0xFC,0xFC,
    0xFF,0xFC,0xFC,0xFC,0xFF,0xFC,0xFC,0xFC,0xFF,0xFD,0xFD,0xFD,0xFF,0xFF,0xFF,
    0xFF,0xFF,0xB2,0xD9,0xD9,0xFF,0x12,0xB8,0xB8,0xFF,0x00,0xB8,0xB8,0xFF,0x00,
    0xB8,0xB8,0xFF,0x00,0xB8,0xB8,0xFF,0x00,0xB8,0xB8,0xFF,0x00,0xB8,0xB8,0xFF,
    0x00,0xB8,0xB8,0xFF,0x00,0xB8,0xB8,0xFF,0x11,0xAC,0xAC,0xFF,0x0F,0xAE,0xAE,
    0xFF,0x00,0xB8,0xB8,0xFF,0x00,0xB8,0xB8,0xFF,0x00,0xB8,0xB8,0xFF,0x00,0xB8,
    0xB8,0xFF,0x00,0xB8,0xB8,0xFF,0x00,0xB8,0xB8,0xFF,0x00,0xB8,0xB8,0xFF,0x13,
    0xB8,0xB8,0xFF,0xB4,0xD9,0xD9,0xFF,0xFF,0xFF,0xFF,0xFF,0xFE,0xFE,0xFE,0xFF,
    0xFC,0xFC,0xFC,0xFF,0xFC,0xFC,0xFC,0xFF,0xFC,0xFC,0xFC,0xFF,0xFC,0xFC,0xFC,
    0xFF,0xFC,0xFC,0xFC,0xFF,0xFE,0xFE,0xFE,0xFF,0xFF,0xFF,0xFF,0xFF,0xFF,0xFF,
    0xFF,0xFF,0xE1,0xEE,0xEE,0xFF,0x32,0xBA,0xBA,0xFF,0x00,0xB8,0xB8,0xFF,0x00,
    0xB8,0xB8,0xFF,0x00,0xB8,0xB8,0xFF,0x00,0xB8,0xB8,0xFF,0x00,0xB8,0xB8,0xFF,
    0x00,0xB8,0xB8,0xFF,0x00,0xB8,0xB8,0xFF,0x1E,0xB1,0xB1,0xFF,0x4D,0x6C,0x6C,
    0xFF,0x22,0x20,0x20,0xC1,0x0A,0x0A,0x0A,0x09,0x00,0x00,0x00,0x00,0x00,0x00,
    0x00,0x00,0x00,0x00,0x00,0x00,0x00,0x00,0x00,0x00,0x00,0x00,0x00,0x00,0x00,
    0x00,0x00,0x00,0x00,0x00,0x00,0x00,0x00,0x00,0x00,0x00,0x00,0x00,0x00,0x00,
    0x00,0x00,0x00,0x00,0x00,0x00,0x00,0x00,0x00,0x00,0x00,0x00,0x00,0x00,0x00,
    0x00,0x00,0x00,0x00,0x00,0x00,0x00,0x00,0x00,0x00,0x00,0x00,0x00,0x00,0x00,
    0x00,0x00,0x00,0x00,0x00,0x00,0x00,0x00,0x00,0x00,0x00,0x00,0x00,0x00,0x00,
    0x00,0x00,0x00,0x00,0x00,0x00,0x00,0x00,0x00,0x00,0x00,0x00,0x00,0x00,0x00,
    0x00,0x00,0x00,0x00,0x00,0x00,0x00,0x00,0x00,0x00,0x00,0x00,0x00,0x00,0x00,
    0x00,0x00,0x00,0x00,0x00,0x00,0x00,0x00,0x00,0x0D,0x0C,0x0C,0x5A,0x3F,0x43,
    0x43,0xFF,0x38,0x9C,0x9C,0xFF,0x03,0xB7,0xB7,0xFF,0x00,0xB7,0xB7,0xFF,0x00,
    0xB7,0xB7,0xFF,0x00,0xB7,0xB7,0xFF,0x00,0xB7,0xB7,0xFF,0x01,0xB7,0xB7,0xFF,
    0x01,0xB6,0xB6,0xFF,0x00,0xB5,0xB5,0xFF,0x7E,0xC4,0xC4,0xFF,0xF6,0xF8,0xF8,
    0xFF,0xFB,0xFB,0xFB,0xFF,0xFB,0xFB,0xFB,0xFF,0xFB,0xFB,0xFB,0xFF,0xFD,0xFD,
    0xFD,0xFF,0xFE,0xFE,0xFE,0xFF,0xFE,0xFE,0xFE,0xFF,0xFF,0xFF,0xFF,0xFF,0xFF,
    0xFF,0xFF,0xFF,0xFF,0xFF,0xFF,0xFF,0xFF,0xFF,0xFF,0xFF,0xB2,0xD9,0xD9,0xFF,
    0x12,0xB8,0xB8,0xFF,0x00,0xB8,0xB8,0xFF,0x00,0xB8,0xB8,0xFF,0x00,0xB8,0xB8,
    0xFF,0x00,0xB8,0xB8,0xFF,0x00,0xB8,0xB8,0xFF,0x00,0xB8,0xB8,0xFF,0x00,0xB8,
    0xB8,0xFF,0x15,0xB3,0xB3,0xFF,0x14,0xB4,0xB4,0xFF,0x00,0xB8,0xB8,0xFF,0x00,
    0xB8,0xB8,0xFF,0x00,0xB8,0xB8,0xFF,0x00,0xB8,0xB8,0xFF,0x00,0xB8,0xB8,0xFF,
    0x00,0xB8,0xB8,0xFF,0x00,0xB8,0xB8,0xFF,0x13,0xB9,0xB9,0xFF,0xB5,0xDA,0xDA,
    0xFF,0xFF,0xFF,0xFF,0xFF,0xFF,0xFF,0xFF,0xFF,0xFF,0xFF,0xFF,0xFF,0xFF,0xFF,
    0xFF,0xFF,0xFE,0xFE,0xFE,0xFF,0xFE,0xFE,0xFE,0xFF,0xFE,0xFE,0xFE,0xFF,0xFB,
    0xFB,0xFB,0xFF,0xFB,0xFB,0xFB,0xFF,0xFB,0xFB,0xFB,0xFF,0xF6,0xF8,0xF8,0xFF,
    0x7C,0xC3,0xC3,0xFF,0x00,0xB4,0xB4,0xFF,0x01,0xB6,0xB6,0xFF,0x01,0xB6,0xB6,
    0xFF,0x01,0xB7,0xB7,0xFF,0x00,0xB7,0xB7,0xFF,0x00,0xB7,0xB7,0xFF,0x00,0xB7,
    0xB7,0xFF,0x03,0xB7,0xB7,0xFF,0x38,0x9C,0x9C,0xFF,0x3F,0x42,0x42,0xFF,0x0E,
    0x0E,0x0E,0x5B,0x00,0x00,0x00,0x00,0x00,0x00,0x00,0x00,0x00,0x00,0x00,0x00,
    0x00,0x00,0x00,0x00,0x00,0x00,0x00,0x00,0x00,0x00,0x00,0x00,0x00,0x00,0x00,
    0x00,0x00,0x00,0x00,0x00,0x00,0x00,0x00,0x00,0x00,0x00,0x00,0x00,0x00,0x00,
    0x00,0x00,0x00,0x00,0x00,0x00,0x00,0x00,0x00,0x00,0x00,0x00,0x00,0x00,0x00,
    0x00,0x00,0x00,0x00,0x00,0x00,0x00,0x00,0x00,0x00,0x00,0x00,0x00,0x00,0x00,
    0x00,0x00,0x00,0x00,0x00,0x00,0x00,0x00,0x00,0x00,0x00,0x00,0x00,0x00,0x00,
    0x00,0x00,0x00,0x00,0x00,0x00,0x00,0x00,0x00,0x00,0x00,0x00,0x00,0x00,0x00,
    0x00,0x00,0x00,0x00,0x00,0x00,0x00,0x00,0x00,0x00,0x00,0x00,0x00,0x00,0x09,
    0x09,0x09,0x0F,0x0E,0x0D,0x0D,0xE5,0x32,0x49,0x49,0xFF,0x1B,0x81,0x81,0xFF,
    0x08,0x8A,0x8A,0xFF,0x08,0x8A,0x8A,0xFF,0x08,0x88,0x88,0xFF,0x07,0x84,0x84,
    0xFF,0x07,0x7D,0x7D,0xFF,0x06,0x74,0x74,0xFF,0x07,0x66,0x66,0xFF,0x00,0x50,
    0x50,0xFF,0xC3,0xC7,0xC7,0xFF,0xFE,0xFE,0xFE,0xFF,0xFF,0xFF,0xFF,0xFF,0xFF,
    0xFF,0xFF,0xFF,0xFF,0xFF,0xFF,0xFF,0xFF,0xFF,0xFF,0xFF,0xFF,0xFF,0xFF,0xFF,
    0xFF,0xFF,0xFF,0xFF,0xFF,0xFF,0xFF,0xFF,0xFF,0xFF,0xFF,0xFF,0xFF,0xFF,0xFF,
    0xFF,0xFF,0xFF,0xFF,0xFF,0xB5,0xDA,0xDA,0xFF,0x13,0xB9,0xB9,0xFF,0x00,0xB8,
    0xB8,0xFF,0x00,0xB8,0xB8,0xFF,0x00,0xB8,0xB8,0xFF,0x00,0xB8,0xB8,0xFF,0x00,
    0xB8,0xB8,0xFF,0x00,0xB8,0xB8,0xFF,0x00,0xB8,0xB8,0xFF,0x16,0xB4,0xB4,0xFF,
    0x15,0xB4,0xB4,0xFF,0x00,0xB8,0xB8,0xFF,0x00,0xB8,0xB8,0xFF,0x00,0xB8,0xB8,
    0xFF,0x00,0xB8,0xB8,0xFF,0x00,0xB8,0xB8,0xFF,0x00,0xB8,0xB8,0xFF,0x00,0xB8,
    0xB8,0xFF,0x15,0xB9,0xB9,0xFF,0xBA,0xDD,0xDD,0xFF,0xFF,0xFF,0xFF,0xFF,0xFF,
    0xFF,0xFF,0xFF,0xFF,0xFF,0xFF,0xFF,0xFF,0xFF,0xFF,0xFF,0xFF,0xFF,0xFF,0xFF,
    0xFF,0xFF,0xFF,0xFF,0xFF,0xFF,0xFF,0xFF,0xFF,0xFF,0xFF,0xFF,0xFF,0xFF,0xFF,
    0xFF,0xFF,0xFF,0xFF,0xFF,0xFE,0xFE,0xFE,0xFF,0xC2,0xC5,0xC5,0xFF,0x00,0x49,
    0x49,0xFF,0x06,0x61,0x61,0xFF,0x07,0x6F,0x6F,0xFF,0x08,0x79,0x79,0xFF,0x07,
    0x80,0x80,0xFF,0x07,0x85,0x85,0xFF,0x09,0x86,0x86,0xFF,0x08,0x86,0x86,0xFF,
    0x1A,0x7E,0x7E,0xFF,0x30,0x47,0x47,0xFF,0x0D,0x0C,0x0C,0xE5,0x0E,0x0E,0x0E,
    0x0F,0x00,0x00,0x00,0x00,0x00,0x00,0x00,0x00,0x00,0x00,0x00,0x00,0x00,0x00,
    0x00,0x00,0x00,0x00,0x00,0x00,0x00,0x00,0x00,0x00,0x00,0x00,0x00,0x00,0x00,
    0x00,0x00,0x00,0x00,0x00,0x00,0x00,0x00,0x00,0x00,0x00,0x00,0x00,0x00,0x00,
    0x00,0x00,0x00,0x00,0x00,0x00,0x00,0x00,0x00,0x00,0x00,0x00,0x00,0x00,0x00,
    0x00,0x00,0x00,0x00,0x00,0x00,0x00,0x00,0x00,0x00,0x00,0x00,0x00,0x00,0x00,
    0x00,0x00,0x00,0x00,0x00,0x00,0x00,0x00,0x00,0x00,0x00,0x00,0x00,0x00,0x00,
    0x00,0x00,0x00,0x00,0x00,0x00,0x00,0x00,0x00,0x00,0x00,0x00,0x00,0x00,0x00,
    0x00,0x00,0x00,0x00,0x0F,0x0F,0x0F,0x01,0x02,0x02,0x02,0x7B,0x01,0x01,0x01,
    0xFD,0x03,0x02,0x02,0xFF,0x00,0x00,0x00,0xFF,0x00,0x00,0x00,0xFF,0x00,0x00,
    0x00,0xFF,0x00,0x00,0x00,0xFF,0x00,0x00,0x00,0xFF,0x00,0x00,0x00,0xFF,0x00,
    0x00,0x00,0xFF,0x00,0x00,0x00,0xFF,0x51,0x50,0x50,0xFF,0xE8,0xE8,0xE8,0xFF,
    0xFF,0xFF,0xFF,0xFF,0xFF,0xFF,0xFF,0xFF,0xFF,0xFF,0xFF,0xFF,0xFF,0xFF,0xFF,
    0xFF,0xFF,0xFF,0xFF,0xFF,0xFF,0xFF,0xFF,0xFF,0xFF,0xFF,0xFF,0xFF,0xFF,0xFF,
    0xFF,0xFF,0xFF,0xFF,0xFF,0xFF,0xFF,0xFF,0xFF,0xFF,0xFF,0xFF,0xFF,0xFF,0xBC,
    0xDD,0xDD,0xFF,0x15,0xB9,0xB9,0xFF,0x00,0xB8,0xB8,0xFF,0x00,0xB8,0xB8,0xFF,
    0x00,0xB8,0xB8,0xFF,0x00,0xB8,0xB8,0xFF,0x00,0xB8,0xB8,0xFF,0x00,0xB8,0xB8,
    0xFF,0x00,0xB8,0xB8,0xFF,0x15,0xB5,0xB5,0xFF,0x15,0xB5,0xB5,0xFF,0x00,0xB8,
    0xB8,0xFF,0x00,0xB8,0xB8,0xFF,0x00,0xB8,0xB8,0xFF,0x00,0xB8,0xB8,0xFF,0x00,
    0xB8,0xB8,0xFF,0x00,0xB8,0xB8,0xFF,0x00,0xB8,0xB8,0xFF,0x16,0xB9,0xB9,0xFF,
    0xBF,0xDF,0xDF,0xFF,0xFF,0xFF,0xFF,0xFF,0xFF,0xFF,0xFF,0xFF,0xFF,0xFF,0xFF,
    0xFF,0xFF,0xFF,0xFF,0xFF,0xFF,0xFF,0xFF,0xFF,0xFF,0xFF,0xFF,0xFF,0xFF,0xFF,
    0xFF,0xFF,0xFF,0xFF,0xFF,0xFF,0xFF,0xFF,0xFF,0xFF,0xFF,0xFF,0xFF,0xFF,0xFF,
    0xFF,0xFF,0xFF,0xE7,0xE7,0xE7,0xFF,0x4E,0x4D,0x4D,0xFF,0x00,0x00,0x00,0xFF,
    0x00,0x00,0x00,0xFF,0x00,0x00,0x00,0xFF,0x00,0x00,0x00,0xFF,0x00,0x00,0x00,
    0xFF,0x00,0x00,0x00,0xFF,0x00,0x00,0x00,0xFF,0x00,0x00,0x00,0xFF,0x03,0x01,
    0x01,0xFF,0x01,0x01,0x01,0xFE,0x04,0x04,0x04,0x7D,0x15,0x15,0x15,0x01,0x00,
    0x00,0x00,0x00,0x00,0x00,0x00,0x00,0x00,0x00,0x00,0x00,0x00,0x00,0x00,0x00,
    0x00,0x00,0x00,0x00,0x00,0x00,0x00,0x00,0x00,0x00,0x00,0x00,0x00,0x00,0x00,
    0x00,0x00,0x00,0x00,0x00,0x00,0x00,0x00,0x00,0x00,0x00,0x00,0x00,0x00,0x00,
    0x00,0x00,0x00,0x00,0x00,0x00,0x00,0x00,0x00,0x00,0x00,0x00,0x00,0x00,0x00,
    0x00,0x00,0x00,0x00,0x00,0x00,0x00,0x00,0x00,0x00,0x00,0x00,0x00,0x00,0x00,
    0x00,0x00,0x00,0x00,0x00,0x00,0x00,0x00,0x00,0x00,0x00,0x00,0x00,0x00,0x00,
    0x00,0x00,0x00,0x00,0x00,0x00,0x00,0x00,0x00,0x00,0x00,0x00,0x00,0x05,0x05,
    0x05,0x1C,0x01,0x01,0x01,0xDE,0x05,0x05,0x05,0xFF,0x02,0x02,0x02,0xFF,0x00,
    0x00,0x00,0xFF,0x00,0x00,0x00,0xFF,0x00,0x00,0x00,0xFF,0x00,0x00,0x00,0xFF,
    0x00,0x00,0x00,0xFF,0x00,0x00,0x00,0xFF,0x00,0x00,0x00,0xFF,0x00,0x00,0x00,
    0xFF,0x93,0x93,0x93,0xFF,0xF6,0xF6,0xF6,0xFF,0xFF,0xFF,0xFF,0xFF,0xFF,0xFF,
    0xFF,0xFF,0xFF,0xFF,0xFF,0xFF,0xFF,0xFF,0xFF,0xFF,0xFF,0xFF,0xFF,0xFF,0xFF,
    0xFF,0xFF,0xFF,0xFF,0xFF,0xFF,0xFF,0xFF,0xFF,0xFF,0xFF,0xFF,0xFF,0xFF,0xFF,
    0xFF,0xFF,0xFF,0xFF,0xFF,0xFF,0xFF,0xFF,0xC4,0xE1,0xE1,0xFF,0x18,0xB9,0xB9,
    0xFF,0x00,0xB8,0xB8,0xFF,0x00,0xB8,0xB8,0xFF,0x00,0xB8,0xB8,0xFF,0x00,0xB8,
    0xB8,0xFF,0x00,0xB8,0xB8,0xFF,0x00,0xB8,0xB8,0xFF,0x02,0xB8,0xB8,0xFF,0x13,
    0xB5,0xB5,0xFF,0x15,0xB5,0xB5,0xFF,0x01,0xB8,0xB8,0xFF,0x00,0xB8,0xB8,0xFF,
    0x00,0xB8,0xB8,0xFF,0x00,0xB8,0xB8,0xFF,0x00,0xB8,0xB8,0xFF,0x00,0xB8,0xB8,
    0xFF,0x00,0xB8,0xB8,0xFF,0x19,0xB9,0xB9,0xFF,0xC7,0xE2,0xE2,0xFF,0xFF,0xFF,
    0xFF,0xFF,0xFF,0xFF,0xFF,0xFF,0xFF,0xFF,0xFF,0xFF,0xFF,0xFF,0xFF,0xFF,0xFF,
    0xFF,0xFF,0xFF,0xFF,0xFF,0xFF,0xFF,0xFF,0xFF,0xFF,0xFF,0xFF,0xFF,0xFF,0xFF,
    0xFF,0xFF,0xFF,0xFF,0xFF,0xFF,0xFF,0xFF,0xFF,0xFF,0xFF,0xFF,0xF6,0xF6,0xF6,
    0xFF,0x91,0x91,0x91,0xFF,0x00,0x00,0x00,0xFF,0x00,0x00,0x00,0xFF,0x00,0x00,
    0x00,0xFF,0x00,0x00,0x00,0xFF,0x00,0x00,0x00,0xFF,0x00,0x00,0x00,0xFF,0x00,
    0x00,0x00,0xFF,0x00,0x00,0x00,0xFF,0x02,0x02,0x02,0xFF,0x05,0x05,0x05,0xFF,
    0x01,0x01,0x01,0xDE,0x08,0x08,0x08,0x1D,0x00,0x00,0x00,0x00,0x00,0x00,0x00,
    0x00,0x00,0x00,0x00,0x00,0x00,0x00,0x00,0x00,0x00,0x00,0x00,0x00,0x00,0x00,
    0x00,0x00,0x00,0x00,0x00,0x00,0x00,0x00,0x00,0x00,0x00,0x00,0x00,0x00,0x00,
    0x00,0x00,0x00,0x00,0x00,0x00,0x00,0x00,0x00,0x00,0x00,0x00,0x00,0x00,0x00,
    0x00,0x00,0x00,0x00,0x00,0x00,0x00,0x00,0x00,0x00,0x00,0x00,0x00,0x00,0x00,
    0x00,0x00,0x00,0x00,0x00,0x00,0x00,0x00,0x00,0x00,0x00,0x00,0x00,0x00,0x00,
    0x00,0x00,0x00,0x00,0x00,0x00,0x00,0x00,0x00,0x00,0x00,0x00,0x00,0x00,0x00,
    0x00,0x00,0x00,0x0C,0x0C,0x0C,0x01,0x03,0x03,0x03,0x55,0x02,0x02,0x02,0xD0,
    0x06,0x06,0x06,0xDB,0x00,0x00,0x00,0xE3,0x00,0x00,0x00,0xEB,0x00,0x00,0x00,
    0xF4,0x00,0x00,0x00,0xFC,0x00,0x00,0x00,0xFE,0x00,0x00,0x00,0xFF,0x00,0x00,
    0x00,0xFF,0x00,0x00,0x00,0xFF,0x25,0x25,0x25,0xFF,0xBF,0xBF,0xBF,0xFF,0xFE,
    0xFE,0xFE,0xFF,0xFF,0xFF,0xFF,0xFF,0xFF,0xFF,0xFF,0xFF,0xFF,0xFF,0xFF,0xFF,
    0xFF,0xFF,0xFF,0xFF,0xFF,0xFF,0xFF,0xFF,0xFF,0xFF,0xFF,0xFF,0xFF,0xFF,0xFF,
    0xFF,0xFF,0xFF,0xFF,0xFF,0xFF,0xFF,0xFF,0xFF,0xFF,0xFF,0xFF,0xFF,0xFF,0xFF,
    0xFF,0xFF,0xCD,0xE5,0xE5,0xFF,0x1E,0xB9,0xB9,0xFF,0x00,0xB8,0xB8,0xFF,0x00,
    0xB8,0xB8,0xFF,0x00,0xB8,0xB8,0xFF,0x00,0xB8,0xB8,0xFF,0x00,0xB8,0xB8,0xFF,
    0x00,0xB8,0xB8,0xFF,0x0E,0xB6,0xB6,0xFF,0x09,0xB7,0xB7,0xFF,0x0B,0xB7,0xB7,
    0xFF,0x0D,0xB6,0xB6,0xFF,0x00,0xB8,0xB8,0xFF,0x00,0xB8,0xB8,0xFF,0x00,0xB8,
    0xB8,0xFF,0x00,0xB8,0xB8,0xFF,0x00,0xB8,0xB8,0xFF,0x00,0xB8,0xB8,0xFF,0x21,
    0xB9,0xB9,0xFF,0xD1,0xE7,0xE7,0xFF,0xFF,0xFF,0xFF,0xFF,0xFF,0xFF,0xFF,0xFF,
    0xFF,0xFF,0xFF,0xFF,0xFF,0xFF,0xFF,0xFF,0xFF,0xFF,0xFF,0xFF,0xFF,0xFF,0xFF,
    0xFF,0xFF,0xFF,0xFF,0xFF,0xFF,0xFF,0xFF,0xFF,0xFF,0xFF,0xFF,0xFF,0xFF,0xFF,
    0xFF,0xFF,0xFF,0xFF,0xFF,0xFF,0xFE,0xFE,0xFE,0xFF,0xBD,0xBD,0xBD,0xFF,0x23,
    0x23,0x23,0xFF,0x00,0x00,0x00,0xFF,0x00,0x00,0x00,0xFF,0x00,0x00,0x00,0xFF,
    0x00,0x00,0x00,0xFE,0x01,0x01,0x01,0xFC,0x02,0x02,0x02,0xF4,0x01,0x01,0x01,
    0xEB,0x01,0x01,0x01,0xE3,0x07,0x07,0x07,0xDB,0x04,0x04,0x04,0xD0,0x07,0x07,
    0x07,0x56,0x14,0x14,0x14,0x01,0x00,0x00,0x00,0x00,0x00,0x00,0x00,0x00,0x00,
    0x00,0x00,0x00,0x00,0x00,0x00,0x00,0x00,0x00,0x00,0x00,0x00,0x00,0x00,0x00,
    0x00,0x00,0x00,0x00,0x00,0x00,0x00,0x00,0x00,0x00,0x00,0x00,0x00,0x00,0x00,
    0x00,0x00,0x00,0x00,0x00,0x00,0x00,0x00,0x00,0x00,0x00,0x00,0x00,0x00,0x00,
    0x00,0x00,0x00,0x00,0x00,0x00,0x00,0x00,0x00,0x00,0x00,0x00,0x00,0x00,0x00,
    0x00,0x00,0x00,0x00,0x00,0x00,0x00,0x00,0x00,0x00,0x00,0x00,0x00,0x00,0x00,
    0x00,0x00,0x00,0x00,0x00,0x00,0x00,0x00,0x00,0x00,0x00,0x00,0x00,0x00,0x00,
    0x00,0x03,0x03,0x03,0x05,0x0B,0x0B,0x0B,0x0E,0x04,0x04,0x04,0x16,0x03,0x03,
    0x03,0x1E,0x02,0x02,0x02,0x27,0x02,0x02,0x02,0x33,0x03,0x03,0x03,0x41,0x02,
    0x02,0x02,0x4F,0x02,0x02,0x02,0x62,0x01,0x01,0x01,0x75,0x02,0x02,0x02,0x8C,
    0x52,0x52,0x52,0xA4,0xDD,0xDD,0xDD,0xBE,0xFF,0xFF,0xFF,0xDA,0xFE,0xFE,0xFE,
    0xF7,0xFF,0xFF,0xFF,0xFF,0xFF,0xFF,0xFF,0xFF,0xFF,0xFF,0xFF,0xFF,0xFF,0xFF,
    0xFF,0xFF,0xFF,0xFF,0xFF,0xFF,0xFF,0xFF,0xFF,0xFF,0xFF,0xFF,0xFF,0xFF,0xFF,
    0xFF,0xFF,0xFF,0xFF,0xFF,0xFF,0xFF,0xFF,0xFF,0xFF,0xFF,0xD9,0xEA,0xEA,0xFF,
    0x29,0xBA,0xBA,0xFF,0x00,0xB8,0xB8,0xFF,0x00,0xB8,0xB8,0xFF,0x00,0xB8,0xB8,
    0xFF,0x00,0xB8,0xB8,0xFF,0x00,0xB8,0xB8,0xFF,0x00,0xB8,0xB8,0xFF,0x11,0xB6,
    0xB6,0xFF,0x08,0xB7,0xB7,0xFF,0x08,0xB7,0xB7,0xFF,0x11,0xB6,0xB6,0xFF,0x00,
    0xB8,0xB8,0xFF,0x00,0xB8,0xB8,0xFF,0x00,0xB8,0xB8,0xFF,0x00,0xB8,0xB8,0xFF,
    0x00,0xB8,0xB8,0xFF,0x00,0xB8,0xB8,0xFF,0x2B,0xBA,0xBA,0xFF,0xDC,0xEC,0xEC,
    0xFF,0xFF,0xFF,0xFF,0xFF,0xFF,0xFF,0xFF,0xFF,0xFF,0xFF,0xFF,0xFF,0xFF,0xFF,
    0xFF,0xFF,0xFF,0xFF,0xFF,0xFF,0xFF,0xFF,0xFF,0xFF,0xFF,0xFF,0xFF,0xFF,0xFF,
    0xFF,0xFF,0xFF,0xFF,0xFF,0xFF,0xFF,0xFF,0xFF,0xFF,0xFF,0xFD,0xFD,0xFD,0xF7,
    0xFD,0xFD,0xFD,0xDB,0xDA,0xDA,0xDA,0xBE,0x50,0x50,0x50,0xA4,0x06,0x06,0x06,
    0x8C,0x06,0x06,0x06,0x75,0x08,0x08,0x08,0x62,0x07,0x07,0x07,0x4F,0x09,0x09,
    0x09,0x41,0x0A,0x0A,0x0A,0x33,0x0A,0x0A,0x0A,0x27,0x0C,0x0C,0x0C,0x1E,0x0F,
    0x0F,0x0F,0x16,0x14,0x14,0x14,0x0E,0x12,0x12,0x12,0x05,0x00,0x00,0x00,0x00,
    0x00,0x00,0x00,0x00,0x00,0x00,0x00,0x00,0x00,0x00,0x00,0x00,0x00,0x00,0x00,
    0x00,0x00,0x00,0x00,0x00,0x00,0x00,0x00,0x00,0x00,0x00,0x00,0x00,0x00,0x00,
    0x00,0x00,0x00,0x00,0x00,0x00,0x00,0x00,0x00,0x00,0x00,0x00,0x00,0x00,0x00,
    0x00,0x00,0x00,0x00,0x00,0x00,0x00,0x00,0x00,0x00,0x00,0x00,0x00,0x00,0x00,
    0x00,0x00,0x00,0x00,0x00,0x00,0x00,0x00,0x00,0x00,0x00,0x00,0x00,0x00,0x00,
    0x00,0x00,0x00,0x00,0x00,0x00,0x00,0x00,0x00,0x00,0x00,0x00,0x00,0x00,0x00,
    0x00,0x00,0x00,0x00,0x00,0x00,0x00,0x00,0x00,0x00,0x00,0x00,0x00,0x00,0x00,
    0x00,0x00,0x00,0x00,0x00,0x00,0x00,0x00,0x00,0x00,0x00,0x00,0x00,0x00,0x00,
    0x00,0x00,0x00,0x00,0x00,0x00,0x00,0x00,0x00,0x00,0x00,0x00,0x0B,0x0B,0x0B,
    0x01,0x05,0x05,0x05,0x01,0x05,0x05,0x05,0x02,0x67,0x67,0x67,0x03,0xE8,0xE8,
    0xE8,0x05,0xFE,0xFE,0xFE,0x08,0xFD,0xFD,0xFD,0x0C,0xFC,0xFC,0xFC,0x18,0xFD,
    0xFD,0xFD,0x2B,0xFE,0xFE,0xFE,0x44,0xFD,0xFD,0xFD,0x66,0xFE,0xFE,0xFE,0x8D,
    0xFE,0xFE,0xFE,0xBD,0xFE,0xFE,0xFE,0xE4,0xFF,0xFF,0xFF,0xEE,0xFF,0xFF,0xFF,
    0xF5,0xFF,0xFF,0xFF,0xFA,0xE5,0xF0,0xF0,0xFC,0x33,0xBB,0xBB,0xFE,0x00,0xB8,
    0xB8,0xFF,0x00,0xB8,0xB8,0xFF,0x00,0xB8,0xB8,0xFF,0x00,0xB8,0xB8,0xFF,0x00,
    0xB8,0xB8,0xFF,0x01,0xB8,0xB8,0xFF,0x14,0xB6,0xB6,0xFF,0x08,0xB7,0xB7,0xFF,
    0x08,0xB7,0xB7,0xFF,0x14,0xB6,0xB6,0xFF,0x01,0xB8,0xB8,0xFF,0x00,0xB8,0xB8,
    0xFF,0x00,0xB8,0xB8,0xFF,0x00,0xB8,0xB8,0xFF,0x00,0xB8,0xB8,0xFF,0x00,0xB8,
    0xB8,0xFF,0x35,0xBB,0xBB,0xFE,0xE8,0xF2,0xF2,0xFC,0xFF,0xFF,0xFF,0xFA,0xFF,
    0xFF,0xFF,0xF5,0xFF,0xFF,0xFF,0xEE,0xFD,0xFD,0xFD,0xE5,0xFB,0xFB,0xFB,0xBE,
    0xFB,0xFB,0xFB,0x8E,0xFA,0xFA,0xFA,0x66,0xFB,0xFB,0xFB,0x45,0xF8,0xF8,0xF8,
    0x2B,0xF5,0xF5,0xF5,0x18,0xF9,0xF9,0xF9,0x0C,0xF9,0xF9,0xF9,0x08,0xE2,0xE2,
    0xE2,0x05,0x63,0x63,0x63,0x03,0x11,0x11,0x11,0x02,0x13,0x13,0x13,0x01,0x1C,
    0x1C,0x1C,0x01,0x00,0x00,0x00,0x00,0x00,0x00,0x00,0x00,0x00,0x00,0x00,0x00,
    0x00,0x00,0x00,0x00,0x00,0x00,0x00,0x00,0x00,0x00,0x00,0x00,0x00,0x00,0x00,
    0x00,0x00,0x00,0x00,0x00,0x00,0x00,0x00,0x00,0x00,0x00,0x00,0x00,0x00,0x00,
    0x00,0x00,0x00,0x00,0x00,0x00,0x00,0x00,0x00,0x00,0x00,0x00,0x00,0x00,0x00,
    0x00,0x00,0x00,0x00,0x00,0x00,0x00,0x00,0x00,0x00,0x00,0x00,0x00,0x00,0x00,
    0x00,0x00,0x00,0x00,0x00,0x00,0x00,0x00,0x00,0x00,0x00,0x00,0x00,0x00,0x00,
    0x00,0x00,0x00,0x00,0x00,0x00,0x00,0x00,0x00,0x00,0x00,0x00,0x00,0x00,0x00,
    0x00,0x00,0x00,0x00,0x00,0x00,0x00,0x00,0x00,0x00,0x00,0x00,0x00,0x00,0x00,
    0x00,0x00,0x00,0x00,0x00,0x00,0x00,0x00,0x00,0x00,0x00,0x00,0x00,0x00,0x00,
    0x00,0x00,0x00,0x00,0x00,0x00,0x00,0x00,0x00,0x00,0x00,0x00,0x00,0x00,0x00,
    0x00,0x00,0x00,0x00,0x00,0x00,0x00,0x00,0x00,0x00,0x00,0x00,0x00,0x00,0x00,
    0x00,0x00,0x00,0x00,0x00,0x00,0x00,0x00,0x00,0x00,0x00,0x00,0x00,0x00,0x00,
    0x00,0x00,0x00,0x00,0x00,0x00,0x00,0x00,0x00,0x00,0x00,0x00,0x00,0x00,0x00,
    0x00,0x00,0x00,0x00,0x00,0x00,0x00,0x00,0x00,0x00,0x00,0x00,0x00,0x00,0x00,
    0x00,0x00,0x00,0x00,0x00,0x00,0x00,0x00,0x00,0x00,0x00,0x00,0x00,0xF8,0xF8,
    0xF8,0x02,0xFA,0xFA,0xFA,0x0A,0xFB,0xFB,0xFB,0x1C,0xFD,0xFD,0xFD,0x34,0xEC,
    0xF3,0xF3,0x56,0x35,0xBA,0xBA,0x83,0x00,0xB8,0xB8,0xA7,0x02,0xB8,0xB8,0xBC,
    0x01,0xB8,0xB8,0xD0,0x00,0xB8,0xB8,0xE1,0x02,0xB8,0xB8,0xF4,0x07,0xB7,0xB7,
    0xFE,0x14,0xB6,0xB6,0xFF,0x02,0xB8,0xB8,0xFF,0x03,0xB8,0xB8,0xFF,0x14,0xB6,
    0xB6,0xFF,0x06,0xB7,0xB7,0xFE,0x02,0xB7,0xB7,0xF3,0x02,0xB7,0xB7,0xE1,0x03,
    0xB7,0xB7,0xD0,0x04,0xB7,0xB7,0xBC,0x04,0xB7,0xB7,0xA7,0x38,0xB9,0xB9,0x83,
    0xEC,0xF1,0xF1,0x56,0xF8,0xF8,0xF8,0x35,0xF4,0xF4,0xF4,0x1C,0xF0,0xF0,0xF0,
    0x0B,0xEB,0xEB,0xEB,0x02,0x00,0x00,0x00,0x00,0x00,0x00,0x00,0x00,0x00,0x00,
    0x00,0x00,0x00,0x00,0x00,0x00,0x00,0x00,0x00,0x00,0x00,0x00,0x00,0x00,0x00,
    0x00,0x00,0x00,0x00,0x00,0x00,0x00,0x00,0x00,0x00,0x00,0x00,0x00,0x00,0x00,
    0x00,0x00,0x00,0x00,0x00,0x00,0x00,0x00,0x00,0x00,0x00,0x00,0x00,0x00,0x00,
    0x00,0x00,0x00,0x00,0x00,0x00,0x00,0x00,0x00,0x00,0x00,0x00,0x00,0x00,0x00,
    0x00,0x00,0x00,0x00,0x00,0x00,0x00,0x00,0x00,0x00,0x00,0x00,0x00,0x00,0x00,
    0x00,0x00,0x00,0x00,0x00,0x00,0x00,0x00,0x00,0x00,0x00,0x00,0x00,0x00,0x00,
    0x00,0x00,0x00,0x00,0x00,0x00,0x00,0x00,0x00,0x00,0x00,0x00,0x00,0x00,0x00,
    0x00,0x00,0x00,0x00,0x00,0x00,0x00,0x00,0x00,0x00,0x00,0x00,0x00,0x00,0x00,
    0x00,0x00,0x00,0x00,0x00,0x00,0x00,0x00,0x00,0x00,0x00,0x00,0x00,0x00,0x00,
    0x00,0x00,0x00,0x00,0x00,0x00,0x00,0x00,0x00,0x00,0x00,0x00,0x00,0x00,0x00,
    0x00,0x00,0x00,0x00,0x00,0x00,0x00,0x00,0x00,0x00,0x00,0x00,0x00,0x00,0x00,
    0x00,0x00,0x00,0x00,0x00,0x00,0x00,0x00,0x00,0x00,0x00,0x00,0x00,0x00,0x00,
    0x00,0x00,0x00,0x00,0x00,0x00,0x00,0x00,0x00,0x00,0x00,0x00,0x00,0x00,0x00,
    0x00,0x00,0x00,0x00,0x00,0x00,0x00,0x00,0x00,0x00,0x00,0x00,0x00,0x00,0x00,
    0x00,0x00,0x00,0x00,0x00,0x00,0x00,0x00,0x00,0x00,0x00,0x00,0x00,0x00,0x00,
    0x00,0x00,0x00,0x00,0x00,0x00,0x00,0x00,0x00,0x00,0x00,0x00,0x00,0x00,0x00,
    0x00,0x00,0x00,0x00,0x00,0x00,0x00,0x00,0x00,0x00,0x00,0x00,0x00,0x00,0x00,
    0x00,0x00,0x00,0x00,0x00,0x00,0x00,0x00,0x00,0x00,0x00,0x00,0x00,0x00,0x00,
    0x00,0x00,0x00,0x00,0x00,0x00,0x00,0x00,0x00,0x00,0x00,0x00,0x00,0x00,0x00,
    0x00,0x18,0xAF,0xAF,0x01,0x11,0xB3,0xB3,0x05,0x08,0xB6,0xB6,0x0E,0x04,0xB7,
    0xB7,0x1C,0x0C,0xB5,0xB5,0x33,0x13,0xB4,0xB4,0x5C,0x16,0xB4,0xB4,0xCE,0x0B,
    0xB5,0xB5,0xC6,0x09,0xB6,0xB6,0xC5,0x17,0xB4,0xB4,0xCA,0x13,0xB4,0xB4,0x59,
    0x0F,0xB4,0xB4,0x32,0x10,0xB4,0xB4,0x1D,0x15,0xB2,0xB2,0x0E,0x20,0xAC,0xAC,
    0x05,0x2D,0xA0,0xA0,0x01,0x00,0x00,0x00,0x00,0x00,0x00,0x00,0x00,0x00,0x00,
    0x00,0x00,0x00,0x00,0x00,0x00,0x00,0x00,0x00,0x00,0x00,0x00,0x00,0x00,0x00,
    0x00,0x00,0x00,0x00,0x00,0x00,0x00,0x00,0x00,0x00,0x00,0x00,0x00,0x00,0x00,
    0x00,0x00,0x00,0x00,0x00,0x00,0x00,0x00,0x00,0x00,0x00,0x00,0x00,0x00,0x00,
    0x00,0x00,0x00,0x00,0x00,0x00,0x00,0x00,0x00,0x00,0x00,0x00,0x00,0x00,0x00,
    0x00,0x00,0x00,0x00,0x00,0x00,0x00,0x00,0x00,0x00,0x00,0x00,0x00,0x00,0x00,
    0x00,0x00,0x00,0x00,0x00,0x00,0x00,0x00,0x00,0x00,0x00,0x00,0x00,0x00,0x00,
    0x00,0x00,0x00,0x00,0x00,0x00,0x00,0x00,0x00,0x00,0x00,0x00,0x00,0x00,0x00,
    0x00,0x00,0x00,0x00,0x00,0x00,0x00,0x00,0x00,0x00,0x00,0x00,0x00,0x00,0x00,
    0x00,0x00,0x00,0x00,0x00,0x00,0x00,0x00,0x00,0x00,0x00,0x00,0x00,0x00,0x00,
    0x00,0x00,0x00,0x00,0x00,0x00,0x00,0x00,0x00,0x00,0x00,0x00,0x00,0x00,0x00,
    0x00,0x00,0x00,0x00,0x00,0x00,0x00,0x00,0x00,0x00,0x00,0x00,0x00,0x00,0x00,
    0x00,0x00,0x00,0x00,0x00,0x00,0x00,0x00,0x00,0x00,0x00,0x00,0x00,0x00,0x00,
    0x00,0x00,0x00,0x00,0x00,0x00,0x00,0x00,0x00,0x00,0x00,0x00,0x00,0x00,0x00,
    0x00,0x00,0x00,0x00,0x00,0x00,0x00,0x00,0x00,0x00,0x00,0x00,0x00,0x00,0x00,
    0x00,0x00,0x00,0x00,0x00,0x00,0x00,0x00,0x00,0x00,0x00,0x00,0x00,0x00,0x00,
    0x00,0x00,0x00,0x00,0x00,0x00,0x00,0x00,0x00,0x00,0x00,0x00,0x00,0x00,0x00,
    0x00,0x00,0x00,0x00,0x00,0x00,0x00,0x00,0x00,0x00,0x00,0x00,0x00,0x00,0x00,
    0x00,0x00,0x00,0x00,0x00,0x00,0x00,0x00,0x00,0x00,0x00,0x00,0x00,0x00,0x00,
    0x00,0x00,0x00,0x00,0x00,0x00,0x00,0x00,0x00,0x00,0x00,0x00,0x00,0x00,0x00,
    0x00,0x00,0x00,0x00,0x00,0x00,0x00,0x00,0x00,0x00,0x00,0x00,0x00,0x00,0x00,
    0x00,0x00,0x00,0x00,0x00,0x00,0x00,0x00,0x00,0x00,0x00,0x00,0x00,0x00,0x00,
    0x00,0x00,0x00,0x00,0x00,0x00,0x00,0x00,0x00,0x00,0x00,0x00,0x00,0x00,0x00,
    0x29,0xA6,0xA6,0x01,0x1A,0xB1,0xB1,0x08,0x17,0xB1,0xB1,0x06,0x14,0xB2,0xB2,
    0x06,0x1A,0xB1,0xB1,0x07,0x00,0x00,0x00,0x00,0x00,0x00,0x00,0x00,0x00,0x00,
    0x00,0x00,0x00,0x00,0x00,0x00,0x00,0x00,0x00,0x00,0x00,0x00,0x00,0x00,0x00,
    0x00,0x00,0x00,0x00,0x00,0x00,0x00,0x00,0x00,0x00,0x00,0x00,0x00,0x00,0x00,
    0x00,0x00,0x00,0x00,0x00,0x00,0x00,0x00,0x00,0x00,0x00,0x00,0x00,0x00,0x00,
    0x00,0x00,0x00,0x00,0x00,0x00,0x00,0x00,0x00,0x00,0x00,0x00,0x00,0x00,0x00,
    0x00,0x00,0x00,0x00,0x00,0x00,0x00,0x00,0x00,0x00,0x00,0x00,0x00,0x00,0x00,
    0x00,0x00,0x00,0x00,0x00,0x00,0x00,0x00,0x00,0x00,0x00,0x00,0x00,0x00,0x00,
    0x00,0x00,0x00,0x00,0x00,0x00,0x00,0x00,0x00,0x00,0x00,0x00,0x00,0x00,0x00,
    0x00,0x00,0x00,0x00,0x00,0x00,0x00,0x00,0x00,0x00,0x00,0x00,0x00,0x00,0x00,
    0x00,0x00,0x00,0x00,0x00,0x00,0x00,0x00,0x00,0x00,0x00,0x00,0x00,0x00,0x00,
    0x00,0x00,0x00,0x00,0x00,0x00,0x00,0x00,0x00,0x00,0x00,0x00,0x00,0x00,0x00,
    0x00,0x00,0x00,0x00,0x00,0x00,0x00,0x00,0x00,0x00,0x00,0x00,0x00,0x00,0x00,
    0x00,0x00,0x00,0x00,0x00,0x00,0x00,0x00,0x00
};
